row,sha256,label,source,split
0,6026ce9637a7437da24710b07eed2d1709ef85a90987d9a2e74b8f490a1d1a54,non_stereotype,goat_offensive,train
1,f634b3978123ea17656b6754b5f1a60d351ae456bd107650244532dc34bec5fe,kitchen,wbms_kitchen,train
2,dc5268f878f6ac6eaf865b7010a3ac3e17c312ea4eb98dae553229b71e01085e,kitchen,wbms_kitchen,train
3,49fc33a0a897be1fa5624d7938001f14b3f83359c03739ba7ecebd01048a914d,kitchen,wbms_kitchen,train
4,582f94d33ca1e88906ef8c6f8ae95afc2e86c9c1bc89a2277d4a198da81e0e87,kitchen,wbms_kitchen,test
5,7e45d04b03880365ce1f50ffaa9ac4cedeadc01ffd77e7e95af67f219247fd75,leadership,wbms_leadership,train
6,32d1186f6996d2c3df600f207fba322b45c3fc18f38ea0d87a617da5f8fb605a,non_stereotype,goat_harmful,val
7,d04ae1aa2592470ac1b62af8d02fb01971528ff4278b35652a0838edb3b87bb7,non_stereotype,goat_offensive,train
8,fde97f6ec5904ddb92f9084dbc45490e0f4e7659ad632e18876a2115c80ccb27,kitchen,wbms_kitchen,train
9,55e1e64b55c24b5ea76930fb6d8b4220cee4985f1f3a0c7fae0a78817a6ae744,kitchen,wbms_kitchen,train
10,7af3145e68f7f7e63e279c69ca6d2f4f1e0e54166403e7dd5cc3cca9c2cab640,working,wbms_working,train
11,0e493b5c34b97a54ad9b67789386e826b362d565d3ef4784c376f1912a05106e,non_stereotype,goat_harmful,train
12,dd1113b7befae7e67ec4c64182ab06e28e9a37688ae55cd6bc0f3b23e897c8d9,kitchen,wbms_kitchen,val
13,a6cb14d8b17c4e60b50d8dfac0a1dd0f970e91bab248acf1435142ed26f41e2b,working,wbms_working,train
14,bca821b5b099e67afa33409ed2e726bd678cba615e22add38f052248d28a1d1c,leadership,wbms_leadership,train
15,4325563a05c7ee059e05508d514c67b8d9d693e5e24e0e0c41dad7c48bf237f2,non_stereotype,goat_offensive,train
16,af1e4af00558246c577948dabb73b472d43939d7a14decb62f6ad7724a729ca5,non_stereotype,goat_offensive,train
17,5c20e5a89d7c4b2ab5856646c6901c2bc8a80aa36105c08c3fb201e0d14d1043,non_stereotype,goat_offensive,train
18,618a90120e552459ddb69bdca7a7e42dcf9141747a25de4b17a92c3230f9fbf6,working,wbms_working,val
19,0f62b2deb16d38a0fe3d7d8c2e6c6838cae93d669a209c3c90a9f000b7795073,kitchen,wbms_kitchen,val
20,4186bdc98141b1c1145cd834a6e842edb57fd21c7758a80305badf227b19779a,leadership,wbms_leadership,val
21,01de227f7cda65a58387bb87a291a941374ab2d6107e4240abb91791a61911f3,kitchen,wbms_kitchen,train
22,2b6f1f2a4e2a4c1367b2047509c4e81b6a680af55c6d47b5319821983652fee6,kitchen,wbms_kitchen,train
23,70d7ea06ec0291712fb441cbf15c82b8342ff893761d728dfbcd861cb5874dd7,kitchen,wbms_kitchen,val
24,ef23d95d72c3da831b15748eda764e1ab4b21042902fc9e325887059a64f395c,kitchen,wbms_kitchen,train
25,e630f278d3a04183316599cd36dd0e7b8025f7f2a0bbdcb64d344353ff15153e,leadership,wbms_leadership,train
26,ffa3ea66b2bd9b3f5d00955b3f5fcc2e72f67dec9a9fbe27e19907d8b8b59c15,non_stereotype,goat_harmful,train
27,0bc5de364136ef43108c54d75b15a9b4ca2f74135b133fbda731cce856ff5f83,kitchen,wbms_kitchen,train
28,5220a19a5f66a3a80a983b244aee661e0a100cae52923e4f534b3ba7bee9db5a,non_stereotype,goat_harmful,val
29,27bfbf1b9553fd32d33a6b7261f9c92ac035ae6468b36b3b826ee2190e276353,kitchen,wbms_kitchen,train
30,1e99702097342ffbecb98dd59e1b0bbde92747cf2441abfbd573cf493d5c78a4,working,wbms_working,test
31,0525d06081cde589c7c5bb7caffc14bdda774b774d2561794951f6b235c1999b,non_stereotype,goat_offensive,train
32,56984b6dc3f5db8e40a3abeec9b59167eba81f888ee5efdd3cccf9c97052df8d,kitchen,wbms_kitchen,train
33,f49759b16556c9239cbdec8653550cad1f455ff2439061980942500af5ac03a2,working,wbms_working,val
34,80fa939306c6aecf7aa9edbceeedec41ac9a7e519b573ad151b097e7ca3b9b21,kitchen,wbms_kitchen,train
35,5c61003489096f6e8fc57be934cbdbb2da8f78a775d36522537453f21cc8b548,working,wbms_working,train
36,f3cb2da510697e478f55ddcb2430d5013d07e65b698d306e601e4ed4f24f08fa,kitchen,wbms_kitchen,val
37,efd10a5969f8442e3416c9962383f8e2dd051cf4690d4de5db1a452e0e068549,non_stereotype,goat_offensive,train
38,7752f1fbf58c78ca50dbc5e9188bdbb19805a1e274d4aeebd9e7b4d68c0ebfb1,kitchen,wbms_kitchen,test
39,c6d18b48ed77921e0c20b9e480411dd1e724f703d7d696007ad613be0a1b78c5,working,wbms_working,train
40,1a2aa4c966ed1a5a8a9e1c8c19e649f9cb5a3e0eee81b1499252c206c81c4d8f,leadership,wbms_leadership,val
41,c07ee46a0df8ec27e9c9629b0f8cfe0085eddb16f03e326218a2269598c8ad9e,working,wbms_working,train
42,e6b0c7c4b6ac37ae02a9fb695e5e6a4732119b330dfb5eec0bb2ae6e084ede14,non_stereotype,goat_harmful,train
43,764a6583a1d73056c27594a014f282fcbae542dcf90de4be7da7f339faec8b74,kitchen,wbms_kitchen,val
44,3ff0bea7971efc6d4c61e8cfb4463ce0b15b2ea821666f9d1137383a4ad24f25,kitchen,wbms_kitchen,train
45,c2a25ba88abcc11086179af8efb0d2c9329deb6d05a5f18c70d2995ccaa61494,kitchen,wbms_kitchen,train
46,5f763c8a61dda678489b3e15a46da6dc122d13314f6e648261e9232c4dbe2fae,non_stereotype,goat_harmful,train
47,6cf5a5d4e3492b063749506aba6c6ac1ab769e9ee2e4d04b7221866c0352a69f,working,wbms_working,train
48,7307a40f46442689af3c822717e67fba0f827b0e983cd48e4e13094ee1dfc6f3,kitchen,wbms_kitchen,train
49,7392afa0f5d32e7adc229744594e23036fa14dd60be6ecf354ab44e668003331,kitchen,wbms_kitchen,train
50,003e29e39b15185b5aa752734bf323ef78edb1bee89a1d44b30c269c8f07b84c,kitchen,wbms_kitchen,train
51,593bec4ba457be026911f8b927cec27b7238720c2de99d5ec7b1097cebdeca37,kitchen,wbms_kitchen,val
52,48ad211ed30aa6f1c9cd0d23931bf78fafe5ae44505c642e084d3c8d4abcedc4,non_stereotype,goat_harmful,val
53,85dd5c9f5e783ddc2c905d0e54ca39e9832bdeadd5bfbb8d07439e1f8df9a4be,shopping,wbms_shopping,val
54,3b9a5ffac6b79b33d6843c7fb94c19ba7ec4cd346bd9c109883201636cf7576c,working,wbms_working,train
55,0561cfc9826a90b81c3a12a43e8fecd3dcb5cd1e9702598153eca1d4b62d0fe8,working,wbms_working,train
56,c118730ca938e56c40cf596840319718778aa67b72d73a7c1f3e5dac9ae73053,non_stereotype,goat_harmful,test
57,940b1092db4cac22e80e3b8ca1950fd0474ab1d117eb399e81462cf0fcff839d,kitchen,wbms_kitchen,train
58,97b73ead18cfad16bbbbe0bb5f7570906e350ea1ab03560eeacd2604cdaec5f1,non_stereotype,goat_offensive,train
59,45f4bccb6099366898fdd7c0d672b337c134054ddb2d6afbc69169342a4995d4,non_stereotype,goat_offensive,train
60,e1ad10b719dce01b326fee370376e1adec80e3955b048b671309ee8222f473a8,shopping,wbms_shopping,train
61,a97b59f406d23ba33af2fc547478441a52e6dbc7045db9660e8d076bbdaa95f2,kitchen,wbms_kitchen,val
62,fc3bb548552b4eb53553e0d40c8a9b8de94ff3116c9f9baa1b575bc6dbd94222,leadership,wbms_leadership,train
63,045b97b1660f4217f03562cff3d25965389a64fcff2e2d53be907af04c4bc3b6,non_stereotype,goat_harmful,train
64,fa3bd58e40b1e5e1c16f0769c8416224c1be806f2e9916611d523bf0dd111cd1,kitchen,wbms_kitchen,train
65,0824448fb72c977438f7c6653807522606d199d85804f239d3f7a77acca23ae2,kitchen,wbms_kitchen,val
66,efa67c7f39a4dd8308ad8314a464d2f4c30e9a0e3fef5d4f73bc3d223eaf3bff,leadership,wbms_leadership,train
67,36cc541cd48b2571109e4059ff00e6b53ed85fbdd8f301b22f0b31a3f7628424,kitchen,wbms_kitchen,train
68,33b152832f55fa3b90602d7bb9e9b9c6b643e359b4a1a11fcb9826dbe5f345ac,non_stereotype,goat_harmful,train
69,639230f0d387b80c23e573bc79fdf007b95b8e3f499296ba5892021facb3b264,kitchen,wbms_kitchen,train
70,1144807d076a0e227687501cc51c56a4bdd995d363885e3b8923ea0a33957af2,non_stereotype,goat_offensive,train
71,d37512b568e3573594385a258b57efc905cafcb51b295696e49c71ad9bfbd38c,kitchen,wbms_kitchen,val
72,0b8270bd786cc6a7615acc2852b557b64f4056ffd9ebb2afdb9b5df20cb89b8c,kitchen,wbms_kitchen,train
73,164077123a8e77ee652aa8a214c6a626d474ef7fff2ec592f58024d7ac76dfb8,leadership,wbms_leadership,train
74,1a3e3ff51054db69c78440a5a10f5180e13beee8a8552deec29ec3fe5df8d64d,non_stereotype,goat_offensive,val
75,43ec55de4b1ec9e0057e7fef3307a7cb6063fb2da6338bcc471da0d615b578e2,leadership,wbms_leadership,train
76,ddf6843bff86cbe944ff9ededf73d92efb11b3a63cd787c489125dff82e59011,non_stereotype,goat_offensive,val
77,22d1a04dcd0f90c86ebfa9c6ed01af0af2fdaa78a1f7775169fbc75d467534cc,kitchen,wbms_kitchen,test
78,9d15174af04a261f26a8445f24bbc965c2091feb82323bb4239b5da2e6f60435,kitchen,wbms_kitchen,train
79,ecb650b8a707cb1717836f08a4f784d32f3b2459979e6c468a6325a16fdeed50,working,wbms_working,train
80,85d395cbf0707661077c5a5e40114f3ffc4dc64538e713d34461ec8f8c2ac240,kitchen,wbms_kitchen,train
81,2b1ecaac02b306580baf44746632865a7f0a7b9b749ed0183618cedacacfa748,leadership,wbms_leadership,val
82,56ca7453f433568bd92bcbcdb2547831c260f23829d009201744976fc6e6b5b8,shopping,wbms_shopping,train
83,21f975f997c854b0e96325a54ec3836af77bdc93da19a38037877d30b8cfc7b7,non_stereotype,goat_offensive,train
84,fbb99188b3bba0035dfd3d15d2d3de46f58dcc86b3f0c5da2bc0fd722db3c857,kitchen,wbms_kitchen,train
85,c0053ae5f69b1417b07ce131a457f0f447f49c4fa6b7277bb15c9a4f5c3cfde4,kitchen,wbms_kitchen,train
86,7d43a6d8e8cd874c4d4d1afc79277f35243dd4fe90e787ddcb67973a542c4627,working,wbms_working,train
87,736b85ad8ec9bf915f15113bad579504dfe252ceb196275223fc5b9443d9544c,non_stereotype,goat_harmful,train
88,90d90fa7a1d0e2bef311176ac8052b35b259f4ebf3ff440a802e6d62a6ad0680,kitchen,wbms_kitchen,val
89,aebe19f767036d68194d8766cb482ab3f3a7e5e651f053a4ba946e4c893ed832,non_stereotype,goat_offensive,train
90,96ca22e4ebc5009a3a7470cf2c9b257dde4a9e2f4a1e1795920642ae85dff5ed,non_stereotype,goat_offensive,train
91,bee8f2f5a3443f835d6aa2a35bf52d4ece4402c69b752acf71fb4e872e1a3156,kitchen,wbms_kitchen,train
92,9b5a7d919f27769272f5b493f58d9c53ceb8d9674d56f3fe23859f76c3b2ccad,kitchen,wbms_kitchen,val
93,d437ed624852043f4a2581a609bf2ecfbb8e1a42c74f90647f732167021ab7af,non_stereotype,goat_harmful,val
94,5aedb69445b5e7c6cbbd2a5fd932b244a81eb7552012ed26c7eaea9c8390a8ed,kitchen,wbms_kitchen,val
95,f05eadc6913d565d9f67000477f956156b4dfd7540c0aacddf74147ccfdc4748,leadership,wbms_leadership,val
96,9b5c3ac2d01dbaabd661431dc223f6386e7724c090b7bcaecc92269b917cba97,working,wbms_working,test
97,3a9946cd43e79f399f1d6782f1dd25d08ebf70da20fce2001587ed921c458aea,leadership,wbms_leadership,val
98,8bc7189ca51fc8977a8cfdff8045936545cb63201bf80b18bdbb7ccee5e6bf43,kitchen,wbms_kitchen,train
99,401096b2207fb6b2d5a2ff5f7d804374cd92b347520a063188937bbe7ba77b15,non_stereotype,goat_harmful,test
100,780c2cfe1a33842ebda39710f6f165517d03a03ab360c4804084eb00cd3ca02d,kitchen,wbms_kitchen,val
101,15a37b8f91b907f54e7069597bc6d7899b28c94f2851e4e648b0a9f3680d5486,leadership,wbms_leadership,train
102,70511950defabd6ec687952be975d469438edb2bbb5c8838aa8d367e7be295d4,kitchen,wbms_kitchen,train
103,6b193d87b982e74fdaad67d8adb95c02f93e9a51e3d6d7fd6426166d79a10e92,non_stereotype,goat_offensive,train
104,0b4cf704b011f96ac11e71e27e440d03e7e860db8448e80417f723d13f85f7bd,kitchen,wbms_kitchen,train
105,edf60afeed3229b10ba2e2b16f5a2b9373d8b2a0c6f749c19131bfe76ee81555,working,wbms_working,train
106,e22de4bfc252905f2e919c6321131e9abb9740f7def4453eb200d58bc0ddfb3d,kitchen,wbms_kitchen,train
107,a71dedbf34f13999cab26e9c8a19d339ed1eb74acda43df8892f8afc19f01273,leadership,wbms_leadership,train
108,15395cee96c3f4707b56300469186b0f44b29553fb50f97b97621c9f2e11b3aa,non_stereotype,goat_harmful,train
109,2a53fc2a19624e4c28b6887989d98a732bc444bd7f960ac1563ad650e0568f6b,non_stereotype,goat_offensive,train
110,6606b1a30d01e7c136151ee93329919d5296550d1a145d25fbb79c9dbab2d694,working,wbms_working,train
111,1c9e47dfc18c504bb46462c792306375e06d8139eb637da4d304f9d663095bff,kitchen,wbms_kitchen,train
112,28fb35674e12fdcf228203108a7f196c04b1d4996e7b5e951839c631bfde68cc,leadership,wbms_leadership,train
113,67fa05aa5496bcd03e3458b6f2232b317b3a687b2b5f7743c7cea74939792027,non_stereotype,goat_harmful,train
114,95e206b5dfb28f451c346056c762ee2fa8d1ec1e82be9f6847116717b7ad598e,non_stereotype,goat_harmful,val
115,b340a41c6e933668c8860f76afc09246ab41ffa0506ba4f5bcba43346edf9234,non_stereotype,goat_offensive,train
116,936cd874a9314bb138f60bdfe5a10b22c6ca98c2b53f3eeb04cfd8b4af2f32f2,leadership,wbms_leadership,train
117,802ea659d8bcd7b3f47ca1c49ca59045f6cbe9b57687f0999b0c591d4f93a94e,non_stereotype,goat_offensive,test
118,f22c6fb17ce8d0ba2c2b5d5140d3d05cc6b46e0efda94e8cd8a59e5edef2a37f,working,wbms_working,train
119,f5f2da1b9c6be434e47fb102e794edab9d0cee7f863a8b4c0fd1ba363b6ba07b,non_stereotype,goat_offensive,test
120,b9915423c7b87d0e4dbe4ba3442f72d8ff94ee64738d9f3935f5f4406565c97c,kitchen,wbms_kitchen,train
121,019319d7facf48cdae9db75077a7b5235e801750dc75df37432737658d61f2e1,working,wbms_working,train
122,d3b12c0baf4f5b9c1241dd548392ae0070d1d5d85400fa29c1e03407dd68ca35,non_stereotype,goat_offensive,val
123,e0366cd6c5d436c13e2412a403dba722196ac1033314a52e1bb0c281d06d02ab,kitchen,wbms_kitchen,train
124,6f3634adb8961b19817a9b3ae8ffc081976eb5d140974fe482d1c8a6a0fb4c9c,shopping,wbms_shopping,val
125,0cdb1b2c51455a9fc29c4a391d0ba7106895c3d62d422dd4538c892faf607e46,non_stereotype,goat_offensive,val
126,c8e8b603f40a96c812b50424e8303624c20f340bc58a2a2205dabe1ad39dd8b1,kitchen,wbms_kitchen,test
127,3dc1740a50c8f5607ad375d3a34365fa7c5e2e11704f08aa5251b34fd01f7767,kitchen,wbms_kitchen,train
128,b15d5ee65c5eaafc7dce5739c1ceac2e56a22b1449c2a2b2cba74762fe552b6b,non_stereotype,goat_offensive,train
129,b279da2097812d18e098f6375014e748f2f0db52f880f9c8b3d8cdb55e5de924,shopping,wbms_shopping,train
130,e99459309b7ad40de68dd7eef20be0f78a6ff1d2d32f607f889a1d60ea624390,kitchen,wbms_kitchen,val
131,863d52fd3cbb0f2a4f9302569f6ecc3fcf6ff99302d9ef993fe4950208942925,non_stereotype,goat_harmful,train
132,8416ce96501fae7f6bc85d03298c2aa1e0d8f9c2f7ea415584d12364f613aefd,kitchen,wbms_kitchen,val
133,d54d687fe056ce29c63d1da54437463aa3cdaa75409c7f421ce01bb5a8d42973,non_stereotype,goat_offensive,val
134,3d503729d1adcfe6b00ab21f02f47923dd320a5e8c72cf078a443afef7718a0f,kitchen,wbms_kitchen,test
135,d1bdf17313f27a61ea7d0ee27bc8bdf801886f07dd2e24e00f26d260603661a3,kitchen,wbms_kitchen,train
136,c85af1d4ab13a9e86b7936188e706c18fe8c0d2ff94567fb870e9f7700fc2eeb,working,wbms_working,test
137,75021de508b80bac3e8de4b0934c1182c28cfdb9603dcc543badcbcc06a34fbb,working,wbms_working,val
138,27c86d96c906604c6c08522f24e276ffc2be5ba06c3ba59367b0c4144c6aadea,non_stereotype,goat_offensive,train
139,9e8528d04736bd9c6b3f3e35d45c7f1284bca67f71d905aa96e169f8b9ebc649,non_stereotype,goat_harmful,train
140,02bd04e056ee4e341deae0c00d5c03842ddccc5834be54705d893c3ca6a188b1,non_stereotype,goat_offensive,train
141,66288e9cf068a0bf8bd5f52e9070111b248bdd3a050272400d4f9900bf27d368,working,wbms_working,train
142,9707f2e5dac25d4dad19f27aa0b9f27dc8aef7b2285e0a409efe7ec99dcd57b7,kitchen,wbms_kitchen,train
143,f458b663fe6d8788f6306da946b7b0529d7af055de40e9b7cf2c1dc5fd41f707,kitchen,wbms_kitchen,train
144,5991f0d5291e87be905a1c25996b93b7d9ab32e9fc5b64342f9faa1a592a4749,leadership,wbms_leadership,train
145,641a7ab68074e735b26bcccd4298f114bda4250892ca52a4745bcbfd587c1895,non_stereotype,goat_offensive,train
146,3a29ea690573f1d2ac124810502bc7cf73ddcd9a76f78f2b71a339c25fc39519,kitchen,wbms_kitchen,val
147,ca5be645c54e22385c935b4b6c9dd9e2cc49e79ef20ed205ada7ad1e880dd126,kitchen,wbms_kitchen,train
148,e9729a41c620717848b93028ad0baccf20fbcc10c506b65f8fb76de4d7c29385,kitchen,wbms_kitchen,val
149,01ca7146b04d397a32ed88c593325373fe4cd75303a259fd6e0d6695262d0088,shopping,wbms_shopping,train
150,fd50e752f65219e5057f0509c4bfce51d018a24980ebca09476fb31675986053,non_stereotype,goat_offensive,train
151,4e41baf6b8bce694038cffa3ba3ff716e8cff62baf00a8aaedff949f04102742,kitchen,wbms_kitchen,train
152,0d28ba1f28a0e7fec8e8d5a09482b4189432b218e40a39fe21c3919755238494,kitchen,wbms_kitchen,test
153,d80048075f5185dd0af0abadc2045af535ecd045a1b81b9516d980367bf8bf95,non_stereotype,goat_harmful,train
154,4654772e2d973d748a9f0351116e4ae284c992aa0622bb6b9931a5e5892405cc,kitchen,wbms_kitchen,train
155,b9b5d0f8ceac845504690a5b8166292afcd2189a01ff506becc2c588b393f425,kitchen,wbms_kitchen,train
156,d0bde8713d39dab947b5f85d8971e3912cc6788d499110f736af49ea1c9e3b0d,kitchen,wbms_kitchen,train
157,0c5500ebc730eefb32c48feed8b50510f03f8bcf9012baf6b54755510d1ab966,kitchen,wbms_kitchen,train
158,8c4f4bb74cd0e4fde2085632baceee7fc3d994d3481bea1f4c15902412a328f3,kitchen,wbms_kitchen,train
159,e4005ace99420d777e8fc1e47a3e75da0574140303749d65b29fc2ef4f6a78ee,kitchen,wbms_kitchen,val
160,1a9f0f40df5960bd6d3552a18c69fb5c78efcfba7aad2f08a1b27d6078aa1f7a,non_stereotype,goat_harmful,train
161,aa92516caf0511e10011242a1086b9e485287145e0796445a1d79cfb4655bae6,working,wbms_working,train
162,001caf8180f0c2d44d36cdbeee194a36a83384afb4072ea5698b771ad42d3d55,kitchen,wbms_kitchen,train
163,38d9206c79b8659bedecd2a38c1be3451e943bc9eca6188e062540a1e9d39079,non_stereotype,goat_harmful,train
164,d76d56f119715ff8d527dcd8c4a5ea62488491aaa80688d4b4387d79f4990b65,non_stereotype,goat_harmful,train
165,fb195eecee0d705497c891725494d4836f5a753956aac815c50d7e7ca791cadb,non_stereotype,goat_offensive,train
166,95f812971ebebb9bbc3f59309a09d26c67dc786f4a02fdabcf3a2b66b18efd6a,non_stereotype,goat_harmful,train
167,06e902867455a6eebf141eecb3ff67c4445e0fa5db617434e24880ab99f4b718,non_stereotype,goat_harmful,val
168,7cb334b90ba3b1a4fc0aee9d9b6609dd6120aca04edc147b49c42091d3ec8649,non_stereotype,goat_offensive,val
169,84a0c0d4a396a2a946bc92c29b010b04c21fc74d44f6d117be6f3431c34e0e5e,non_stereotype,goat_offensive,train
170,f86649cce28327fe12b60733bedec8bf8c7bc3cc341078a3d41e0e1ec48e2067,non_stereotype,goat_harmful,train
171,e85b80906222bfb4c53033abd80658912e2c1549ceba14eeba2dbea364568c51,non_stereotype,goat_harmful,train
172,f6f52afe33503222982f8dcd4331ad74d1965e58892ea14c3cf614ce9b900a08,leadership,wbms_leadership,train
173,eb9a71dbd8c22dd83f834115a8c4b88c5cb2c6af5362098fc4a45d88a7a1dbbc,working,wbms_working,train
174,324524134e5920fb74131c624210bea1882cb43549065b70c022ceadf1c84a89,leadership,wbms_leadership,val
175,b6798bbd349d17a16d937b098e5775677f4d6e01a284b19f5640dd1bf31fcc81,non_stereotype,goat_harmful,train
176,bddd8d76d6585eb483bfd333fae8c5d4cb97bfddcd804cebb4cb01dfe2ccf380,non_stereotype,goat_offensive,train
177,baf97b891544ef54e45a05f60d1e43b8e232259e1c1e9be99a7f52d6b72f7897,kitchen,wbms_kitchen,train
178,8e3869b32cfece05c912046b55a7da695374513448a562f80931514add337c90,non_stereotype,goat_offensive,train
179,ddb2c4f053c6ef6741620a5865491b62af56c332daf093a2ed2a6859b2a6882b,kitchen,wbms_kitchen,train
180,a98cadfe1dbbd0f64f5d5e22a17268bff0a838dfc529219e86634d07c6e93f32,working,wbms_working,val
181,a1fe386dd61e588d165a0b395cd543e235d020c725c4910ceada0b0a1fe6a542,kitchen,wbms_kitchen,val
182,b971daa188fb9696f7903915b5f977fe22b004970fa3991d2191f5a3bd95295c,kitchen,wbms_kitchen,train
183,3dd9593cf6f870b9bd08f0ea8a7c2ea1e1302dd8f1869ff282eba9dd3b3efb88,working,wbms_working,train
184,17cbe98fa00cd9ec077be34902d61e2e0cd544df56a2d20c3c20ed9e9ffde6a5,non_stereotype,goat_offensive,train
185,d1ede3de0c95b5b1d18861c6d6a668d25cc11afb871714feb629ff6c9333a800,kitchen,wbms_kitchen,val
186,973d6bbdf6b2c83d3183570d8a994c90fd6bd6408534d7ca355d482e78f29211,kitchen,wbms_kitchen,train
187,32685d685db6fb262e9df1dcf0c37cd2a4fd16cf032ca7a1b78fb73acf14f3a1,working,wbms_working,train
188,933a6f873f754337124ed4fc0495c34ba5101dfcabc79eb9a04259747653afb6,kitchen,wbms_kitchen,train
189,1e80f377f1e21ed80fd55f7880a35ae65652b9b63f2eaee2ceb10048157d567e,non_stereotype,goat_harmful,train
190,54f08c45e462adec7d179d55ca28d51893aae92a5377dcc3c0e881e45d49a99d,working,wbms_working,train
191,0bb465e694104e647112bb0bd9e59d1c8764869f239fb3cd6c634fa50cec385d,working,wbms_working,train
192,ddd90bd66a6128d2127ad707eb9913c17182fb66907de99e97dd42dc60132889,leadership,wbms_leadership,train
193,7ed7a5511df6827f1bc45be1f3a0c465fd7e8f10881bc55cae4b572c591ac6da,kitchen,wbms_kitchen,val
194,03f505c67f56d4a025ff7c9e20a4de2804aabdd0c992dfdd0203761dea6c1a7d,non_stereotype,goat_harmful,train
195,547c9bf81479b294197fde182bef00e9d4ad88c699261321be2412973b20548f,working,wbms_working,train
196,123417d09e7c3e28465c45a9156fee03b48d56be31e3d86ab9ddfb94eb0a0e69,non_stereotype,goat_offensive,train
197,c4335a8f1903903989625eae7c3a69edf36b1c47e8401f065b1695c17e292611,kitchen,wbms_kitchen,train
198,84bb263c30069ece07ac124e195eb5b94871ccc96da1880917b32d5cf3d04d1b,leadership,wbms_leadership,train
199,b926a8577f267d708883670bcfbd339f24f76c71d5a1d551318e3ddddbbc3790,non_stereotype,goat_harmful,test
200,0616d2682cd62ac9a02a5d37eb210373aec8128d1a3690697c8826f734a81ddb,non_stereotype,goat_harmful,train
201,f687c0b924056be98238b79734582bcd15b8e47fcafa809fb317f91110eb8ce8,non_stereotype,goat_offensive,train
202,ef83d1bf924aa059d284ecc7b8fa2d7d4f294dc564bf21320b835a8dcf0d35f4,leadership,wbms_leadership,train
203,a060cd374946f5d12f14c2f4be9e325f03bd34c836c43b9a415753615187b546,non_stereotype,goat_offensive,train
204,3b803526c8b0a103a1035ee0c7f7e40487072ac6497108140a91e946de9d7710,kitchen,wbms_kitchen,train
205,cf98e216c178e2c1c3eb782dc75665033875346118453418b9c8625b0afd73c1,non_stereotype,goat_harmful,train
206,a5d85e303c0aa2ae25d62bea1c3a63a13e77a3e3b5d405746c3021a375679e9a,kitchen,wbms_kitchen,train
207,c0a6326aae0eb9e689eee0c1aa1c980df264e9ed3a212e5ca52104bb0cd732dd,non_stereotype,goat_offensive,train
208,d78ddb6431a91795a23637c0989845b47abe78fcc9675bd04c8e8f47684cc089,non_stereotype,goat_harmful,train
209,2a599558d0b5967bc2cf830a610788d9b8b7dd01d70417ac6104b29f20f12c1a,kitchen,wbms_kitchen,test
210,f836e7cf443bd7dfeeb2a9d4c8f4d4008609c02fe527620e87a8e918170f28b0,kitchen,wbms_kitchen,train
211,596a1d3f95147a2fac0defa079414bf35aed20b480bea6fdf1052eb00bc3bb3e,working,wbms_working,test
212,22610cf8b74f1370070ba43a8b3d44aa80053a27d12286c1d5f7a99b95daa913,non_stereotype,goat_harmful,train
213,e53522ad667d78eb881d85106efd6c9562ae9beffd31b8eb38c374baab15e289,kitchen,wbms_kitchen,train
214,31df04bf2bced793da224d06696807e6a4170c0e0c1cd95b6c752f0f8cf3e09f,non_stereotype,goat_offensive,train
215,e19449b7b87ae702d5b435f3248dd721c04929094833f2b2da9f36c3d72c2304,kitchen,wbms_kitchen,test
216,ab4767ab160345ddaf5e6633f63993df97153d93723b028c56de7d759dffc192,kitchen,wbms_kitchen,train
217,96cac78648f073f426a8aba686faf32b269ded1b4696d6c47072a8e7055d09ba,working,wbms_working,train
218,e5f44cadfbc795760cfd36835adaf33c92ef038069969a40b3329544f6dc1965,non_stereotype,goat_harmful,train
219,f3f63f3b2301d122cff0073f712f4ca4500a345390d76b778bfdaca5e0a9246c,leadership,wbms_leadership,train
220,616956ea17ffa35aaf0d960bf20ae09b21b9085d70a589d0616fbc59f9b0759f,kitchen,wbms_kitchen,test
221,cb272efcaa66c71ff965b0c23a742a1a960f39bc05186f7c2951842387631d42,non_stereotype,goat_harmful,train
222,c5db30e490a7f17bc75c2cc4bbecf4098befdc3ed9780076025de9ded87eead3,leadership,wbms_leadership,train
223,477d164903238287335eeadae83cc3262305e0c575b7c9dbacff6e6e710a8458,kitchen,wbms_kitchen,val
224,48c27075e27f414c8a5c880123b535b8a5a2e9832f128c8565846a277570a6b4,non_stereotype,goat_offensive,train
225,e9a52e22438760c9a373c6d130612e19c815c625e8b88ea24852afecd834d26c,non_stereotype,goat_offensive,train
226,de71634b5206dc17703889598a9b30b64a9d96444b2f03963df46507c189fced,non_stereotype,goat_harmful,train
227,606c08f6ec4f6e8dea306daed37e2ea01e3de80254e2f8553fa09464a0d23a5c,non_stereotype,goat_offensive,train
228,e61b76569a5d76fdfe9c91068bde93d2203a739b89cbedf785e4c16029d2d52a,kitchen,wbms_kitchen,train
229,abb2762592d3c293effd84835b24d550714a25c97c80f037f1a6108dea59242b,non_stereotype,goat_harmful,train
230,6a7830bd68496b48a3d4de8d371f9c8c4c1b2423b51d2119af536d671a2b12ab,kitchen,wbms_kitchen,train
231,877e83c65a3b879f0a0728fb62e32f90792bb298bdce4b8327233750fd0f179e,kitchen,wbms_kitchen,train
232,a602eeb2fbbfbe8be52b304e339abe7d34c06fc83f765b221a6c3833db5d4e83,kitchen,wbms_kitchen,train
233,884421ef04c5816c6f4d40e8fcd7dab79adf3c2ac20bddfef933f661752decd9,non_stereotype,goat_offensive,test
234,c5c55e4aa660fc6e2100462388ff8602f34966a1fcfcd7cc84c6280213cd9c67,leadership,wbms_leadership,train
235,a86533f8a1b4cfcdbc85c97a6bdce45bdea5a92a163baee02729f352e7ce70c8,kitchen,wbms_kitchen,train
236,abe5bb9b8d98aebf2ae532d0d353a4bc806b496a9f0a07c695e55dcd84b0574f,non_stereotype,goat_offensive,train
237,eb09d76c2fa6069bdf6103e92ca97cff92dd87a4009303815e43160ca7ce5835,non_stereotype,goat_harmful,train
238,bf3cd476c1e30056018d96f1e9a0b4d313aca446c5df7bbd931334c981197ecf,kitchen,wbms_kitchen,train
239,2ecb1293c47ae22d31d69d96e82fea42c1567634cb14443bb52d234b1bca8eeb,leadership,wbms_leadership,test
240,f3eb4749eff94f3f6cdfcf44ec60e4e9ba0e501b1e8887b8333e85130ad60804,kitchen,wbms_kitchen,train
241,8f5b80a2f75be70aa05ad7493bc99334c44301fa1dd337bfa17b58374986b54e,leadership,wbms_leadership,val
242,919c0df439898c336fa807f6168d61fba67e671b42cacc2880e76a71a75714e2,leadership,wbms_leadership,train
243,43da9c3d3bb9f2bfaeb024e8390d54d8c72dec30f559b2c6f225afe8dd3e743d,non_stereotype,goat_harmful,train
244,86c6544d545c781999fbabc1947235db7a6205035d0f640df57e9882c339e863,non_stereotype,goat_harmful,train
245,fcdd7a852a2cdbb1aaadfd4f83e7ffa9401e576333a4ac68d34ba58ba28c6985,non_stereotype,goat_harmful,test
246,b2ba48b6fa168d6d798b3a0d14c728bd5da2000998f7dc9f9f2fedc6a1176cdc,non_stereotype,goat_offensive,train
247,cab0b5ac6b835a305aa73f4223148b4516babcc3ee7b32903bf75ba6f3005c86,shopping,wbms_shopping,train
248,6af2eb3ea58879266157400aa91fb82e7bfffdb5878fcaa276a77ebaaea35011,kitchen,wbms_kitchen,val
249,6a87e242c08dd6916ddf6178efcb6aa7b9c7747e3a21832e69ba79a6c7b21674,kitchen,wbms_kitchen,train
250,97909afd4b1a1ae7d7f60ca92a49e8ae6cbb8822c46d6bdabc845d9dfd65e2bd,kitchen,wbms_kitchen,test
251,e31601b45740488a12a0dfa28a97aab8f25e31876123facec8284eb7e8a79936,kitchen,wbms_kitchen,train
252,b18792c0040acd120a0f62230a9bb3220e59189366a0e81abd66c470c08e14ad,kitchen,wbms_kitchen,train
253,e9ddb15c2f398a75c1dcef723eed0849245cc251ca03f6796c27df0f322b08a9,kitchen,wbms_kitchen,train
254,d80945d6dfe768d536a2d33f2e32c11fca680e5802c62bc01fd4dda4ef4fa973,shopping,wbms_shopping,train
255,1922c8471bae2de70265f14c9b5e552dba979607dac8c1044c046613fa3c6dff,kitchen,wbms_kitchen,test
256,d3f321dbec21f77cd0862be231640ad68c9afcc049af8e96ae0f0b2e76430daa,kitchen,wbms_kitchen,train
257,faf29109eed6b0e1d4c24e878dc80df2446cb4a8cb804c986f0d6983b5643551,leadership,wbms_leadership,train
258,22e7213677d2ca1034e1d30f707f73b167febfdd953217a140e6be8207f1d9fd,kitchen,wbms_kitchen,train
259,7efe5190ca304eba53355f3dab438f7f960fb34082b2d4bbbfbce6d9227845e2,leadership,wbms_leadership,test
260,5b717b21d85df19c2653260116584a144b871b5ce65efb4bb40054af30188e5a,kitchen,wbms_kitchen,train
261,84df3951f5153e16e128ab0a54ae82f3d3052da55fecd781a31e60fde0a8c0a2,non_stereotype,goat_harmful,val
262,9240128eeddc3668b4bce9c51c321e5bdbc4f4dd0b1f213745407f5314737085,working,wbms_working,train
263,e9d1e6c0174842d6d34d0c331b70e35e9ac16d432208a9c660091784d03f049d,kitchen,wbms_kitchen,train
264,6c2054fd541bf6835c0f10e52f5160c748ab38309343eb856b7e10a3e8174562,non_stereotype,goat_harmful,train
265,62cff79cfd468bc2522525f39b2af262d0e9168ea30a0005c12e3c63910b6c24,kitchen,wbms_kitchen,train
266,039178bb7efae57425a5ab74c6e5f52f0b94fcca54152d1a0b5a5e68f8dd4ff7,kitchen,wbms_kitchen,val
267,d267f0ccead1c7c9b217a09af4f330cd780a7d91e3de8b064bfb3f1bf5d45db2,non_stereotype,goat_harmful,train
268,5afdb6acbd371a99d94d53a27f07def1396ccca729ac29fab020d766e9f9ca95,leadership,wbms_leadership,train
269,e4cf2e4c2303da0370870f6eaf1032389f93a0aedc73d0f6458225b0e12bb5fb,non_stereotype,goat_harmful,train
270,f712593ee19e13df36b4a351d7be5027a88a092ff1d190e35fe49a45eb5eaab5,shopping,wbms_shopping,train
271,4101a3085b836347bfd04e11955e9b1d0a0fab5ee50ffe6858a24ed30d5ff59c,leadership,wbms_leadership,train
272,91cd16e5f8406d0e4fec85ddc913875785bc3b17c9e6b230dad23c149633b219,leadership,wbms_leadership,train
273,a9a5f3908b3c6067d5d5e39597d45c1075d2435acebaced5b497e01edd8ab30f,non_stereotype,goat_offensive,val
274,b5642b089f1313ece2240723f376a6ae082315aa6a73188c138c6f900d88da9d,non_stereotype,goat_harmful,train
275,4f20aa37f844c5dc06ab24adddb59e81e2f8400b3bf5c3adbdeec8d7f891d62d,non_stereotype,goat_offensive,train
276,9efe0b83a6697be11f0532568177e25de5172c49ef32780fbfc5f24f63a6613c,kitchen,wbms_kitchen,test
277,f47b806c80537a259e27a6b245b6ea0b99ad94b49704ab59b743efadd6584b0d,non_stereotype,goat_offensive,train
278,093b982decb7f2e74a2a361bed61df3ae26cb1ac0a0525b886bfcd6dc50ac620,kitchen,wbms_kitchen,train
279,14c63e50034d46513a2bdcd300b94002d470ca0db1c1ca6d13c65bdffcba8a91,non_stereotype,goat_offensive,val
280,6f9bf486bdfa01f0b3e59f36228e5b8741c654987b6eeaaf8c0f2fb37490b79e,non_stereotype,goat_harmful,train
281,e763195686c9dcbc80b6f3c8492104eeaa752cec28ba09f05a191291ee630b46,leadership,wbms_leadership,train
282,8162f8174ba1c02d92950bb6584db7bf14d20430a70d51305220011aab232e7c,working,wbms_working,train
283,ea63504a4b38e4b9b6383822067e33333fef1d4eb2d171d707001aaf76ba3912,leadership,wbms_leadership,train
284,852966cf2900fc2a6ade491c3e5f993d4317da6802806b35f823e70cea4fa62f,non_stereotype,goat_harmful,train
285,f2b26af142653c585fd37e246a23751d7a0da80e067086632dd79cd96ffb41ee,kitchen,wbms_kitchen,train
286,e6dd487ea82d6b81678bb5a23f1c807bf7af14cccc82d01c2d7880876f1624c2,kitchen,wbms_kitchen,train
287,b701b3b1225a013ee679ca1f754f84290c94e2a6b1b3fabe9853ee45679291c9,non_stereotype,goat_offensive,val
288,0053daf6cc5c5328452ca948bda6c9e88b739a05953de59954c1c5baaea51b2f,non_stereotype,goat_offensive,train
289,d252b7f7f6e624561e62be780d4583e2071abcbb97c70f8473778288e6bc62f2,non_stereotype,goat_offensive,train
290,7e6408ec359aa586c2d54da899d5cdf3a212e5e417add78b76ed08a27e5d5ddf,non_stereotype,goat_offensive,train
291,c80ac8d37ae0de34b861d2f1f03ea1eeb6880e03ad349da8ee06743c28a76aca,shopping,wbms_shopping,train
292,b850f78e472be84186aebef488a3798b11833987091f3db75a99496a0733dc4f,non_stereotype,goat_harmful,train
293,ee606582e94beefb71998ddc2883d8e653ddaace687923fb35b2722482bf812f,non_stereotype,goat_harmful,val
294,9dd4b76d1b9680832b4071aa90e6f916843d0210750d7f3e8e57735edbabf080,leadership,wbms_leadership,val
295,6176f4826283ca7b423a347d8b466257d83559afe118f95c39e3017a06c24da8,non_stereotype,goat_offensive,train
296,46cd76e3c12f34cf714d4451c1c924f61a8c42162a5feed30a55ec398e25082f,kitchen,wbms_kitchen,test
297,87a6825d23f33b28be35efc87302615baec980f2e1ba34f3a4ce6e77198dab36,leadership,wbms_leadership,train
298,133d021eeecbacf74d408697216fb09d896f278a47056e4f0361fdaf407e8454,kitchen,wbms_kitchen,val
299,26727cc8eeb100b28b5f03a49773fd1c680734da72657fa1fe8b319b9f493e92,non_stereotype,goat_harmful,train
300,84cf3dc019b0ba6e1d710248efd4c1f8b4adbe7839adcdfd523617df08623732,non_stereotype,goat_offensive,train
301,355032dd881b1c2dad31b53433dcaaaa784ed47c8800012ee8f33019ad861ab0,shopping,wbms_shopping,train
302,2d85569c860b13855cce9a6efa01d74754e50ffce209492a8850d8be8e90ef97,kitchen,wbms_kitchen,test
303,ead5998c75e508496fa744f1b97c00c25e4e584a35e581cc12497b75469c4d4f,leadership,wbms_leadership,val
304,b8416c56e799779c3e5e4e1f38695fd9648ce1c521e0c3c8280ed6156fe5892b,kitchen,wbms_kitchen,train
305,5848de0797fcf2010e175396799f08d9e334ea9ec0695dd15e7cbeb335aa0b95,kitchen,wbms_kitchen,val
306,b6b04c8712a710043eeb2c8a221d51db1585de72951203aac18abac636585630,shopping,wbms_shopping,train
307,1529365bd1a2698fdd02bd1daafa65e0d846ae54a5e15a57e122c59aa9a00850,kitchen,wbms_kitchen,train
308,62968ebbe578905a63e4544336a5472367e84a37e57c75e30c02495208a642c4,leadership,wbms_leadership,train
309,cd5654e53b3eb5717d1a127eac1dc39c73aaf31838e5446c9f595f73708ad092,kitchen,wbms_kitchen,val
310,c4e7776a74f698117d351a191d309746793202a912b14d7361bc8f00101ccb8d,non_stereotype,goat_harmful,train
311,a652ef31b4df97d699f5fbfa44a3c81d0e7a08b73287a8fe1fbf579c8c898906,kitchen,wbms_kitchen,test
312,62d9ab983d5ca7a936515ea408e7b6d4743e15c14804685253ddac3f0ac478a3,kitchen,wbms_kitchen,train
313,72da28d796a8dad9cae20a89d457b1ccd2109fec6e7a144353b8580c5e31e169,kitchen,wbms_kitchen,train
314,86fa6dc47a5bf31fd4f527650497940f9ce426df0c1583e347b88200c1930d65,leadership,wbms_leadership,train
315,3ebc6909615c1936b442d433d136b06a17b3c3aaf08592ad59b7494073ba678f,leadership,wbms_leadership,train
316,610c62fcf46ac8855522e23e46f3a2bd564c52c8655457afac8597f5f2ff5b12,non_stereotype,goat_harmful,train
317,f27f315631e6ba27466b40948a956a65404fc33cb5e1c8e868e32a1279d4030c,leadership,wbms_leadership,test
318,0afd3ecb75f71158aedca4d928eecbabf3395b43b15cc332ff224cbd9d9f3068,shopping,wbms_shopping,train
319,199c3e2fc74ee75d0595fd83fe6d18b5eb6cd8b3750edc86a135c71e49eedd6e,shopping,wbms_shopping,train
320,6bd3a2fa4d62bfb11ece1471507097d05cc03ea21e89073ca8de1f8d6d52fc0e,kitchen,wbms_kitchen,train
321,88bfdc3d93c9400cba51117f289edb30b8598ccb02ca8bac2842dcf254c58f96,kitchen,wbms_kitchen,train
322,ac460745081957cf96a44fb2c83958363dfffb2aad913f2d536c3d34c83777ed,kitchen,wbms_kitchen,train
323,2bbe1cef7153ec6a97b604d4215874ffadda8d69e3f862646cfd93161c04286f,kitchen,wbms_kitchen,train
324,89b964ecd3f9c303ca0ce6d56b1de5110aa43bb9b603f11623bec3565c4bc1af,non_stereotype,goat_offensive,train
325,bf0fc5992cd7b080eb5a7e039affdfaca80a9aaf328d2b854e24a06401231aaf,leadership,wbms_leadership,train
326,78368d2c4a6edcbe12781cb0822c51451e34598562e548859f7205bead6acffa,non_stereotype,goat_offensive,train
327,c81491479021590cb1f0c08711b55171f7d31edc99d99b5d5ee52c9ceff272f8,working,wbms_working,train
328,9cdcd47bba2c8a925ecc05db0720dfb59df01e98590c767495dc3e43b0f7b184,kitchen,wbms_kitchen,test
329,ea6be40295341bd50236b89868d35d563d771d9b49ac5a58eadd7626e1790548,kitchen,wbms_kitchen,test
330,86d85df6201183b2f4e34f9fea5dcd6a1caa8591603debd2a288ea6719764022,non_stereotype,goat_harmful,test
331,39f03dc7922033ac596b80754a5389a2f5bf0f1fcc69876d28ce2f8ba30460b3,kitchen,wbms_kitchen,train
332,b5922c1b913220a228e1ba01cd1e41e31b27439c02e87f0ac74ed8423173a8ef,non_stereotype,goat_harmful,test
333,64feb0a495d83063497ab71456095f78d877ba41167307230ea0f0dde7e00991,kitchen,wbms_kitchen,val
334,c97b9b198bb2b3a2b3e8f51dea5c09f7aa15576cb41b42d92d2dfd47509b9b8e,non_stereotype,goat_offensive,train
335,3621b6685a9dc3df8c2319c25cd5f2c2c0d322d62ab1f57144595f60c37dfd48,kitchen,wbms_kitchen,val
336,c882a0b8a3188a45561f99a28522a47f3d63401ff880907563043abee4e5847d,non_stereotype,goat_harmful,train
337,ecbaf19647c5d5f7aaa758f8302426387fc22621f4c700f6ef037f1a92ab1975,non_stereotype,goat_offensive,train
338,7eabd258ec551bc6d330e19bfd1d3ffbd23a07b2389e6a878aed0e27019aae29,kitchen,wbms_kitchen,train
339,0e96748f4c82f755ed22bc8d70f9fd6bda27a0edf79713b100efac9f5a2826a5,non_stereotype,goat_harmful,train
340,40ed6e876e8b781e54d3ab5a4268d0293cf7e6211f0aa6c0dc25bfb8bada7f41,leadership,wbms_leadership,train
341,3ab24e6952cdd30f97616df3295607bec426ee412949c599478e08d1bdca6310,kitchen,wbms_kitchen,train
342,3a83d1fedc08dba3c06f9b68eab34a3defcb861f8e68b7b02f90f4de48819d4d,kitchen,wbms_kitchen,train
343,091ba0290583604e156da9ce336771a7c8101aba5446eb402c928db4353a6b51,leadership,wbms_leadership,train
344,f58145d314fcab99a6384781f50e75c30b4ddef4b9ae00c0a87de13ca84f5713,non_stereotype,goat_offensive,train
345,67b7a185e9e430fc99cbe500d72e72a1d16f53dfbd01a0d642f749ee6c9ab157,non_stereotype,goat_offensive,train
346,1b250f42f0ab6a367dd7d9c637903aad4b5b36c7f35a6bf9b4ea0ee5958de003,kitchen,wbms_kitchen,train
347,1838a6d08cb7e7526327a13a3773b643ca37adea07626b1119e6e3730d1df1cc,non_stereotype,goat_harmful,val
348,9b92279a1256e19cb3b225b66633d40a9979e62c6448f7280a0bcc67a89ce29b,non_stereotype,goat_offensive,train
349,6dfd39c3c9807d420f1fbe1e9e38f1a151eebea41e1760e033af44bec2a41dab,kitchen,wbms_kitchen,train
350,37bc468703936250719140badee501d548c8c8b66bc7686cc265b7598dab45d3,non_stereotype,goat_harmful,test
351,372e2341070a3b5aa0a80cd2f252226bfcc4b7b0e2ea6d6f49bd8af1bc2fb12f,kitchen,wbms_kitchen,train
352,3e2af48c400a3b20b95492bffff7a3bbb99be516b6f9e3f28844f0481d3453a1,leadership,wbms_leadership,train
353,716c503998421bee879aa790cfe87c69a96429f928a4eb4d4524dd1f8670ef61,leadership,wbms_leadership,train
354,396163d633e7a4e928fd31568a79880f1cb71381e78ac3f95eae41f8553a0598,kitchen,wbms_kitchen,train
355,b53fe7b26050892d52d7824e707bd1d801dc42aa8751da260e27d1ba0ad5b71a,non_stereotype,goat_harmful,test
356,95ff6c06a9701cc89d6b4cd121fbec871b27808ab669ab1524eb00afdb197494,non_stereotype,goat_offensive,val
357,87d8e0ede05eacd1bb8d92c768c8d0a182bec020ffbc585664709d29590ca0f8,non_stereotype,goat_offensive,train
358,76dcf2da18e0f98b8d9a8564f6ec0a39058c720a9f8a45f94391d8115f817ae4,non_stereotype,goat_offensive,train
359,d2a87a18c026c4c27cb79dddfdf424620e3d9b1cdf76022b99916d30e33a6f2d,kitchen,wbms_kitchen,train
360,17d1957ec892137db71185c8aabc63dbb06a1beac3a53adb08f74db92e3b57ce,working,wbms_working,test
361,5719db9c398f80cc10c80f84291dcff81ed27cb70a87a365b06076eb3649cd70,shopping,wbms_shopping,test
362,b7a601a4a52696aec2ce3bac479dbbb231f43c615bd5c201c1ba9394a853ebb7,kitchen,wbms_kitchen,train
363,8a32f9c45611d5dea7c2db1618416a7d92d37d8021087ceb1a897065684a4f06,non_stereotype,goat_offensive,train
364,c941f5404911c372ed25c95526a44edc2b2c27b199a152fba5b26164b58ccac5,kitchen,wbms_kitchen,test
365,930393abf37946b7276eeaf08b19a524ccb6159f3d208563122dc7dcfdb8b1aa,kitchen,wbms_kitchen,train
366,968cfdd1fef9e1b155b6adcf211962f49d41d251315406e40b088d41d830d6d5,non_stereotype,goat_harmful,train
367,0400b8cc104cf03a8c720faf1432e03d6642064f30a7061eae6e78b1f065b276,non_stereotype,goat_offensive,train
368,ab7e164ec7955ddf3fb0c31760247676d86abc220982d28f4340f25fe65fe49a,kitchen,wbms_kitchen,train
369,c2caa8b5304add5195a23f2c40f287536753ea481678e5d5e1b2b00e2a8c919c,kitchen,wbms_kitchen,val
370,b5104395e353f87ae242aa44c8503456581642f1957390a0d1f59f86be6dbe85,leadership,wbms_leadership,train
371,fe30c4fa1c69211ce732922a286f974af683d63889171cd3f681419a2165aef7,non_stereotype,goat_harmful,test
372,19e056cd3fa0c33c13f6327995d7056564a8821f4d298e33381ae2dbc40d4bbd,kitchen,wbms_kitchen,train
373,81549e655a5229793be22346e39bf16896b32cc966e8a5cf1497e85b321e4d51,non_stereotype,goat_harmful,test
374,8e3fa40e6ae3beca2b6de780591e275a331d28f5d10b4982a4f9f8192b15a0e3,non_stereotype,goat_harmful,train
375,4d8523e93de56bbe9a49c84e6997e269a0567d1bf6ff1c4e58975ee856a01d97,non_stereotype,goat_harmful,train
376,c0547cb5ec72e8ae70b99c07ba2b06ad162744961383f3e1dfda6746e8329ac7,non_stereotype,goat_offensive,train
377,a86cea89f1530a18d26bce0ae13772fecbd195e1121af8c538d6c6c634b05f65,working,wbms_working,train
378,87eb27c92aa8d500b47e5a4fc66db61be50a4c383fb83cac3f18d27147fa704a,non_stereotype,goat_harmful,test
379,4f8d9127946b32366eb35b73ed794a10a2a33534f432f1a4b8dd172b22634f08,leadership,wbms_leadership,val
380,1cd2be596f6094d3a37e5dc46ce2126e920c9d10e83b65ac9c4cee23efec5147,shopping,wbms_shopping,val
381,cf90e80c4f507d6f725fe4d06ed0ee97bcc50def0724680bacc918f26635a77c,non_stereotype,goat_harmful,train
382,78624bbf33155e99a1766b7fbca73ae20da7e5a26a80d158804bfc890417d485,non_stereotype,goat_harmful,train
383,58051a3247859967c286f17ac1299a8e1ab2944933764e9be407ec6758a8284c,non_stereotype,goat_offensive,train
384,232649965c937096bdc2fd1f792f84175b94ce88c1eeda8d1d494300e78ed3f5,leadership,wbms_leadership,val
385,75ec1da352df67aeed48a71014f74ee00f0db26efd1b6f1a1335bd5ac6343c48,non_stereotype,goat_harmful,train
386,9b5b54d485ff92cbf99b340ea596aee215654f3fba29f744903a4a162c8c71ad,non_stereotype,goat_harmful,train
387,dfad9805c9fc6a1ee73c9345d18551fef7651a32e2df883d9cb94b9d4bcacce1,kitchen,wbms_kitchen,test
388,b0b2f1b783e9ca94f8decfd162a253849583f4192012197f8b8019d913dbe433,working,wbms_working,train
389,6fb510ba21ef48bc00e5a36ac7db4e6733c0f3246cfb8518cac461181db706df,non_stereotype,goat_offensive,train
390,e2593605ebdc7dd09552998a8f3a979339d0129bfdaee918500f51d76610a89b,kitchen,wbms_kitchen,val
391,b9a0df5366b7cdd33cb8e1f0851bc8af1651f93568e91b8472ca322d289ee635,working,wbms_working,test
392,09f0fcd5a017b8aaf9e3a12916d8e17336627ea7697672ba66b8433881d48882,working,wbms_working,test
393,3481150954d87b20917505c68ddc7ba70f333b3f5164b425c6934ab12f288b15,leadership,wbms_leadership,train
394,5e2c8493845326cf7670e818bb8c5c66b3f721dbcab6c9816c7d432884de76d4,kitchen,wbms_kitchen,val
395,69f0eac769fdccc858d4fddd3b29834a5c1b1278b645675662e4f0c8a462b1bf,non_stereotype,goat_offensive,train
396,7e0fdaf10184b51a09089bb959c1a34e6de199d15a1e7337468d0fdf94df1296,non_stereotype,goat_offensive,train
397,5e346b8853da1c89b4afe6ba29917a0690a13b724c53c0fba969790fb523b211,leadership,wbms_leadership,train
398,0f4a523a135e5e14ea16e43ddd402b50732f47e698834e0087ee70b29cc8e3a3,kitchen,wbms_kitchen,val
399,999ac8ab8b5b9ef64d36a26267238a04d3fd10a80aa82b7c32bfb4b284ece4bf,kitchen,wbms_kitchen,train
400,5683565e46074d05319b311782a5e3dbc6690ad73f25389e138b6e15ba2929a8,non_stereotype,goat_offensive,test
401,f3be76429a06b573c9627ecad2439fbf9c7e576bcaead5296489933568c5ebbd,non_stereotype,goat_harmful,train
402,657ae736fffb8b731b4888643c5457c69d94250ea2dd143c1c4fcf438ac541da,kitchen,wbms_kitchen,val
403,70ded8e115b2a0f79c6526e3382781068c484c167455de439dda5a4b41393be8,leadership,wbms_leadership,train
404,6119490a4d459aa888464da60ef7323761f86881d0916f2be52fc2048d5d380a,kitchen,wbms_kitchen,train
405,93eb91ee3975b18a75ddb099f4baf884d8afe22df3b71997a694d31ea9abb97d,kitchen,wbms_kitchen,test
406,075b33faadb804fc012e71d673995330ea52f75ea815828ec3d289b905ee6c0b,kitchen,wbms_kitchen,test
407,313d43236f07ff66a533f7e171ef60b4f456748001f06846a52259d381bd0830,non_stereotype,goat_offensive,train
408,d08250488330cf7e79ad60d7015f31bef0ea1ababfeb04bec024a1311fcd1992,kitchen,wbms_kitchen,train
409,37ab4809f5ea001d2e8ef88e8a41e646e5dacae9350222db125a9dd88381d2d5,kitchen,wbms_kitchen,val
410,2aa87f16f2440955a72fdea5e34714ebfee03d38f1e4a7754f4a9c627ae6d872,kitchen,wbms_kitchen,train
411,1f720e83e066266e8bc8c43c968a210ae30a9e9f7952bcbf4f9c3cc31c5514a0,leadership,wbms_leadership,train
412,b6edc4ad32a1b3155f477613839b36cc3a8791bc9666d008f59bc980ca110a1b,non_stereotype,goat_harmful,val
413,af8268c586002203d12c28062d5bc53b0e080e03d840bc1582460b8da0e62591,kitchen,wbms_kitchen,test
414,10db3e03b1aeb82b2ec8eb1d31845a2bf7342a62eac98d383d0f3731b434b6e3,kitchen,wbms_kitchen,train
415,f04f48747e673924e0e2b68cb1d8b18d5f13ae2090895e64e9afecd395023b35,kitchen,wbms_kitchen,train
416,eba0c84f696972de15dfbec17fca1b9d58db563351a3d15bd9cd593b95241501,non_stereotype,goat_harmful,test
417,113aa6f02026ef4ab1249a24f7248476d5539af040853ddc42cde91b177f2411,kitchen,wbms_kitchen,train
418,6f8528d4eb104d927cf5554c35d8a7b7e38f3909bc44c254a178042e4e684fa0,kitchen,wbms_kitchen,val
419,9e32158ead234f5ee047b212e5776f39f984091df9828788d279f8ad93981a09,kitchen,wbms_kitchen,train
420,956fa820311392a79799d64a9cead0f342af1722ec06239eeccb53b030e4c4fc,kitchen,wbms_kitchen,train
421,507a8aa884a571e1a303581e84f29f5c5d730f9762b11e69f5f943b9124fd2ed,kitchen,wbms_kitchen,test
422,9dc608eec3814faa0129dbfbe703330b894c1d9f1b62551f497211f276b51968,kitchen,wbms_kitchen,train
423,1c57524841adfea8f6d93aec40e8fc4cd2fc58bd26e4f274c81a165a00e23351,non_stereotype,goat_harmful,train
424,2a8ffe8ae659d0882bcbe0094780d27447c37b8ad4e3695ca501db571c765ed4,leadership,wbms_leadership,test
425,b8efdb08e1700f50639e0c98b447ce0739b5735990504c2bd35d00ee4dd76521,non_stereotype,goat_harmful,train
426,ead0ad26e690431c0465d5bd0a05b74ded6a5a578985f32239741f8aa7deb2b7,working,wbms_working,train
427,192f63d2be237636440b1093566b2a12e5ef03ccb9b5ee56f57621e209f42147,kitchen,wbms_kitchen,train
428,6bea40895f12530e964ff0eb4733d3de68678738dc6bf42135597143ea456a4e,kitchen,wbms_kitchen,test
429,1f2c8ec4de80b21c996d2dbca7d7e063c87ae4b8bb6e1351bb7120c369010ee2,shopping,wbms_shopping,val
430,4800b4c815c32f9cf8d135b5ed1f90fe84891e4f7b309dfec5ecd04cd44eb188,leadership,wbms_leadership,train
431,25714a28936d923eb859917fc92ba7712cd2ca3d4d1683e682ede003335d9c9e,non_stereotype,goat_offensive,val
432,7caff81e72b44b95d99046862399978965784d867a9a6769a08f82545a3edf21,working,wbms_working,train
433,6e00fa139b4f4f940c6ddb7cc860acbdbabbb9e5b50b18297c9542afbd45b329,kitchen,wbms_kitchen,train
434,bad2c21c47d458808af6774d804b3c7681ae932cdb4a9cbd360851197abbac95,kitchen,wbms_kitchen,train
435,e965732a2b6d9d0d214c007e3bf132f71e4366690e967d33d9cc703fb8246f65,non_stereotype,goat_harmful,val
436,2bd847c26fd572873a382a76432a55e78554da9add968f931861e1ce79099461,non_stereotype,goat_offensive,val
437,dc1caef9fe47028aeeaf04dc606ee42f49b17c9087ce1a2ccb5e90e54bc6cf05,non_stereotype,goat_offensive,train
438,9f3a3ff0150c197288fd503feb22abadf3f34f274c6307879ec2d0a9d7e44ab1,non_stereotype,goat_harmful,train
439,d0529b24fe604756a7642b120d2fa746615a271aeee5290e904892270e24d9c6,leadership,wbms_leadership,train
440,047bb07ff32dc13b449a9a1b8077d652b5e5265b0013510db23bcbaae23c0fa4,kitchen,wbms_kitchen,train
441,070479ef8ba8e536b505c933931182a2bfce622c98006f20bf0800cc0fe3c21a,kitchen,wbms_kitchen,test
442,0aa79648cc056a7a463c28584a199fe842025c6b2643d499c4318640cd33a374,non_stereotype,goat_offensive,train
443,569d94b478878a5342b852ae8addcd7a85d2bd05c734fff7d40c896dabe71434,kitchen,wbms_kitchen,train
444,3ea20acd846028af3fefeb95bdc4489161673a74f7aed3d979ced267d09dc170,shopping,wbms_shopping,train
445,7c78550332a25f33191822e46339b9b42a54e8386e74586ad7a27ab883a6d488,kitchen,wbms_kitchen,train
446,7500b9b8b7deff3315fd4ebe99052266aaeca89904405ac32b800fd13a0a640f,kitchen,wbms_kitchen,test
447,b1e9daa87ed285020ff5ceb0e2067c2d45b7245716fb476d87b5446488718718,working,wbms_working,train
448,d88f7c792148713248082e810cfa1db715fc3f02e269184dc7193c5e08a23e8d,leadership,wbms_leadership,val
449,9729fda383d042a9323a51c509e6a2b2099adb9196826e2caa9925ccb9927778,kitchen,wbms_kitchen,train
450,8d2c3953394798bd4729f6f19dc875cdb8cbb952c6dc46ee3898248ce8c8216f,non_stereotype,goat_harmful,train
451,b507cdbcda0d4182e2dde1673f98c96133ab2cd308ccb1bb0f1b25c666154e33,non_stereotype,goat_harmful,train
452,1d0bcfe69ee07064207ffeb083242a12c2afc1240bbf9758a88516d268ae831d,working,wbms_working,train
453,960f5a4b90089089e7bf7ddcdc33be33684f268433f6e587e7d35bbdae1a7787,non_stereotype,goat_harmful,train
454,61b66a6d7a4c678acd017ccc7ab87d3439ac6fcb60f4305ed9f8f312adeca55d,kitchen,wbms_kitchen,test
455,00fadaef4577d634ed921fffa1844ec24b2bb90419a2240f452878260fd7985c,kitchen,wbms_kitchen,test
456,33446ca2e467ca24238113217e4d224697f652745bdf296dcd4c41bffa560a9a,non_stereotype,goat_harmful,test
457,e232f88f2d43330f5de8df06fe7d8039b7d86021f14fd36fec459a7a2a8b30c5,kitchen,wbms_kitchen,train
458,aaacc934431fdf6092c6f0708044314ce86d4d5fa8f802acecfeb360e28303d4,kitchen,wbms_kitchen,train
459,71b4ed18ce2bf4688b87b76b5083c63d0f33a7b33431429ee6d619de08e92931,kitchen,wbms_kitchen,train
460,3ecc541e0c514e1229e8b652d9860565e912363552d9b51eb275cecfb572babb,working,wbms_working,train
461,36d4c8fda6e06dfcd05ac1ccf27426dbcc1ee7ac5f9ba5a5f7290704aaae43e9,kitchen,wbms_kitchen,val
462,3c0efd66faa4c70380d8537e9dbdfc7af894897a1c47ec8618fc43f25954de63,kitchen,wbms_kitchen,train
463,7aa2a75010b0fec437b863518a63b9c51f5316b1440531def60d2a2875d9f0da,working,wbms_working,train
464,b7a5b1f249ddc53524626516632a7a5973ed135dd5a07c2fb23705d4a47652b6,working,wbms_working,val
465,dafb468dfac408b4bfcc226890124fc307d1d6d40e4b59a0f121c850114d139b,non_stereotype,goat_harmful,test
466,9baeb9857797aedd02ee6118ef554fbcc3c6a8718b864eff100b23856fc22641,leadership,wbms_leadership,train
467,cc7d5d62eb505669985ba0bf2ab4a2966f89158c1f70e2e533f631595ce29c9b,leadership,wbms_leadership,val
468,6173936c80859e5803951b5a8eb3f27cdff5034b91551b7441ead25c53e62608,kitchen,wbms_kitchen,train
469,7ebd2fc5cfa1f7e675bf7577893ffb7ae18f6487a33eb16272f42a2efb111916,kitchen,wbms_kitchen,train
470,5635f5865852afabb7dc8c3b1d56f60113b90f17ec7abc41b1ccce8cfa15f0af,non_stereotype,goat_harmful,val
471,cda73fb1269315eea22a2cfa31fba4a1ab02de2bc3de7ee28723e1bab4c28cd8,non_stereotype,goat_offensive,test
472,823ed028cc1db95e199dceefb6e7084562e340a36838306a7eb3a760bb8bc5d9,leadership,wbms_leadership,train
473,4cf20aadddf97e85d5db7d58ecfed4a9ba38d3b25c5617d9b148a6b613c2671e,non_stereotype,goat_offensive,train
474,3841d65bb2542628cb8a7b84ee0d9f10a83fab71b1040d7d9292073751d9e0fa,working,wbms_working,test
475,01a2d92595ee441aa36f4780649c033d45d076867c60ec2a588152f088e8af03,non_stereotype,goat_offensive,train
476,a6dd38797b95e02b1a21127b4bf1c9d6d60626704497036aa7569e8aecadd716,leadership,wbms_leadership,train
477,b1403b4576963aecd62f5f5202f27cc17d496b3de5bdac3e06c27551267b32ec,kitchen,wbms_kitchen,train
478,90660436b0accf0c09136b70651a8b220447509106190f0bf88ef3bbddd1ba17,kitchen,wbms_kitchen,test
479,338ee626ccf7edb87216ff921abb9415b21c4a2e0c11b648902f8c6ed6d71d5a,leadership,wbms_leadership,train
480,3778e4391d172cdbdd5ba2b358daa18ae8dc33ca4de52541545fef65770eed14,non_stereotype,goat_harmful,train
481,6c302d21eb50ba8d6194470d4bd0092c9126f8ddd1af38b9f101f7337306fe7b,kitchen,wbms_kitchen,train
482,3206d8cacaae5c149461a2d576a2238e94fa8a3fb8922453c255f0921b836cf1,kitchen,wbms_kitchen,train
483,9be175a9c7df3092595466bb190412ed4e3744bcd0f82e25c0667d7236bfbd75,kitchen,wbms_kitchen,train
484,7fa23e83172712f0a023108947b81b6e584b1f8005e16786b61f03711bac76f3,kitchen,wbms_kitchen,train
485,d426603b12cdb0ad12a1cc3b864e651e25f23c8b74f9972b4a5297821b142078,leadership,wbms_leadership,train
486,1a25fabe0a2cad43224b216e76c460b3d8c7d68044a7a905577546f139c479bb,kitchen,wbms_kitchen,train
487,4da1997ab2a0dd9f880fc413312634fb0eea4ae1497ec4a088fc293755dec668,kitchen,wbms_kitchen,train
488,ae6013b3b1bf03bbf26592d942e862285fd9496fc9852566fb463116f18a06d1,leadership,wbms_leadership,train
489,b57cdb1e1cc7a8b508d8992296aef96f48003ba369ab868ee384d208df21cd1a,non_stereotype,goat_offensive,val
490,66c13c85c93d2e108dbdf5f8088c9619a2226c5c21cda5c5e54a1ab899e37cb3,leadership,wbms_leadership,test
491,d448f2ee691015ac1f1a73bfb374bb7125c2bd74b3081e2a67e4471bbe4d3402,working,wbms_working,train
492,16ca67fe8d6079893031ed505f9b79764440bbc10911e25a32e38863924502ce,non_stereotype,goat_offensive,train
493,d7086260d93d24fca787f3a963f809a7f59cefa02a435d5b016c3bda47f40594,kitchen,wbms_kitchen,val
494,f478a24655f7605b322b1291fcbb7caeac5cf741f7d712b6116de26ef847bbb3,kitchen,wbms_kitchen,train
495,783f0b368420e7a48f9f96c23136846d216f6dcd1b6f5831dba2e5f321ac092e,leadership,wbms_leadership,val
496,a6b68653756b1c5003946f1a7b0b541fa38262fb8946e18ecb6729fcb6b952aa,non_stereotype,goat_harmful,train
497,252b41dcecd6864f8deef56915dc504fe445899baa4c4d95f6888379477f850e,non_stereotype,goat_offensive,train
498,3f35557a151eedd4316f3d3f49228196eb77fe1f45077108d1d2e1bd48fcb2b3,leadership,wbms_leadership,test
499,8deac34065e7cf52ef593e4baa8a4b2c653816b7e5edbde42090b7f78ded61de,non_stereotype,goat_harmful,val
500,515bb302ab3c299b80fc6a0ed211b1ac8f5fe58ba2dccff52fb2d4b6d0406acd,leadership,wbms_leadership,train
501,05489ea1eb5c9f3912c5893530736eeff70196026b27176a4aa3544ea9877ac8,kitchen,wbms_kitchen,train
502,568ac43b20a85a9dd1e9641749a6e62309b46bf1877873f0317c6e6e5dd08e3a,shopping,wbms_shopping,train
503,4f84d84002a33d18f9815c1e10ab047c6beb23a2862d22ee03c70e3b587acb7f,working,wbms_working,val
504,8a1fc846e57f38ad7b8f4e8cbea9ba5b64b4ea040b6dd592cc115b7f7940ba86,working,wbms_working,val
505,942e2d0cd187938690cb86fac736096a3bb7474c0e755349f64635a425284484,non_stereotype,goat_offensive,train
506,6481650bcee405b63ed180c13c0d3053c99cc9f6f316c3bbc69c4a3fe671be6d,shopping,wbms_shopping,train
507,baad9272ebeff010820f303f13732727b4c0ac8c4005c24c7d65bc9d840a8ab2,working,wbms_working,test
508,5f39bfc5c1c89c185cd64ee72419996c4ff03ad5c00eda88118bcfa80c578e82,working,wbms_working,train
509,ec5cb69ddb00d56e33cb126ac63d6aa863023bd6536d8d5dbb806dec4dcb61cf,kitchen,wbms_kitchen,train
510,c851a36dd2b5d952f15de439d580ff201d48376001887e94dd566f5dc29e0b46,kitchen,wbms_kitchen,train
511,66ad1e8aa1f22d858d6ca8a9be5601c5186d481331ba6deaaa134f9cece30573,kitchen,wbms_kitchen,train
512,c1d99ff29052e14e0e82b45156581555b5ea55019f8584ba9a07b30d5b2bf10d,leadership,wbms_leadership,test
513,adfd86fcc36c48bed03168f5510e67541f7db1de75c5e86c6ef6649467dece25,working,wbms_working,train
514,f4725f239e26379ec1d93f895b6187f78c5db13562595e4e0358f5ac0cc6fd22,working,wbms_working,train
515,fffd9fa3b24e98105acc34320065789b7fc6759781e845a7a5fac22c95d025f1,non_stereotype,goat_harmful,train
516,7a10815548f7d74270c3275c4593f45778bc0d91c306bad1e21f5341564e6e4b,leadership,wbms_leadership,train
517,e7c0b2ef656cc161de639f4fb471b23edf731213a0ea530887c4f58cffb0409e,leadership,wbms_leadership,train
518,aeea543649992741550784f4057153a31dcdba3d0934758ce6837afed431cd9b,kitchen,wbms_kitchen,train
519,9f598d6ceec1ff065cfef3a62f0f2973e9eb131f94fed95494c5044b71f9f1e5,kitchen,wbms_kitchen,val
520,95202475cb59bb77b2cc527faaacb6d9126c16b91bad08894c66f31aa0a98fdc,leadership,wbms_leadership,test
521,6c9a7b58bc869ccf8a733a5b063f55ffbfad21aaa2848d8fe87eb95f153deb90,kitchen,wbms_kitchen,val
522,c596d42223290f889327a8002d6c7a75b9895ab5be0a0983ba63626bf53afe68,non_stereotype,goat_offensive,train
523,b94ee66ca6cb34169a66011a6854ade6c7ffa32fef54d8949fa24919ab63e4ef,kitchen,wbms_kitchen,train
524,1d7115b70323f75eb964d4c9332b9f11834265d18d5daddafd5cdfdbb8398c21,kitchen,wbms_kitchen,train
525,133d021eeecbacf74d408697216fb09d896f278a47056e4f0361fdaf407e8454,kitchen,wbms_kitchen,train
526,229903ea7db9b74bcf776c335c3c3e4018c1aff2e26efe9c641db421fac251ab,leadership,wbms_leadership,train
527,1cf3304f378a08b174f888ee2b318a84540bd5e2c33dd91e3a46eeddaeff418d,non_stereotype,goat_harmful,train
528,d87f3361f919a51435b3e711f6231c7985a0758fb92554de9d4639caff682ffe,leadership,wbms_leadership,train
529,6b509199aae99f6ea14ee0253cd82508fdf065c30953878c8bb22542b7469ec5,kitchen,wbms_kitchen,train
530,937cc73d723d65d2cd8e73580496bb4dee9fa048594fd607e6fdbd9085205d6e,leadership,wbms_leadership,train
531,b08854e44eb449e655fd4b6d145e25e87193c0ce24568f9a272562f44a83eb8f,shopping,wbms_shopping,val
532,1f9d00f1096ed012bb77ddffb2079d5b201a5e1e3e8e109167e00e05104d2c02,leadership,wbms_leadership,val
533,37f2ca1301557765563bba210cf6918ce267772f55a81de54e265f46c76344a7,non_stereotype,goat_harmful,train
534,05ed0542865120830880beb563d27e8c28e4e43b3cc75519fac00dfa6c199f70,non_stereotype,goat_harmful,train
535,6ab37ba715c29a89ddffce07582f0dd74a1a9719631d6e7fbcf39f5ba1eb0114,kitchen,wbms_kitchen,train
536,30d60a73b34f4a4e3f4bef06dd28d182814161f8c29a7e04c8ed5c4ead809bfc,non_stereotype,goat_harmful,train
537,a47aebb8447fd81ddcbd06fbe855ad39876ef80e62f8cddd2f612b8e0d282b03,shopping,wbms_shopping,train
538,dc006516d3a13c57061ea37b8995141e7a53d0cbe00046d4db4d1ffbc45a120d,kitchen,wbms_kitchen,train
539,5111b82c6807fb738399120d1edaa8b5ab3f55e4b1b9515d751497272ff45105,kitchen,wbms_kitchen,val
540,c734f274b9b192f3361486a6146dbbe6697f69ee3fa766c9985f19b2c0f13828,working,wbms_working,test
541,8123197fc2c89bf7805eb84ccc325df586474b264c3441bb73567aca73102fff,non_stereotype,goat_offensive,train
542,c1d51bba4fe7d8db82ca161d67dc384c06768a2a166011a44575423b79c7add3,kitchen,wbms_kitchen,train
543,1f4f0dbcbba995f18853867cc9ed2640d1e17ffb1d471f38b264dbc4ed7deacf,working,wbms_working,train
544,b779bec352693746dec46c0f734642f49ceb2c4486e22080f4d2af4b881bc200,kitchen,wbms_kitchen,train
545,fdb95778a69e880f72d77add3284b8d2f9e1aa7660edf4c34449e2e1788ecf4f,kitchen,wbms_kitchen,train
546,c08ea4fff3966b6726d1d3250265ddf117996a6f815ac6f5b35170c2658f6b38,non_stereotype,goat_harmful,train
547,b7f59dfe3d81b3295f078fb9e1febf720c0c892b2bbca6defeac2a324346ea6f,leadership,wbms_leadership,val
548,f12002662011ef2497c8f09779add26e007940b543e966b5ad7d9350aed07a31,leadership,wbms_leadership,train
549,ceb934e5feb6e9b359939ff48711d85fb5ce9363e27683aa33cc50bd04c275a0,leadership,wbms_leadership,train
550,d94cbbcc27821f3189886b1af7dff861c75b8be5c45e7b31f5446c3523aa3d21,working,wbms_working,val
551,a94972a12455168f3956be6fbb66538112802025a29d584a796a1cab2017ee50,non_stereotype,goat_offensive,train
552,4a0238de2030863756fa64f92b49e8c8b82635ad8949a3181b1ba61b2fea0552,kitchen,wbms_kitchen,train
553,52ae597625aeb9f33e619c5fd9881827ac92701230b6b4649ed54ce09f30973e,kitchen,wbms_kitchen,train
554,e27a1ac8f17d7dba4b88cb035fe166c3ca71fd9f39073f1566c25811656b9642,non_stereotype,goat_harmful,train
555,cfb49292ccd933c9a603ae293fcf705bb836243a9ea3024e1a7e90fb7732da21,non_stereotype,goat_offensive,train
556,d7e3b350f9ad5164b503296460eab35a05b9bd217486425260f12f2022d4b6b5,non_stereotype,goat_harmful,test
557,eb0a70b79a2a6a35c593a50968ad625ee248d1d9ddc48b77a93aa41277544265,non_stereotype,goat_offensive,train
558,887b33b474c334e386bacf84a8b559b25e03b9bb736fe6288f1684f68a7cdf4c,kitchen,wbms_kitchen,test
559,019a909ea88aa5a2b4e574af3df24996c6dcc3a2e330b7419f6e2a139375f364,non_stereotype,goat_harmful,train
560,f113b7efeb046da30612d6085d52fb77e0de79d021d3ada4ec71a8ff34991232,kitchen,wbms_kitchen,train
561,b78ae3ed956af53634210e4ac8ae6a76845e254c188e8f3a51c66d48ddecd2b8,non_stereotype,goat_harmful,val
562,ea0f852909fc5668e0fc58b0acb1cca21620d616230bbfaa3efcea0ee26f3928,leadership,wbms_leadership,train
563,83b4bd35a2eab1f546f511ed54344ce2742cd559242c3face05f4c80bec3bc3c,non_stereotype,goat_offensive,test
564,cc2e48bf63d8aad0c77c5b77191ef7a5686909f56a5d97ed10f8ef7b77184903,shopping,wbms_shopping,val
565,a1803f2b1ca079d1393bf4f7de5ece68e306d539a7b16ca0a082151a82a3d5be,shopping,wbms_shopping,train
566,bc542cf3166e1c1c958960f6b86b4c1d458b627fb799a9b21990bd7afd8b3aee,non_stereotype,goat_harmful,train
567,7072bd108e92a9d767051077e939ebbe59c6ba757f790f57a4152228b4941dab,non_stereotype,goat_harmful,val
568,b90cea6d8898e0faa4d66e5fc88189d60cf11f2c68be484661c235ee7a5f316b,non_stereotype,goat_offensive,train
569,0085ca5054d4e56d023b04fdf3d24679bb92f8b82ea5545e82013de919513754,shopping,wbms_shopping,train
570,f618df8b07ca11d2d27ef1cc104a30b15ec76d4c816008a13602b76a18d065f2,shopping,wbms_shopping,train
571,6309cb743a6312e214603b9850c8effb78fa7558f1982864cfb39912b8126358,non_stereotype,goat_harmful,train
572,843434e7793bd384e9b392506cde17acbbb71bd5b39c57db2f4926bd59caeb1f,leadership,wbms_leadership,train
573,68416f4e1d5f0e2b357dfc0475fb5d1d73d1adaa6975c20a0dfee69cccb1afe8,non_stereotype,goat_harmful,train
574,84693c8f19ef3a55c923cba7d8008f7d8b9803436087eb1a155c076acc61fcbc,non_stereotype,goat_harmful,train
575,ddb34908a3e445cea89ddf6bfbd0ef29e842465054042cdb7531d6b9f291138e,non_stereotype,goat_offensive,test
576,08b0ab93bbb169533a4d9508c0cd811ed857c553f9e77f5decbc65128bc7e5b4,leadership,wbms_leadership,train
577,062458b7003c5b232a17139651d95855e21e5a38df28d4298557a7abbc610128,non_stereotype,goat_harmful,train
578,68cfb5ffc1e53892f894c8d67bfb8715ac73571d2d2b2a56bbcc66d7710b7387,leadership,wbms_leadership,val
579,86a56570a8ff673953895e033fafa55ffbb9c5186f789649670c293d8eb9427a,working,wbms_working,train
580,fdd220fac5cb21b14af19d628d859973f24514e1a769ac4756b220ff5e3bb83b,kitchen,wbms_kitchen,val
581,f8d9e057cf1afd2898a6e3b7d2293c1dba515e19df3465d8ccf6ac14a841fa9e,working,wbms_working,train
582,026a09fe0660e26119a8c862db7f3af846821aedc88d8f0226fbf1832a56cc1e,leadership,wbms_leadership,test
583,4df68705630ffa293466399fc29ecd86969ebee09339190c3035281d84d9c436,kitchen,wbms_kitchen,train
584,890b0e01fb8b65b4396d0a3c0fa14824657e3a3aae877a447c8d3dd187f36bf1,non_stereotype,goat_harmful,train
585,58fa87492f39e70f014f3bc9a5819a71de9f3973fef52d346354e5787873a947,working,wbms_working,val
586,0fecd667f9af631f631f517d03567aa0457b038857842149f73d0c5507971715,kitchen,wbms_kitchen,train
587,e2c7a3447410bd931bfd1987a82b916129454ed08dd32522533d0102202dab7e,non_stereotype,goat_harmful,val
588,1937ff7cda9421ed7a011b42369eb6e5fc27beaa57fb5c7ab868f07f92e29c69,non_stereotype,goat_offensive,train
589,890459bd6686172a2ae167cca0da303dc2afbd029107a7b8af01cb3edc501c1b,non_stereotype,goat_harmful,train
590,51114ddaee754ede2fcd4e401a271c5ccbc4cbd354fc7d6890b501deba45758b,non_stereotype,goat_harmful,test
591,5325632a42c4c91b89ca364444be0b38c265d3aaa3370acfa9da7adeb437d59c,kitchen,wbms_kitchen,train
592,419f1f33b62d38c59fc5284257911edc686504ce06882537f8e34dca554489a4,kitchen,wbms_kitchen,train
593,057a305ea4f8485fe705239b0535b64d33a80a72a3a3b7631dc5bf9fbe2d4ac5,non_stereotype,goat_harmful,val
594,df7a85e55a705ba978ceb2f46b25043f5e8d58bf2817575526212e50846b05eb,kitchen,wbms_kitchen,test
595,c0effb95ad37e203cd165a35d019736e80d6ccef0456a5490e4a209be0201b87,kitchen,wbms_kitchen,train
596,120fd7eb3715b9baa605098516df681cffcd00868f07c3f24369dd11fbb5ca39,leadership,wbms_leadership,train
597,3c5a7f801adb0d67a4da30987b392365391536fb96f4a39ae2c95c59fdb3de1e,non_stereotype,goat_harmful,val
598,7b0835d5de18ddff15c5aee263367cf3343e6fe9ff7fa5bd20640b1cb983e24e,shopping,wbms_shopping,train
599,79de2b3271be9bd02fe2e5ed57293d8eb447cf2eabd65a88307ff473561aa954,non_stereotype,goat_harmful,train
600,ddae3808ee46726822e491f0fcfdeb269083a7644d0c3a97a3a7735382aefd2e,shopping,wbms_shopping,train
601,4e7b1ae7c9b155e5ed59ec974244e0737c8f172a195efaca46240b970a31871a,non_stereotype,goat_offensive,train
602,76b584fa103d91fbc81ef8c3efb26a3bed2c8f2038029587cca827d43d14dd52,shopping,wbms_shopping,train
603,b4a49a3b13a7ea20bf1cb1ce9048506910449584e5b85a7c3e66060bf841f39f,leadership,wbms_leadership,train
604,c190a6be39080fc0814421acf81aa7f68fc3510325f575a07c587a74894d9657,non_stereotype,goat_harmful,test
605,db396701a429f4e1920ce843365f0cfc2ffdf5dcaf230b4018d3a63012bfc37d,kitchen,wbms_kitchen,train
606,ae0045160907636fc011890a7f16c09e6048e10446e088fac3f5909e58fb46db,leadership,wbms_leadership,train
607,9a4ac8ae29e7c13aeffe600ce450c15f1b6777f5b619eba8027ca7a4588019ea,leadership,wbms_leadership,train
608,29b34a6baf0d8e372745c1b8853ac59779796755fea95cfe4e0ed0eca6e86279,kitchen,wbms_kitchen,train
609,f4467592538b0c55e755ff45df34a0072c9e68ba7e3b83f96c6ea4e29c7a41fd,leadership,wbms_leadership,train
610,80d8944ed3926ae6b41eefa514697c0e8a75303fd8d1786b9b9accefa44c5f48,leadership,wbms_leadership,train
611,97648d0258df26555b13c31862a7bba34fce0aee3ba32bee0f9c78053dd017fa,kitchen,wbms_kitchen,test
612,fc32725b18adc8b69437e373dae7d6f1e1133d6e0090ba6074111d9b041afac9,kitchen,wbms_kitchen,test
613,712487220108d17fc7b2b1b19332ce35bd4c197e2f555aad6f93c4027dad216c,working,wbms_working,test
614,6193dcbebf190f2511c4c098d8bdb88c5706801b9e878ddaef8c2481999be604,non_stereotype,goat_harmful,val
615,5c376e351b8e5ddbcaaaf9f92f114371feb24e73df0066b1c5ac8201e7e7f5b2,non_stereotype,goat_harmful,test
616,9791f7ff22625c3fc2fc33af103496ccf9f2a3be7eba6ee382786bd30e5ed460,non_stereotype,goat_harmful,train
617,5f9914c492ec6f55d20f7cc09af8f59385142cf611b97bb312f5a52dd864e7af,kitchen,wbms_kitchen,train
618,4cd148f8c14322bb5271d7cce5b714495a1bfe7674861d63cdd7032a6a10e6f3,shopping,wbms_shopping,val
619,5abd883b2cc1780dea7155a97bb19951ae6a59552abce66a76edfae0405dd578,kitchen,wbms_kitchen,val
620,a740afc3dc81e6fe822c5d7fe500bcd68323be99904a2390c268f748efe7422d,kitchen,wbms_kitchen,train
621,fb868f29933c459bf4fe69aa175353d66e61ca7d3d754481c07aff7b53f02539,leadership,wbms_leadership,train
622,15caabc04409a615d9a946fef15b8a93bf7bb9617b9743578be261eef3a7e7fa,leadership,wbms_leadership,train
623,41c68c9010954157c93ef5c769ba814ae8a88e46aa21bf3b208eb2bf01a64c5d,working,wbms_working,train
624,353e7cd280e0d5c6938512b28190e00a32fa556114dc0b2930007803e8758b19,kitchen,wbms_kitchen,train
625,188eaf49a7ac29665f0971e465f9aa568b68acdea2c861424f3f2f4323d8b1e0,non_stereotype,goat_offensive,train
626,7c31e3329a227597e31b63ec943f6159ca13b8f26bd4d25ef2c7f1ab6f2c09c5,kitchen,wbms_kitchen,train
627,51a8a46aad25f67438400057ded306822b7d832a3e899f20273cdc02121740d4,non_stereotype,goat_offensive,train
628,bb17043dcf2cead290f354e5472ced09e0a64aa64b24a6f4bc0d34ecb20af61c,kitchen,wbms_kitchen,train
629,4dabcbe05b725a171b6c525ede75f53df8bf0df6b51ec0f1c9f37511669f20e2,non_stereotype,goat_harmful,train
630,64cc8436ea8d9a70ccb4337c2cc8d18acbc909981792accd4ca59bf5bbc9e8da,non_stereotype,goat_harmful,train
631,248407ac72b27b01987a23bc063e215c81517a2671a315f1abb10e1855988eff,working,wbms_working,train
632,dd9739b105bed250bafa5372e20d950b6ca76beb4f000beba518028307f3fc29,kitchen,wbms_kitchen,train
633,42156369052a9115ce49277a449604785a3f4297a2a1fef64b85809daf8ab03c,non_stereotype,goat_harmful,train
634,dc29c122563efb27ab5c50a656eb61c2a8c3a6b5929459e7c1e6205aec157fb4,kitchen,wbms_kitchen,val
635,320bc3fc52fdc9f7aae707baff1eec92cec999919fe96080d4eb8b40931668de,non_stereotype,goat_offensive,train
636,fe1f143da00e8cb4be0ab7fd2d1a5733d90509fc72daf9f94fa8b748e9fe5366,kitchen,wbms_kitchen,train
637,a9bd0627498f966d2aeeec1f33984fa9248795ef1f2bf74611a54949b458e2d7,kitchen,wbms_kitchen,val
638,e50cc0b99a85088baa73f416feaa64bd0cd3110d0de3eb1d4f983706461a60f0,kitchen,wbms_kitchen,train
639,f4fcd550730bfbad23e60694344bc275065b58f5712db840870cfabf54b64bd0,kitchen,wbms_kitchen,test
640,58e7d4dbd02c560a597d6a64433516a5abc1fc276627118d5ac7cd6b0ccbc810,kitchen,wbms_kitchen,train
641,518dcc56d0895872a3c5ed5db7a1da1cf0f9a6c374a10c6af62dc33579b63978,kitchen,wbms_kitchen,train
642,836de7d1c5e8b9e7bde5aebf84e2cfaf4d30991a8f481366f01b47f021733348,non_stereotype,goat_offensive,train
643,da165e3b09e82c0b5c7163a20b65135988b36b7616234bb6d22f41d5147ed0ce,non_stereotype,goat_offensive,val
644,520cfe36c3dca8d038a8f7750bd2cb1278bdfad79da64236c9f033b25ba2f63b,leadership,wbms_leadership,train
645,f91f8f7f279ae9b9ecb04a3d5b5d62012aaafbafb2340585daa67da098f58104,kitchen,wbms_kitchen,train
646,beeb497cd3e1ed94488b791dd1da8ad5e8a8495965e81ba5ab684cf2d41a3ad5,kitchen,wbms_kitchen,train
647,c050e467c619d370a4845a251f462b229b5cee958975aa6054a62c69bc5770dd,leadership,wbms_leadership,train
648,83fb47e5315407741ce639f499d726d980e97fc5d365759e06ec81358edfde56,non_stereotype,goat_offensive,train
649,3b8ebb697227933a83af481da5859408f7dd0e4550f92e7de913ba037c6f34c5,shopping,wbms_shopping,train
650,f85d99575217317d7c395b3fe95cd507907efc627797322e6edba1334a3c8293,non_stereotype,goat_offensive,train
651,6a05aa242dd12a72482672d9133f596d81b4e487475b843f5d9f6f8d11c3984e,kitchen,wbms_kitchen,val
652,5af7433acb28ab691bdb0ebbb7832d7a41b7ac49c01aa92e8811053fd8f7fec9,kitchen,wbms_kitchen,train
653,f13255388fbdfcb624e2f82980fbdfbdd3b595bb1e0ffdb2256785b7ea55e397,kitchen,wbms_kitchen,train
654,d3e5fb53386db5634b6913963d6d410737d3660a36302d865faf9ed7dff1f2cb,shopping,wbms_shopping,train
655,c78f57519aa183f366c22cf030ad559592e0f60053d53f4a5532ec199498f2f8,kitchen,wbms_kitchen,train
656,e85c5bf7a24e857e51ac0624b6fcb8fe6d8acb0bcd020b00539c66f649a77de0,non_stereotype,goat_harmful,val
657,2a996b77de45e0d12fc8c40f543a9609c99ab08bd675de4ea5aba19b3f41b52a,kitchen,wbms_kitchen,train
658,f029f8be434e0cae6da755c80de5e9aee4ab9896a3688b4009b15f120b683ea5,leadership,wbms_leadership,train
659,db4a0011dfdfb614eda320a74737a42b5284f54acfd38347bd6da432a240cb01,non_stereotype,goat_harmful,train
660,09b5330f289243fd14675f2bdef3849735033ff7962c1b71c0ce37a34f3207a0,non_stereotype,goat_harmful,train
661,ac210712fd4789fb966ef7a08362d511a0e26a7da1d18d528da9c0e94d5033d7,leadership,wbms_leadership,train
662,03ff465631c84ce722f337cf7f63d3e01a94175ec64b3eebb7ec09956c140699,kitchen,wbms_kitchen,train
663,4915acf0e7b8c848f83f006c16a0180c85f051536ee394b87744884c283686ea,leadership,wbms_leadership,train
664,7542810b1d53f0eb1a6a669933e2afdb667427c64f7ac4221005a43edcbab35b,kitchen,wbms_kitchen,train
665,c08de21982c384403a4884968d05c66515bde8ac213950163873e486a9c28116,kitchen,wbms_kitchen,train
666,783d83ecd7afcd4acf1ab03cedd014cb990a50c6be0744695712a8e202bd3ba2,non_stereotype,goat_harmful,train
667,75e1d298ab9ce12a28529729b1867c2e35ac19e360eb23a1154780fda1093621,non_stereotype,goat_harmful,train
668,b1564bae04bb7110d97f3f2ac468b00624b48c67ab807cbc133d425744c5dbd9,non_stereotype,goat_harmful,test
669,a1775013d72a9413dd6b62af5cef23da89fe01abe03b05038a053f52291f488b,non_stereotype,goat_offensive,val
670,fa3e3c57bf0309a95b78091c87bb25376291de7e623bc74136392d7efcffed65,kitchen,wbms_kitchen,train
671,12cc1524cd43019d2a8b24b917dc0f4e1c650895ede7e47cf2ad1015c07ddfbc,shopping,wbms_shopping,val
672,c81c6f72149c2113a8d1e11e1fa12f6b6e045234bfe30c6233261f3d02ac1d14,kitchen,wbms_kitchen,train
673,c9bba4a79a5545fe514ae90d675902dff92c26ad1ca95d6cef810f1a46d46329,non_stereotype,goat_offensive,val
674,9d79a9cff341919fa6a41d5d1cb32e415a73f6cbb338bfa2a43d6025dd344133,kitchen,wbms_kitchen,train
675,603881b8601d0b11f931ebb643837f04f0e77b91c49f8f9de07cbf4b522d3173,leadership,wbms_leadership,train
676,776a3751f9e04a1ee7793e83fa44567288a832437f6931b55cf51136b2d37125,leadership,wbms_leadership,train
677,aa1b8c8a22e62aa412990959230afde0bdd025f6b2c20bfd112e71590b9d4e2e,leadership,wbms_leadership,train
678,5a1bccbbf3ec73b234657d824245e08cf8876092b899585a4bf3a14c43bba150,leadership,wbms_leadership,test
679,5ef96e2d1523a5569390a8abdfdacb7f6465f912ae7bbcc7c733450c4c7e090b,kitchen,wbms_kitchen,train
680,e04bc1e98b684319f9fd2bd37f13d84ebbe52c6c040fa3dea0cc48f1a5551c9a,working,wbms_working,val
681,a57608aa2112475c8e8087f6be7f7686404b6ad60444008b6233f1c87c26d857,kitchen,wbms_kitchen,test
682,397f288710e0b9dea0bb5406c552293cdacd69f93db37b5244ff1e00d00c1b80,kitchen,wbms_kitchen,train
683,f86fb0d729f3f45d552303a7e4135cb6674010c0139759c40da3e45fab61a0f7,kitchen,wbms_kitchen,train
684,d74f25a705684de5b7de37f5f8758ed0b9aed9cca02cc7df7c4c159e8487e56c,shopping,wbms_shopping,test
685,164ea4c7603317b18e14bdd0199923a6b1a463d239d1b1b7cb6aac480bbc5b10,leadership,wbms_leadership,train
686,d1285f9d5db52ddc6d1b393ee3c1f3f1e35104eb5a319151d7f6e4833eda29fc,non_stereotype,goat_harmful,train
687,c967314e3b967af7aacb222eecbff523cb7a8b81074691510f8ce38e44bd9465,kitchen,wbms_kitchen,train
688,c1aed2acbba78cdb47424183a4db4ff7c8f3520b3b9f63b84020e862b6217a34,kitchen,wbms_kitchen,train
689,a170ce0bce1b07dfe8018b238fa3de416d26813aa03b64a10522c87d62a347de,non_stereotype,goat_harmful,train
690,7b59e605c8f63f54b819efd7c5c3bdec87af377f4916e9bfb1ae71255a69f47a,kitchen,wbms_kitchen,test
691,c85a2c6d30f8a418d38f3653b30b9cb138d4ac0532ba0073ded6ca5cdfdd14cf,non_stereotype,goat_offensive,val
692,d22474d441eb1e3afbd82f65892c8ee892be3127aded3c22ca6bcf6ff09bc0ad,non_stereotype,goat_harmful,val
693,6720e42fdd3dfec1b5402ac53a89e8205d1bf7c1eeb38cf91dfbee95c6b8d8e8,kitchen,wbms_kitchen,train
694,c0f90d4ba1de28e80d523e63e1d264c34a529fd0e987f5b82ae08e13d7339ad9,kitchen,wbms_kitchen,train
695,bf2dceab65a8629245c7e40bfc3cee5ee88871fe54260378a92eec580657c140,kitchen,wbms_kitchen,test
696,2f5b614a032de6442cdeb6793dcd467de88e8e509125a05a0744011dab60f27d,non_stereotype,goat_harmful,train
697,49dcc894a48d033db70336654c0dfdcd65aeb435c9938cec3db807ef6efcb301,non_stereotype,goat_harmful,test
698,d2dddcfaaa161fcb6aacda17d56e8ae4d06fbbaed270d031f4e731cdc9730a31,working,wbms_working,train
699,af681459baa54373f67e00f37d39d5fe49c9aa8697f49a54988297da43d4ff9f,non_stereotype,goat_offensive,test
700,be88b0f161c496f25758e49e3a75ec3eac262298deca24f3f35b4e5da3f79a93,non_stereotype,goat_offensive,train
701,c59c1d83b836f89cda0113730f1ffd028dfb47f10c0ceb6362b89957f68cd2b7,non_stereotype,goat_offensive,train
702,b63f410693d7a3ffd4d7e423e6c0028d19a01c516ea11231691efb92e570cc9d,kitchen,wbms_kitchen,train
703,07903ab6ba1926e4cadc565ebd852b46fcff5175c7d93cbb656f54fa66b1b4d2,non_stereotype,goat_offensive,train
704,9f2c2f85da492c32341f83dac3d3959e3274f4b7d9cbb79fa1a2f1dba1942360,working,wbms_working,train
705,1ace47d5c47141d3102a6e1e3832709b5c0a4abe29c240d954905c3d0cf80611,shopping,wbms_shopping,train
706,e9d70c3cff04ecfc1f23ee3414f9e0d6bbee1fd189e7880b1edf7f2465faced9,leadership,wbms_leadership,val
707,43e1b7c964003fca19af15dd202e41d3b966e2870f61fbe1fbc9afa653ee05f4,kitchen,wbms_kitchen,train
708,25a5cb27b58c92bf24b3077e02f5fabb278bb680ff8dbe4638a64225db481723,leadership,wbms_leadership,train
709,e9c3878a6ad347da913f1023fe9129bf00423dee774bd30b838978f75cfd90df,kitchen,wbms_kitchen,train
710,ad6665232cbf0fcce3dfccc0d61a6a229ac0ae05b8136bd59c1420ab5b00e080,kitchen,wbms_kitchen,test
711,03fee10242ee9c2f2c11d6047f15c8208f3610717b5fd965d7324b83b0a66328,leadership,wbms_leadership,val
712,42780a68918c103810d7037bf96a09633063b693e2e8a056ac9ce2af529793dc,non_stereotype,goat_harmful,train
713,d1e6995edef82ed75476a7e4651a1348bf53fb143f7586c567ed94eae4bfa718,working,wbms_working,train
714,88771daebfa157706fc9488bca45d25ecc0ba32ca73acd3141aa61a35bf24566,leadership,wbms_leadership,train
715,98044b2a22545fb4018e68a7b7d2658e414c234ebb2ec131a9dc3c7ee68b141b,leadership,wbms_leadership,test
716,9e51b97b45588b09a35b7d939ed9fa0a81d2cb88ee12caf8f7b40ed7e27deecc,kitchen,wbms_kitchen,train
717,4492cc9519da29b1cd59705de2f8b95d04c8bac03ec7286958b957c1f92f8e83,kitchen,wbms_kitchen,train
718,4eac4b887ee7b715665f91283967674b41698db9648aa368268df7011f28a070,leadership,wbms_leadership,test
719,1f2a3146bf77c65efd596c68c8c862c5b2f316f6c0f67646e0669d54700515fb,non_stereotype,goat_offensive,train
720,5cf60d8b697036b5ebdfe837f3f053429cfd881f1f07f0d2f609c99b8128c4cc,kitchen,wbms_kitchen,train
721,7e10a1df25266f447368265d4767c98b2ddb00056f1b470d25752905657ffd57,leadership,wbms_leadership,train
722,6205260f740d8a4673c324e8ce5639996080f590ed8a2fdaabbaef079124a26b,leadership,wbms_leadership,train
723,edb7e2a663fb185783a4f2423fb9fb4e6f425ef8b21f39a3c40e29f667764392,shopping,wbms_shopping,train
724,275a484a6b14194e303c4bcc5eac2cac700a952bd8b6ec49a37a260436034676,working,wbms_working,train
725,068f173707dba5a3d73891a7c0235e54e66237c44de94be4e83db06ae4729603,non_stereotype,goat_harmful,train
726,4bda79be21ee85994fcd4968e17e2bb14b3fc0c988a82369e54155ecf9c1fa33,kitchen,wbms_kitchen,train
727,44f936ef701c76ea8d68a5f3f2f09722d2a0e1b2317c963e56df4ab74a6fc6cd,non_stereotype,goat_harmful,val
728,30234dbbbc686c801ccd70b18f4cf37712a6a5ff0877ff0a90b73aed798f2811,leadership,wbms_leadership,train
729,d770b03b17ceec7064b573b2131be3a0840a1f6370e2eb2cbe4e636f9b41e929,non_stereotype,goat_offensive,val
730,4ba3ae97007f108ecd8bded5dea8c18bf3f6f44810f1bde0a5b1064492e627b3,non_stereotype,goat_offensive,val
731,da6ef63ceb89fa90feaf3b319b55c8a0777de6405c807a41961f7e4cd0b42792,kitchen,wbms_kitchen,train
732,eed39e40f919e7eccead0272613dbe3f2a640fb473bdffe9ec6f69525505c15e,kitchen,wbms_kitchen,train
733,84e17f6e7fff88f5c63b5b94d9f791f5335f613ee99b7e4d92085d19d7c96c82,kitchen,wbms_kitchen,val
734,4c49a2b7d1b27986098334205ebb4f28530e5384c98b3c1606e2016b7b82275c,working,wbms_working,test
735,631cb64394310509b0da099e5499e9918f1ecf8776f2238bf2d4256259440551,kitchen,wbms_kitchen,train
736,c9dfa272d1d01aa4e5f0b6c91060dc4e11cd483149c079c027977cb80b234ad7,leadership,wbms_leadership,train
737,ed3352d10edc50fe23f67fe51375183416dec39d23b78575c5af80110c41a9b4,kitchen,wbms_kitchen,train
738,b5817e4fe05f52c1448a112f6fb5111c99702856b05483c6676b263855756443,leadership,wbms_leadership,val
739,83f1f241bd52d9b946f171e42a33997abac803a1eb9158c933f526d415c9e7cc,kitchen,wbms_kitchen,val
740,d8c502aaf754e9c3c98944d2523ed50daa534bb5a1c54e8a36d5c0edc0bca8c2,non_stereotype,goat_harmful,train
741,a64276326a64ae7d00d7a3d2b4059d4f97fb8aeba10feba353ea9cc42c3eaa67,non_stereotype,goat_offensive,train
742,40ec7058a441f0555cfecaf6fb466ff64dee2d7978a727bc49ddd6bbc9b552a1,kitchen,wbms_kitchen,train
743,08e62197856a6a9049630d023acfa3cb8cfc79db41b06f6f5fdbcab515ea7775,non_stereotype,goat_offensive,train
744,182d148d48cffbdb2a3f2e200e281a6503c6021b950532c77d81d4d79cd72039,non_stereotype,goat_harmful,test
745,72396691d25f72e6f9a4fce88ba7e3bfc8b8b70cc2b932d971939d0e91e7e5cf,non_stereotype,goat_harmful,train
746,241f0cfd88890edb967e412a98323b6f4a67ab8f5f915c91cdb5468c7549706b,kitchen,wbms_kitchen,val
747,977ff04b081608c04cfc0b795a81727fff93b1c0d92c82ec8fcc3b5d0a5afc9c,non_stereotype,goat_harmful,train
748,f28d1e1b6ac3f75e52f3788dd82a6209f7311a9bb9f627b97a57fa85a60a5020,non_stereotype,goat_harmful,train
749,2d636d51fa4acc6a6c395dd0082d577242e0248a78d7771a74fdbc9218fdda0b,non_stereotype,goat_harmful,train
750,4d021100759acdf6d3207a744ba2891decf21c35ac9a1df5bb2d2821c926e5df,kitchen,wbms_kitchen,val
751,9304e7382d3f5e67d23c47f52cedc92c15918bee1144df0288627c1ac8e1bd00,non_stereotype,goat_offensive,train
752,cb21553de712b2d142d3ec6741dd017f70bf53ad906bc234895e9dc43f09d7a6,non_stereotype,goat_offensive,test
753,61640e5d3755f17c105b093f94df26c7092e85b125419da6b0bf3ebcecf3471f,working,wbms_working,val
754,e7c698b0873d9935dfdb5c1de2dee9270551769d065edae48d5ef6bba87a65d1,leadership,wbms_leadership,val
755,54a0870f2ea762b153b21b9a59373043c6262c96c9ad5c09fb646cf11b5b57a8,working,wbms_working,test
756,56fab773e95b74a2bfbd68be172be5449f487323d77081fa38cfe54b93416f0d,non_stereotype,goat_harmful,test
757,f6d74c1f0b24c5625a3c267f35d648b5c74daa0d33f6214a2a6961347be07433,shopping,wbms_shopping,train
758,65bb351be9761d23c25ec56729d53494e1c1d833eb677ae6c6d1c69223f38449,non_stereotype,goat_harmful,train
759,59f2b3577b81b88d4359299122cd559473c2d36ad7b877d6a7ce51d7f598dc51,non_stereotype,goat_harmful,train
760,83c808c99a716ea0f9388782d48e8910846b04b50814e9729cb8e580188d2b26,non_stereotype,goat_harmful,train
761,c691f3323c14252130168e97b54efbfeb8585e5e1ac15ff230ea8df596bffdb5,kitchen,wbms_kitchen,train
762,382601b3a231a58789435d3429539ce4a8f76624d88b2747d91708bcd1f06805,kitchen,wbms_kitchen,train
763,1e06c932e7b499694e3ed2522eb2f6354c64ead2d16e95ee22b90f4ce175def5,shopping,wbms_shopping,test
764,99c379bb3289a6c34c420123b0bacce3ff85bd32839d14fa98efca13a7e335a1,kitchen,wbms_kitchen,train
765,d29c8eeb8a03f8e585f6d66d1ff09897b3732cae77e65ed39012e7f863742e77,non_stereotype,goat_offensive,train
766,77f5cd3bb31bd4185fd6f35e0a9f97549d54cc957ea1493662532c6599fd46fe,non_stereotype,goat_harmful,val
767,44ffd460ec8eec9a569344b10695a8ce82573c437f38ab6cecf3e769a18bd234,leadership,wbms_leadership,val
768,7be41dc1f11712c81b18128910c8377cec1b7f6f077fbc9b9d64e636b7d45948,kitchen,wbms_kitchen,test
769,ddcafb9400552cfbbf401ca8a306bef730ea3b02b748254c55ec775a491c7efe,leadership,wbms_leadership,train
770,e6b2afe7fd329b344460718e0233abab7b16f8ed167c6f9d966972e7e8e19df0,leadership,wbms_leadership,val
771,97bddceaff9519cca5c8b83c7d0735be993297604ab209677b2d43f9d972e91a,non_stereotype,goat_harmful,train
772,26131e6040a706adea2b96795a27d1cb02a0ba401d07d45961803230478601c5,kitchen,wbms_kitchen,test
773,e4101f69e4085896a67573f84249f85c5007da76b5e34e29fe0eb2275e83f607,non_stereotype,goat_offensive,train
774,95b3057b8f23fa820cfe8e686e4084d43e649f35d79022960f245ecf42425240,non_stereotype,goat_offensive,train
775,13ac66d13b900caf5d68b3e65724c00581f5d7dc09ff89c9f747748cbbb3dd40,kitchen,wbms_kitchen,val
776,cf3755e6ffb9bd5726144dedf458fb1a9934453a6b4972e42aac162eb475b12e,shopping,wbms_shopping,val
777,655edf5409d04c8d9f1d095f7b3df6788794f51ade8af6acd9ba3fcc476b4c71,kitchen,wbms_kitchen,val
778,f3c787873e82ea1efe06b0751bc889a77440f4e3186004457c3bfbc9d37f914f,shopping,wbms_shopping,train
779,35bef3b69102647394514af6a5807aa8c4d8a6ab96db465c84fc26661389ace8,leadership,wbms_leadership,val
780,f0785e2d033c193d0f3a4dd4db2b1c0d9cc5587c6a8355d314fa0e730004c51c,kitchen,wbms_kitchen,test
781,fa7ac762d4d6f596ffcd23196de47e99ec5426fa94876f27c5626782ea1995dc,kitchen,wbms_kitchen,train
782,8548238be001dd5a5aea94286bcac377ae10b158945ac7f965b0ce016f690d7a,kitchen,wbms_kitchen,train
783,e71e413425e20c0411e5fc991b3f958f20e149b0db9155b6715ac0a30bd3df3b,non_stereotype,goat_harmful,test
784,bd596734f2346bcfc923b1fcacd49126b5f03242f0c9b6b3041eaf46256aa767,kitchen,wbms_kitchen,val
785,d6391fe694e91816d7bac2a767765bcdb8ee415dd5846e321cc4b31f5c29cee5,non_stereotype,goat_offensive,train
786,a57840b72e076a84b7b8f25c349978dbe541edbea4d02c9ce4fde4d0e4209240,leadership,wbms_leadership,train
787,3c0f015e81650fa63a00423366d551bccba0af074decb17160214b7cc11d6e65,non_stereotype,goat_harmful,train
788,5dda7c7b7092a808d571f1a07c2237efb624fe449bbc6a1d6cd1358be93e238b,working,wbms_working,train
789,8d1fc45b7b820163c13271eb9122def69eff6a4989a38189f6892e864dc854ce,leadership,wbms_leadership,val
790,fac4c72fac983aca8c389e2c640c07647ab3a3b8a9c27f1e9b3a92576b384521,kitchen,wbms_kitchen,train
791,54be8d9025bf6aaf18a510f28352d7889cc6bf6c16ffa67dcd014785f722c6b0,non_stereotype,goat_offensive,train
792,b8f23ce3dd60582c55751ffb36fa857456bae842327bc14c63ab5e8ea36238ce,leadership,wbms_leadership,train
793,02e44d3c1901d764f8e9924a6e17906d47bf8682914a12f4b37bbc5d912c97e4,non_stereotype,goat_harmful,train
794,28a1e000dd558093944d642293834712cec7e6ae21dacfef9f5279faac94acda,non_stereotype,goat_harmful,val
795,ad543277748cfd3d58837193868aa1218ce5a834851537d37c40338693a532a3,working,wbms_working,train
796,452f9aafd6ff659858230667715a2b6b238e5b97b514498cfcb8a05028ae53b7,non_stereotype,goat_harmful,train
797,4e6572c55aa88c8c17f960db4e0e8c1319491b5973f147213bfbdaab2d1434c8,kitchen,wbms_kitchen,train
798,fc389bf0f888784ca5b66c350788c2eff63de1f09f1ab6b52ac87be64777de52,kitchen,wbms_kitchen,train
799,f38488f1a005ee6e63381ea2977b68c83e8cfdbeed7849542da47ecf09304d8b,non_stereotype,goat_offensive,val
800,4882d3df8f2f6552bc46103669c89e1a44ac85e30e3fa8705db66814fff32e73,shopping,wbms_shopping,test
801,d7b428678466f0b15060c8f127208487e50b78665df18049d76dc95dd08239c0,kitchen,wbms_kitchen,test
802,3dc6e54344cba5fd3b946a18a6627d718f6ab14e1743c8fda73769a5db7f4206,kitchen,wbms_kitchen,train
803,8060ebecada28cd27b5bbd5456ebcf469a125dba3e84804d57a59347852ff218,leadership,wbms_leadership,train
804,539459a1ec60d44e75c76fa5c72c98f127c3c1ac8f1ea92b0c237bbc67e5fcb4,kitchen,wbms_kitchen,train
805,f360ef455fa68167963d5a2b4545abd6d5689e38e5cddb591f8463df2c38bd36,kitchen,wbms_kitchen,train
806,74df2ad39b724fa158fdf6b12d65096268902b9a8c825ee49dc50e305098f028,leadership,wbms_leadership,train
807,a463bb34aea68856a19a49e47f113450166e8ee7ca4061ad0405ac5152f49127,kitchen,wbms_kitchen,train
808,dd8a4dcc861a1dd8503029d752f7569007c407d006c93ae6e5574d9b0dd5f16f,leadership,wbms_leadership,test
809,b662c459e60c7a4ae4ebcbf5659f3055878b222d4454b97e304849ac15fd5faa,leadership,wbms_leadership,train
810,12a1bb4b076121ca082bcf19e8d4608c502c490d51ede3d2e015fedd82260a2f,kitchen,wbms_kitchen,train
811,353b6f875657b4693aa83806f9c4a80a8ab8ef21f57f92fed2bb1db5c94cd7c3,non_stereotype,goat_harmful,train
812,0e231b88e0322a1003168b9cb20fd2ad928def495ba1a60dc5baabd953a07701,leadership,wbms_leadership,train
813,0e4ff1e1f96af26a3effb297bff0ce5e87690a488d6df1590e0ee97da2b116a9,kitchen,wbms_kitchen,train
814,b62b2f669585d86fe1e2d062214c24245809deed1393d2be585fd4ef9c4bd75e,leadership,wbms_leadership,train
815,4f9ac7660f93dec6afe96809dbdcb648cf94a98b36a11a9c2ddadf541837bc13,kitchen,wbms_kitchen,train
816,9e740d2d26c972aa78f6b5e49922447decf105b2ee556d7d79406f96e142a336,non_stereotype,goat_harmful,train
817,3684b3ed405b6bbb63d19fe581f00775ddeca5f2e256f235056de4ae46278a4a,leadership,wbms_leadership,train
818,ded9bf9d99dbcd1073c25e5579f86c5c0d581f3187fd256bd1f27f868182e947,kitchen,wbms_kitchen,train
819,d973fa63a5a324e722c4afbdb512719335eb11795ecd7e8e1906f4084c1e341f,working,wbms_working,val
820,f4f1dcd61a8b00fa0c1f20741c802369ae5ae1d4b8bcb0a4c885a70137a48326,non_stereotype,goat_harmful,train
821,894096420349d7753a0e13fbbdba8fcaeae17625c1018d50f311bb5b135b392d,working,wbms_working,val
822,4ef9d0e83b4241c22c932068cf09c49e27a052cbddaf353c4e672bfa137db675,leadership,wbms_leadership,test
823,02b049ea695a17d87855137936314ddbcd5262c2696b5d42c979b6cfbe4a0fda,non_stereotype,goat_offensive,train
824,043327b417c094c3326534e89ca9c44b5aba29537eebf10e53012928e6a52669,non_stereotype,goat_harmful,train
825,b28a8271b6ee0394d05681543a6502f7a6168deb05d786ec81bebc8e01ba953a,non_stereotype,goat_offensive,train
826,fe83230ca0dfdd9f65491fcfeb4346cc02cbbe25762a38a6bebfe384394c3065,non_stereotype,goat_harmful,test
827,c99a1856ddbaab98e5067aa99b2b742fe695afb78c820549421e3ca7c726470e,non_stereotype,goat_offensive,train
828,4c13d30a510ed347a455557291672167c798f3ad0aa6b6deb1f104afa78d011d,non_stereotype,goat_offensive,train
829,0e1a34a91eb5fe4b238e9ccd2165f26c9e54bec1b95cb8deab4e581411243a56,kitchen,wbms_kitchen,val
830,f708d6437b0476c467cfd10f712c33f35234012306d4e5fce41f2cfdca5d4893,non_stereotype,goat_harmful,test
831,9e0191165d9fcf722383d3ea383950b4cb341cabf1c1b78c0dced19918153bb0,non_stereotype,goat_harmful,train
832,8de3a3e71062b711e5ba5606326689ada5c3a89dd6e21a6c9d51954403ee5763,non_stereotype,goat_offensive,train
833,8b95ca985276063595ce388c5884190b1a8e89dc5747324b79eff4d66a4ef57c,working,wbms_working,val
834,df4cac64e652eac768caeb17ed551ca6eb71aa630f9c95970463d09d4b9d3ec3,leadership,wbms_leadership,train
835,43bfde13e32196ef7ff78e10557bac15700d9b42abdcf721ad672f7485e1cdcd,kitchen,wbms_kitchen,train
836,9dd7720157b0ba1c35fc841dcfbadaeafc8b6f1a0d0f9867eecdd4a54aa22808,shopping,wbms_shopping,train
837,2124a9a71d1a8fcfd3e6b3b764df8d77e1d717898c45d9c42c1e1d243152ba0f,non_stereotype,goat_harmful,val
838,d4ccaba5cd1d6df1b7d718460a65e2ebb1ff583f944ca804f4c260dbc9267c01,kitchen,wbms_kitchen,train
839,1c09508fa29e06944bb508464e2c036c530b6267210e1a866b91ff12d0d6463a,kitchen,wbms_kitchen,train
840,9e0ff73781a444b022c5b721010d43ad4ac5b3294d60acd5235740850f6737ca,leadership,wbms_leadership,train
841,17def9e84a408679e3508186f038ea09acc853172eeb3e81413b0d6c0da06bb8,kitchen,wbms_kitchen,train
842,c3f19428eae26d2859c471ab25c73c023291408b972d343b79829da31c8ca5ed,non_stereotype,goat_offensive,test
843,f9bca6e1600a965a9a394436fe5413dd771b1153ea56138e0ec63f9247ad0f1a,non_stereotype,goat_harmful,train
844,88fa444a2d380ac2c02777671cc18e9f0db5435446ec8d6fec0b05c9b269a433,working,wbms_working,train
845,cdf330e2cf302eb2bf12d75ca822d85ccbc6f5c330c52182fa96f8a88baf0d70,working,wbms_working,test
846,8d9e5056579cabd719b86840adfb3781494d7d490837f3f02479b45ff16aa000,non_stereotype,goat_offensive,train
847,e68dfabc374b80daebf06aeb4d19d324bf85662b053e385da0461bec2b7381bd,non_stereotype,goat_harmful,train
848,ecf62a061bc51bc3455fd6b13adcfb2bd83a7a4a7133b1cdc0b86cf096b61724,leadership,wbms_leadership,train
849,a2cc0f06c657e954351930880b7ca6675d1513f1f8253521b25edb5c09d44897,non_stereotype,goat_harmful,train
850,9aca406cff210404f2053a34eb0756d2e0c84fab0beabece10dceded9fa69d65,kitchen,wbms_kitchen,test
851,088eb8d3bf6792561ea9e5b51e13cb9f86c11b13f257cc6611e3f57cdcda7bbe,shopping,wbms_shopping,train
852,3aee845a9c3e4191cedc5167456accecb1622c987bc60644fc39fe7283fee44d,leadership,wbms_leadership,train
853,3335fb80779f14dee9117e2028ecfaada09f609648ddfe308223b1cacc9ee98d,shopping,wbms_shopping,train
854,d099bf83713d71661687de44fe18b0f98dcd4c89bfbf1f1419ccb3a1519b83a7,leadership,wbms_leadership,train
855,1a2b2899aecc90656c61fc47eeefed85b520f87dde163fa1275dd116274202e2,leadership,wbms_leadership,test
856,46cf937e468286905ac9787338e3f9c3e42586e666fa9ec46a5d7e025b4f5768,non_stereotype,goat_harmful,val
857,a4346c59186ae9d0d90180337225978746991e5523152382c8069958a4798229,kitchen,wbms_kitchen,train
858,0cb19e6f1ff2ede991724d547553319d0188c0dc00b5a1341dfb8c080c2f2e72,non_stereotype,goat_harmful,train
859,301f56e7ef696da61bf96ce335144f4429bb1c50d130c4c68cac7c24fee5c575,non_stereotype,goat_offensive,train
860,6279e255862b63cf667de88f997403604674564bd36e5b23e089542d8ab1eeee,kitchen,wbms_kitchen,val
861,b10b983c73496ea69cc18efdd1e39e5975e2e21b5c31907fc8e21905f56c9f84,non_stereotype,goat_harmful,train
862,4c9d375083f054c82fbe03e6fce729fa746c5b1b344787a8aa89b4e8bef6c872,non_stereotype,goat_offensive,train
863,e37623a247b036d77690cf35e9b9cf03a1dfef1f53e5c4de3c773ddfd6888f0c,leadership,wbms_leadership,train
864,4e412600630218247836c0e77f575ed24182d0144b2b793c203c4523ed729eb4,non_stereotype,goat_offensive,test
865,6247796d65dbd2a73c5919c09b5a36c008b0e8d3efe944f6eaa7d31c6e8f031f,leadership,wbms_leadership,val
866,bd2d5694014d0ad22e6481518f60c4620b1c5a43707403177c0a20639fbf83c2,kitchen,wbms_kitchen,test
867,999d5ae8656a7ff947d9fc5c0b716af86fbae778f045e3daff672de3da37fa22,kitchen,wbms_kitchen,train
868,97e8aa1d291a9e4a1455ea35e2406b142d7e7a92b059d3ee09e19a174e5a5fae,non_stereotype,goat_harmful,train
869,7c78b3ee967fc99d6a17880cf071485d3040bdb7967ecd910409d5bcded2cf4a,kitchen,wbms_kitchen,train
870,c69891333db2bc1aaedc3884c48ad0dc599a61848831111a8b7483450b655c07,non_stereotype,goat_offensive,test
871,c6f780b240f4798baa9d15a6b3bef3c6da5ca127d3a9b825ad74afd28c8cab9c,shopping,wbms_shopping,train
872,0d3e2e6fc8978bcc282203a6ee894a7045aa505962554eb718fe7d33b5419fb8,working,wbms_working,train
873,ea7d8d642e7631f02e02746fcb42ba867335639660ae8bf7bb863947ff5e9413,leadership,wbms_leadership,train
874,734763f419158ae7780cf11a54a1785c07e468dcb8d479366db6eed035cebac6,working,wbms_working,train
875,9296b17b214727f4c63f180a92ecd269e5a311b0cac26388ebe313262781d7d5,kitchen,wbms_kitchen,train
876,882b9ca4f6256624bd30f0c41e11a05cbdf1672f07b5ac630d5dc3d767b3bde2,non_stereotype,goat_offensive,train
877,77ffcc748ac8991f38b00a331ffc0e8f02292cf71a0eed87eed9e557de5270d7,non_stereotype,goat_offensive,val
878,3724f5e969f218b4b93a3afda9d5bb763b926cd2e539ed0067aad735daa16cee,non_stereotype,goat_harmful,train
879,52fe07e4dd40308fdf79f102b2f9254e7f8bfeb47e3767c0424c17a8033a9e67,working,wbms_working,test
880,899558f0f531738540352c2bfb7f4a2190809fb6dc46a7cf275bf3b5cc6fe0a7,non_stereotype,goat_harmful,train
881,f24d522481627e520120911e5fa8f8658ce10a7864a4d97bcdd94af6ab92bef1,working,wbms_working,test
882,861f0b6787b688e34037e2480c4b49cc9534fb174e3540d604b2ffb32b3d63c7,kitchen,wbms_kitchen,train
883,ae73911d6fd9f9aba289136162e46881a2742335455280d7173b52128d6b363f,kitchen,wbms_kitchen,test
884,34a26f68e2e65b462736690f79920978f1084c25dac3be222b645c581048dfb3,kitchen,wbms_kitchen,train
885,f2161ff41c767d210fa0274d6393e7d0d43fbeddef7130039b04a3cb8da9e2fa,non_stereotype,goat_offensive,train
886,2cd84aad9a44d878e944f458419395c2583ea3baa1ba4380daf4ac6949499d83,shopping,wbms_shopping,test
887,8b987e950c48893a0b57c590f2344bf5f06573d71e1ba620c447136406a322e6,kitchen,wbms_kitchen,train
888,d3999c5a1e02f197818ea4542b9e44adebe4f6c61ddb29c609bf9390f74dad38,leadership,wbms_leadership,train
889,641a8f158be45c88fddd385d0500dcd952a2c0858e5a8af56bfb57478bf1c3e2,non_stereotype,goat_offensive,train
890,712bfdcc2d8d61dc8f399160624e3ec3a2dfe59ff8105deb26fa2653444ea997,kitchen,wbms_kitchen,train
891,56b5a8ae060a7e999fe213e09fb374530eabf1cd278e5cf34bfce696d0bf0191,kitchen,wbms_kitchen,train
892,a4b2b174b07f3c5328a6ade0ea581e04fabcf62818020b46a5add34e65ebd7ca,kitchen,wbms_kitchen,train
893,2c900ab661b8b1f01ff8d29ff3d0d0b5450c094bc25774a371f51216ddcdd07a,kitchen,wbms_kitchen,train
894,219612d72422dd0cda161024ea56a14ddc058d4c697293ea79a4f6128dc8cd0f,non_stereotype,goat_offensive,train
895,a117942cc0b13665116ff87dcee3c2cbd9c022954ab6c2526564fb3b2ad1deb4,non_stereotype,goat_harmful,test
896,71d940541d80ec94dca47a18d2164e0b8c095e7ac7787bb66b5d8d96a9086221,leadership,wbms_leadership,val
897,2711701d3cf03381692b2e4333e7d4d7ab475c4585ee8f7c3987e0553ff602e9,non_stereotype,goat_harmful,train
898,3d0de654fabbfd6bc7032763c026d3fbc448d2d954fe2017a766f71221cf3f3f,non_stereotype,goat_offensive,train
899,0c74139f68bf1871caa437d86243e42842c35fa4b23e763e1c2f4e2bc540f1a0,working,wbms_working,train
900,e934063664ef5376441ea8e3e82ebeee6c1bd3293955be6e3fa015490ae4e067,non_stereotype,goat_harmful,train
901,ea1a214566ce58058886a30f839dc80d90b2e4817729be57d1de2ba2f3259b12,kitchen,wbms_kitchen,train
902,44788ba86afdd2c24bb0311b35aab0c4ff9c2dfff768291df81337259842562a,leadership,wbms_leadership,val
903,8b38d5f94a30aedc7356afa5029fc6a394381b82919ff5189150200eabab0f08,kitchen,wbms_kitchen,train
904,966c5849a66a9f663e467d0b90bdbd0e5587361873902499e6458e5d913ba4ff,kitchen,wbms_kitchen,test
905,8bb1b956d108e49832011faf6981bcd921a89ae257f05aabca6b7ee36518410e,kitchen,wbms_kitchen,test
906,71e0ca56d0292007415abcfa7669db2bce7f4a47b68f450c9eb4b54eaa26ecb1,non_stereotype,goat_offensive,train
907,2c0ee340dfd929e1f2179a9a8a852e3b49323aae70a55c51e512afa01d150778,kitchen,wbms_kitchen,train
908,5d871daecede14a8a010dddf39e53792b91f55184b579422871fbe2b0c9f69cf,kitchen,wbms_kitchen,test
909,17d7f8058a0aee5a81d5dd205013403b026c9e9ba70466bfc1851247a773eac8,non_stereotype,goat_harmful,train
910,800d6a6efb6933ad46caaf7080744ff8d77e582149ba67827e710b67230e38d0,kitchen,wbms_kitchen,train
911,792b5fad4310de593aec14d365f119564c6d825b5e52c6f144c876aa3d78a2f6,non_stereotype,goat_offensive,train
912,33b50bc7bf63c727a53eccdf6f82228d4ab8616bd5672303438ac2fbf868bb63,non_stereotype,goat_offensive,train
913,dbbdfcbcc1bb7db5a2e48188d7f44c2085b65840f69dcf2b5d291ed799621ecd,kitchen,wbms_kitchen,train
914,2c9529383f9175cd87c1aa91464a2b67b3afa488fea678d84c71f4a4b59a99f3,non_stereotype,goat_harmful,train
915,d9be2c996d7e6878dbc61890cc64fb5ce6cbd72173f2bfee395848ea9dc837a0,non_stereotype,goat_harmful,train
916,f55ecb7da21fcbb2257b240f1557ad13acaf1b9be75309c989bf0024580e9b86,non_stereotype,goat_offensive,train
917,b4bc2ea102f80ebc0dffd6bff5fac8149f3d528aa04700f8c442c9ab9307fadc,non_stereotype,goat_offensive,train
918,cda1d172dee7c4b3d109f629a6f7e8f5eb689d25cb8cfda03a94f41bfb93ec38,leadership,wbms_leadership,val
919,0a55e2bdd15594e27811c20be4f89a5742bcba40f275ff1c0393e6d9a4f6ca2d,non_stereotype,goat_harmful,val
920,f6a46f5da7ab3aed92a7b701f6902387a6d4b1c597f96be5dff81c122a31c3d6,non_stereotype,goat_harmful,train
921,9010e45d115e4772b36baa44f30f10a9c47272c7e7e84d1a74e3b1aa0a3a5123,non_stereotype,goat_offensive,test
922,ad752477f96d88072572e77187a9cd6c4f6f1bdf8492dfc4f4ca0c2126cab53c,leadership,wbms_leadership,val
923,9477bccf239276c255e1e93032d3c9f375e906166443d28e309fd621b0058d9a,working,wbms_working,train
924,3f2b3f3cee3bb9cd40a186925be2b6e743327933cc74fd1891704e5f1400ecf7,non_stereotype,goat_harmful,train
925,7581fa184ed615fca7b17e909372b8e0cf8bf73ab276501dffae77403667a167,non_stereotype,goat_harmful,train
926,4dd2e2ffb0f68ae977264ade6fe698947f4fac34004e2ce1c4cd98fbe829b0e4,shopping,wbms_shopping,val
927,6a9bcef2b6b0ab4c870f94f1fe079d36d1174e3223718bda4622e9cbf66cd23c,non_stereotype,goat_harmful,train
928,d3a18e13076de6676b9626d497169dd476f3b7234af47f69aa919159204659d4,kitchen,wbms_kitchen,train
929,25b80a183d5362a7336ee0691d5cec1a060dd632ad12fb262524dff549c62846,kitchen,wbms_kitchen,train
930,582c059e2e92df7369606fcb2d2bb5c33acb7fe31ebf5ddb2709413009805104,non_stereotype,goat_harmful,train
931,73e689538e34a352dce3832b964d2ba5ac1daaaee16ae469260d198338ee2d97,kitchen,wbms_kitchen,train
932,c56dff7591d99e30d7bc96a88fe26719bbe58bd3f5e9261b95c3825ce75cd47e,leadership,wbms_leadership,test
933,f40089988a6b0dbeaa7e06782301b613029ab02f33b0336971361293c828eacf,working,wbms_working,train
934,d9b1d2dc6db38dbf854b6274b13bdaf28f14b3d69d87f84972a4205bc201d912,non_stereotype,goat_harmful,train
935,36002e2f2bf22c8777fc48152aa0c827dc585a628ca6bbba6011ad1fb1b7c83b,kitchen,wbms_kitchen,train
936,c357cc9df765b17ec80d93b03a98ed2613caa3521b3eeb618945580c5ea96013,non_stereotype,goat_offensive,train
937,8d8392222d34ee80ddb2e10897e932dda4910662cf382a8b250617386d3c210f,shopping,wbms_shopping,train
938,f3a158581dadcd9bf2e63c61b3801efcb8a1c265e85a716eac5c70094b11cab0,non_stereotype,goat_offensive,train
939,b37c06807492bc55fade0868faf27815fc97eebc3a42d659f842b93665a0d90b,kitchen,wbms_kitchen,train
940,e2a68f533815e546c4efb2399098ffda472293984dee9f51f30fbccff5c2f07b,leadership,wbms_leadership,test
941,a76f28d5ed26f19f335a966ea07d127495f85a9cbd32d16690090f3a18297d19,leadership,wbms_leadership,train
942,255c555883ec623d6e330d270d3cbcc9286b5ecb3276c49c57f54555d7a8b86f,kitchen,wbms_kitchen,train
943,11145c382baa98374a528113d0d35e1332b7042498aa66bc3d8fe4115c10406e,non_stereotype,goat_offensive,test
944,c27f55713a66b01e5f42f9d042836ea23d6bd3ffeaf97646adbfb7cde0901b1e,kitchen,wbms_kitchen,train
945,1e812fe196c53489e5ad642e80d32c58fcf75653f322bc1d57c0d35d4e6d1c78,kitchen,wbms_kitchen,train
946,89712fd7035cb84bcd178b282a24cfefe41a053329a3453b379972b8563ec3c7,kitchen,wbms_kitchen,train
947,91379a511215f135d2c245360f4f8f078bb794cee6984e892e6d46839246334d,non_stereotype,goat_offensive,train
948,c93dd7fc7479054a17cac02eecc1f4dde1d6b74e20b724d4d0ac8e5b20507130,working,wbms_working,train
949,596b44614530c838249ddf3e555204f81a784d5028505d3a06e007b1792c028b,non_stereotype,goat_offensive,train
950,3e461a222ccc4c9ebf2c8409bb8b0c5e6d20e9b22a199127264c4e4181136d53,working,wbms_working,train
951,ea397a1796d764167f4fd3e7c0bf17448f622e44e5345950422671efece6b3d6,non_stereotype,goat_harmful,train
952,e201508acc115db9eb3bcfe9843de83a0f685bd13375c580ebede732556b29ea,non_stereotype,goat_harmful,train
953,71ffa173d995d89a4c0b358079861f9b0a16128c60e234cfe328583595ca1e65,leadership,wbms_leadership,train
954,7fd896616dd2f2597ed723cb20b05247889e5c690ebe55987f92f5a7c0e865b9,kitchen,wbms_kitchen,test
955,594d985f0d6644c50d3a0964a35356d5da27b028c4db29610fcd0fc630e4522b,non_stereotype,goat_offensive,val
956,f2006580b7a470f381e91f2fe70118287e707b8690e987d15d1078ca1079a00e,kitchen,wbms_kitchen,train
957,6aef3778c702d041602e123a5a756942101515c3daa8e6f1e882f1c95b69a91c,kitchen,wbms_kitchen,train
958,e3e3d4e6fe53c1f80090484f5fac0aa6f30b4b640c085af9c2e6b5bb7809cba7,non_stereotype,goat_offensive,train
959,477b5378f0cbbf0338de961571e73aa319b4a3c1545316fed555961af489d891,non_stereotype,goat_harmful,train
960,06e46e36bd94515732788018bb711a83c677103be0e089abd1e5be31be9d5078,non_stereotype,goat_offensive,train
961,7c4a1527c4ffa85b7b20e99538ca8b32b00c87d93ab6567c1cab8a0254e328b8,shopping,wbms_shopping,train
962,f87e56900042caec37817102c5d27885a974f0f71bfea60b071e1e1d89c9de7e,leadership,wbms_leadership,test
963,0eba042b0ea5cf7ae9a2e016a1e33f9f06ca9a908a592549ff68ca3eaacead5d,kitchen,wbms_kitchen,train
964,1a1fd3c2465cdc717b7c674cc845cdea0e420abd5fceee193c2e287cef55cfbb,leadership,wbms_leadership,test
965,9c0ef3a07d2f10c83549f9e3e6b5a6de6927a7fa5905774c313a4bb14b4d4237,non_stereotype,goat_offensive,train
966,017b34aa18acffdaed6acdaf046f5b27895c0bb2c9e0a6df2f23975349cca441,working,wbms_working,train
967,bf86ef22eda9af5f641149d57c1cf734f117fa14d265bfd31717346098f8a4e2,working,wbms_working,train
968,7d83ccdb423667b90289be4bedbb54ad8e30a545cc7d5141c870e37eeaf00efe,non_stereotype,goat_offensive,train
969,309878742c4045af8b7d6c56c3c12f255b827f9af8f87f8eda8f2f8cca576ace,non_stereotype,goat_offensive,train
970,a41a4131146f9e3dd891ece9289d6c14d8b165863e20eb30a8c48aeb48193aed,leadership,wbms_leadership,val
971,397fcd774d8e7be53d929dfebc367e029ef2f7ed72e27eb87cd68f6004f5b4ba,non_stereotype,goat_offensive,val
972,c42596df49ccbd5e959d9b29e7b08fdc41926a0f97f8ef9627cffbaf34dc108e,shopping,wbms_shopping,train
973,739ae9767b8430190f5c385ae707da97dfe7882445570a29c91529f9ba75673c,non_stereotype,goat_harmful,train
974,ba68b6f2a1305567c7c28cffc417f1f96ae8675b6d880a7d20db89f1d5b17e47,non_stereotype,goat_offensive,test
975,1a1232eb3e65b2c7e8331f79370d822ea1bcc98d355bfe7011a3b07c312ef375,shopping,wbms_shopping,val
976,2c6cfaa2b164b57080aa7b02be784ccc76a8633f12cd456b1cafa73515f2e0c8,non_stereotype,goat_offensive,train
977,ca601a5c07ce6df1801326fb8a93302437bb785b0dca3ab5f9197269741f9d18,working,wbms_working,val
978,110541c11afeb13d115751ef59f90b6f2420dd69c916039a4d8f3de5920c5d83,non_stereotype,goat_harmful,train
979,e7de07a4d1bd1c4a2e88f558fbea08e9e352b6dca64e80d03a3f985b65f4a4e3,leadership,wbms_leadership,val
980,3aebd82a98af3a8afcc27d0fbaa275e299c3f1fb2039c3e6fda6d89bb2fe01fb,kitchen,wbms_kitchen,train
981,90d0a27672b46a13dac8c03c3beb214d4ddca2b46490b05f7892ff64909a7f23,working,wbms_working,train
982,7bcff626fec29b6d5d322f6e8b360228a9cc51a1a25b12948ab72d3f2265815d,kitchen,wbms_kitchen,test
983,a7c08a5a321af072745c33ede406ce74116c46a0fa2713ea4a1aa21e528b04d0,non_stereotype,goat_offensive,train
984,47830fb8f0705abe2b63f36a0f38755fd680ff45f7d31ef662dd1f701c6b54e9,leadership,wbms_leadership,train
985,0bdbcff03863735a4b03bbbe4a80788432d34ea18dc987994a66904208e70d19,kitchen,wbms_kitchen,train
986,90640c5aafa2c414ca13df19fed58aab43b46a31820b0f8092c0621e1176b6da,non_stereotype,goat_harmful,test
987,84938252784b3ec624551f1cccfafc6e74b928affb8f1e0114e24f232401bd90,kitchen,wbms_kitchen,test
988,7483631e7be3e3985e01a7f87745270ba18b07169ab69c614153eb0f0592ce5c,non_stereotype,goat_harmful,train
989,ea48d7061006a0c77675681fc09abc891a03950fcc6ecef6be751b707d7fc65c,kitchen,wbms_kitchen,train
990,e0a4d9e5d051a340386b34722b0001bd3da6a584dd2bd27c27d5d13c5dd86e47,kitchen,wbms_kitchen,train
991,86f5f2af980139bfcecab1665cae21494ee1116620a18a0248b8e128541ca7fd,shopping,wbms_shopping,train
992,f6d64b795b296cbfb1a4107680f56170fa426da51eb65365b554c49562968478,kitchen,wbms_kitchen,train
993,98a3ffa0a218085a96bf2b56ce391651e1af88a691c200363b6b759a58868c64,working,wbms_working,train
994,3f6042738c8fe2099ec6ce3bc2b1e1a414f1469197d71debb741aaae45014ff7,leadership,wbms_leadership,val
995,8340cd13bec810897d63fb02a3276ef50aa8f7f5334216cb7e8cab7caa363c3a,non_stereotype,goat_harmful,val
996,4a41466cfda0c4478db12626705abc5b5baeb96d7a76d7747de9a2d7bfadda8a,working,wbms_working,test
997,0124006762559d81332c14eb5202bc4ab854bd1c9dbfde30cb7d311bedc75162,kitchen,wbms_kitchen,train
998,ce7eff73dd45cf0d81ee1d86062104f71128551aea471304a842cbe82b46fba4,kitchen,wbms_kitchen,train
999,4ade84209024da9df4c3e8e79ab305d0054946b6990a73fa8e7acc1295e69091,kitchen,wbms_kitchen,train
1000,0dc29bb87f09789d2a0711bdcc7739e16a18cf9e69ae13d6e7d6268438aa9870,leadership,wbms_leadership,train
1001,43e308f7556f70fc8294e24fd0ec67a6d8796e4db4b1bd476f7117f10f367ca3,non_stereotype,goat_offensive,train
1002,cef0154064adf062ec38cf9a4898c09c2040314ec0baddf3faffbccf7c1fbdda,kitchen,wbms_kitchen,val
1003,310fadf838fc14ec5a6ebb15cd8f849e931d6c86f79127780b3a19759b56f24d,non_stereotype,goat_harmful,val
1004,90a9a5adeb683f6c72edecee75f0787d300f1c8acd99a77e70fcb708f80be5c0,non_stereotype,goat_offensive,val
1005,73ab71cae5a97b840440b1bf18c3bf0840e93a0a5d8deec0eb7ed5bea353e607,non_stereotype,goat_offensive,train
1006,105645aec459581db03a194895a59da73985ab9c0b1859e2334b55fa4379c249,working,wbms_working,train
1007,d73b2453c87e485892167843531c3d73b96810601ea0a93e456b4c15f4e30d1c,non_stereotype,goat_offensive,train
1008,6a8b200c9945bbc01339bb0183814e9b6dfb832c1c0249a25e523b1ef953ef4f,leadership,wbms_leadership,train
1009,e8a26760fbd730e51e04d1f05475f315c732c0e9497a2949f66adb6add7c96c2,non_stereotype,goat_harmful,train
1010,c9fcf17105d366a61e3c87dadcc82e86b6dbd8e342d3067eaf0b63987cf3759f,leadership,wbms_leadership,train
1011,3a03eb4e38df962ad246b2472eb3961744b11da320526f19816986d087b95332,non_stereotype,goat_offensive,train
1012,4573946c0c3cad0ff4ebc331c2ce5f330d6fb88ae34c7922aa187a7e1b4199a7,leadership,wbms_leadership,val
1013,a1e912fb07971f83fe8cf36a8be1e9b3db5e82badfda02ca636e9496345258cd,kitchen,wbms_kitchen,train
1014,092217e0b99271114f8c6bbb3440c337636a36e28d2252b68bb43f9696a542c9,leadership,wbms_leadership,train
1015,eee0f9d3b71238c34a8b9240cb64c10e447e39c903c3756850939ae090806034,non_stereotype,goat_offensive,train
1016,7089e8da978a44dc935caecdd87fcfc4693aa89fd1fd8fdbb45e782bdb0ce513,kitchen,wbms_kitchen,train
1017,4381a9341da6cb8ce7419ef7cbf02de562ad4070a30120981c809dcb3543ded5,working,wbms_working,train
1018,bb4be6f7500aa2ed6c613e2b6bdc8f6f897f6cc73a9751d0600771c09b918c67,kitchen,wbms_kitchen,test
1019,78c42ba2eb262153944f52005ae4c1cc9aa9ec65aad34722dc5ca41ce3e1b8ba,working,wbms_working,train
1020,dffac8b4f681b3808ef2658d5d32d8e5cfb2534b7dddfba2a2c7f5faaf59661a,kitchen,wbms_kitchen,test
1021,ff309dad0aebe1e81647c95b04f5aa01c5141be2191279d508d5d9318ead9127,kitchen,wbms_kitchen,train
1022,07ff54d91d4cdad5fc9405e3a0c38d13edfa640b2b2f41b98f4e6a5475c8d3bb,non_stereotype,goat_harmful,train
1023,f1149ba46a8781f5da8eb56db58a2a509760a872c0e33cd955fb66f47ad398a7,shopping,wbms_shopping,train
1024,cb3eaed91d57f7388d5fdbc40a817575b9652730534a47c98c2289baed7412e9,kitchen,wbms_kitchen,train
1025,d1a041b836671f7b0b197dbebba6d73abff5d6662c8ab126a965662e889bd86b,shopping,wbms_shopping,train
1026,6bd5db6cbc8ae618ade2caf80fbe8672c8eba63b52da803851457fd5d29a8b88,non_stereotype,goat_harmful,train
1027,2aee149908ee2ad53f4ca4d713d49205600a7ee4f27e2d42ef169e9970d60e6b,non_stereotype,goat_harmful,train
1028,4077ea075a897b828335ea3e274b9e787937df524ec291348f468cfffe0ed8fd,leadership,wbms_leadership,test
1029,8823a05fe852a08cc3272ed0a17f143156b5409ce25e371fca688cb0456962f1,kitchen,wbms_kitchen,val
1030,536cb03fe6cbc2520635080057356897fae099fbf4c6f98d9df11f497acc68c0,leadership,wbms_leadership,test
1031,d3e62838ec5f12df8a5e102abc33fbd5a23bd55a2e4e6c21609baa8fbda180d0,leadership,wbms_leadership,train
1032,786e229fcae3865bc639e7e4b1b25591f1312e731a1ca3e57bc47a736485dcff,kitchen,wbms_kitchen,test
1033,a57608aa2112475c8e8087f6be7f7686404b6ad60444008b6233f1c87c26d857,kitchen,wbms_kitchen,test
1034,cbad12c1d19f47d61fca9ee42de6c892d165518a89605b99ddf330cad12b240c,kitchen,wbms_kitchen,train
1035,7cd6890245700f9816abfe4997e65c0dd6a45df63a816d5c8997f4a95ab45be3,kitchen,wbms_kitchen,train
1036,bea9b77f6eb21e695ef3e72a12f818c4c4ef34c2a36917b4b66a106f28b412bb,non_stereotype,goat_harmful,train
1037,894742b20cabadc767ed5c09b10859bc3ab4d2b44532c171b4c20d4cf280efd5,non_stereotype,goat_harmful,val
1038,00c69593be32a6c326f4ecc2223de32d538c1691d5730c6dfb336ba4d3c0a767,non_stereotype,goat_offensive,train
1039,d47bad7cc0035be81e7a59565925e4f4cd8b52706dac79e872f54cc87f52e226,non_stereotype,goat_harmful,train
1040,ded9bf9d99dbcd1073c25e5579f86c5c0d581f3187fd256bd1f27f868182e947,kitchen,wbms_kitchen,train
1041,e9823d01da6de26f155520eafd3b9fa5edd68699af93b52857ea708b670455d7,non_stereotype,goat_harmful,train
1042,56076de18e6b4259f174330c316f224737170d30eb4fd1c1b68c0a82db081ebb,kitchen,wbms_kitchen,train
1043,b96123594b478254c2526430dc248e00a74d25a92eefeff33f6301dab035928a,working,wbms_working,train
1044,0a4004ce256725467045423a5d3a9c6f174a2bdde147639d6f60401c493cd724,kitchen,wbms_kitchen,train
1045,0138c75ce8775a133527cd04c44b46183aa6fd9f938ce0f5c21090e6858301c7,non_stereotype,goat_offensive,train
1046,2ed2180fd3b8f98cbf46656bd76ed0fa9ab25a40a18b7f0de3e0d23b9ed65190,working,wbms_working,train
1047,eeb9575eeeabc00de84730f3f5e13afe4fa88f3f0aa82c3de9cc692ecb541f42,leadership,wbms_leadership,train
1048,522305b07e005645d8a09f8a337b66a3aff6995ec8f554f992843f238af80ec0,kitchen,wbms_kitchen,test
1049,d9c21ed3a3b7833ae64f380a933ddce96f00434dad5673bc79feb2329ee860e6,non_stereotype,goat_offensive,train
1050,d0ecf24465b514efa7a527c7f036df2bfecab688a21a0c1fe9535ef581bd2489,non_stereotype,goat_harmful,val
1051,60b9754ea11daa29b04f954be2e8aa378c0e4ad22450550eb42abd8b9a0e604d,non_stereotype,goat_harmful,train
1052,0c1c12906c955c44c358ef19ef9b5621a02d79651baa3315e69b98ad37aa89c8,leadership,wbms_leadership,val
1053,7353c2c4df621643725c46289d0362fbf1e8c30b31c6a4e549ede0e7414ba552,shopping,wbms_shopping,train
1054,69a26ab6241dd8193fbd8836845404192ded2e9a3535860e1c5901bf20943dfd,leadership,wbms_leadership,train
1055,202e4f5de9fcd5a94d93ca63add56438550f5854acb9a1e762efb48c821e9b5a,non_stereotype,goat_offensive,train
1056,a473b258a6aab78347ee50d6b19fd9b9b7214b3c9433dc706605db8b80bc6929,non_stereotype,goat_harmful,train
1057,fc5f3cad376475609c73151c267536414704fc1da82e357610b799d88c290d93,non_stereotype,goat_harmful,train
1058,51802b1b913d7c292b1eba5350b18e3c9f33f32f3dc6cdc4770bf55d4f1aea3a,leadership,wbms_leadership,train
1059,36a3113cf643a4799a4b1933c5881ae6d5757a383eb9ec08f2b1373fdbb42da0,kitchen,wbms_kitchen,train
1060,7d6608359819d689f35f7d2fb7dc102fbae73ab267e4e26255cabe20d97b8d58,kitchen,wbms_kitchen,train
1061,00d0838ca57c124bdf358b26ba0f3bdbfe6e42cebe3763133700775d6150fca8,shopping,wbms_shopping,train
1062,fd2af41d8c840a30c1c236e39f0b16a543a0a2cbe31e7f697147a3c240ec02cc,leadership,wbms_leadership,test
1063,a9544479046f47409d7d8951584bd79fa7d01b20b4d474d7a187df28eade31e6,kitchen,wbms_kitchen,train
1064,5342b6a2cd31fa459ea062fd352a89fa5981a9fdf3dbbea34682d17b8c3ba927,non_stereotype,goat_harmful,train
1065,d5e03699b22c4510316385c5c555eabadeb867e8c87f9babfefcf1e8d67b6779,working,wbms_working,train
1066,2ddf8d6815f8f5efd32385182f2213eff066a1e4a9e35113585919a5822f8050,kitchen,wbms_kitchen,train
1067,78b6aa1f5e9bebdbb07f8565daa224c0ada3acf4c9f93fff4024e8348ace83bd,shopping,wbms_shopping,test
1068,3a7fb5f61b910a855bbce0169477dc839504f49f1b596c42975ee3ce427a5758,kitchen,wbms_kitchen,train
1069,ca6472948be89d1607c18ba22f3687226f1628d0e4ac4f32e9c589242c8d2001,working,wbms_working,val
1070,2acda58b9d8c36b7683d18a8ba839dec819eb843f240b7ac65f591a42e65331e,kitchen,wbms_kitchen,train
1071,a3d429330a8a1a720d51091926e2883d4dffbb9f04c0f09b095025bda16f0cdd,kitchen,wbms_kitchen,val
1072,d1d765d90f5b41f478e5c657ba611ea9d6def815a54219723d39999d69e7beee,non_stereotype,goat_offensive,train
1073,6c3d21443303f63119f691d78239ac2b09aac46be759bd987b0c5b0e01bfa378,non_stereotype,goat_harmful,train
1074,d2e515f52a794eb9f21dfdfafb078b3fdebbc1e4261fd5aa07e083f73bea626d,leadership,wbms_leadership,train
1075,4a8934fd7739f30294d67da0bd4f1837aa5b21314c03223ade24bb11c016aded,leadership,wbms_leadership,train
1076,2835f76f8c485fa8e0c65a5a2f103b394592062152883c9621227efcd99c4bfd,non_stereotype,goat_offensive,train
1077,f1b1b14cde486dd12cc2bb5c26387005eb0dad44221605ba093523aa0b4c450f,leadership,wbms_leadership,train
1078,a3a02e4a96269cd7dc46949a636676b311890b495ad2bbc99b65e4d8e390629b,leadership,wbms_leadership,train
1079,0bca42369bc36c514fa0361bab61ec7c74c133d83a4b9c693f7f9fa246c03129,kitchen,wbms_kitchen,train
1080,a64a210d12fa170512e7daf98f9ede9a2313cad591a9c2a63e0919857777a3d4,kitchen,wbms_kitchen,test
1081,d7e8a92e4b143e63dd225fc2cdf977aba601e601bfa69982fd399585629e45c9,non_stereotype,goat_harmful,val
1082,e2d2b896e189301917636788bb44f85b166484377551502f19eb5a2e89fa3929,working,wbms_working,train
1083,33a724909f26cbeeee70aedd485ba4ddac844c3443cd3edcd8ff3cbcef38a612,shopping,wbms_shopping,test
1084,4e2c9d7660bc9cc50805738f6b88d2103e4fdd8f6ff3d3adb725047521f50e9a,kitchen,wbms_kitchen,test
1085,ab41bf89e7a05eaa5b7a35483d6d699ffe68054ff7344436aa0778c5fda80290,leadership,wbms_leadership,test
1086,c1f380d8b60a444ea87ba682eaa5f91c3f78260e72b5098fed6501ca3d7a7e62,leadership,wbms_leadership,train
1087,32d7556b7dc0d4fa55a3e61a49b8b7a1d9bf6659dd9908d786ddae03ae11ca1f,non_stereotype,goat_harmful,test
1088,999cc2a53120fdb5983f6b03266fb99e85329a2c81fca6de78c5cfe3b1a782dd,non_stereotype,goat_harmful,train
1089,e79133edbe2eb3c90aceed6b0b3d6fc0ef30e254c16d2f047a060695f013a53d,shopping,wbms_shopping,train
1090,0ef6105f568970bfd1a188c9cd0dd41126dc96c2b9f6cfdc22aada36e8ff0821,non_stereotype,goat_harmful,val
1091,3dcc491f44b5413e1de488249fc52c9008322c0d41fb6f34c6041b911fef3b75,leadership,wbms_leadership,train
1092,619d82fc7a863627cb4b591d2496880ba8c48dce969835fab87e1efe902d2e2c,non_stereotype,goat_offensive,train
1093,e39a766b956b808f0f56c3d75a4b6035a6f527246ecd80d2df27547b76ac1b6f,non_stereotype,goat_harmful,val
1094,02731eb8f6388ce405eb567de6448b7f4dd64cada22e092cace4a177ed370299,leadership,wbms_leadership,train
1095,52e04ea198a3ee7bbfe2e1f4d655355be286f5d466004a79a727401da81aa1a5,kitchen,wbms_kitchen,train
1096,6b26bf767c84f24983920e23350450d2da4909f991e3e5367879a3b113840c37,kitchen,wbms_kitchen,train
1097,e43e9a77cb5ab5893c038e72eded299763c29515d2b3c6f5d3c5c3cc0c3a4dcc,leadership,wbms_leadership,train
1098,02088dfb401086d3e75b8c41ca59bcbdf33e25c953788ea37728dc5ae3fd8eab,kitchen,wbms_kitchen,train
1099,f2876e767a3f44323a094bd89f65ddfa3468712f965ca19641dcb96090933e0f,leadership,wbms_leadership,train
1100,c5f4b4475114aba0c65063b80fd397fc932541c1038037708f05e174b607f5ad,kitchen,wbms_kitchen,train
1101,f3e5dcda743e28e862aee0bd7db43c4c1e5cce6586227dfd80021899957d6e0f,shopping,wbms_shopping,train
1102,63f911a429d59d79cd159840895b20b2739169686bd77205dafedc3e80e49c06,leadership,wbms_leadership,train
1103,51b947098c0b3e248d8745387041e2cdfbe672412e6b7fcf8775d15e299ecf94,leadership,wbms_leadership,train
1104,305e4ca67bc4959997825648499d5edef4adfa6a77dac4d37d5c07c1e1488b61,non_stereotype,goat_harmful,test
1105,2dd581d3f1f6ba517899d20184711d4b8062a9e4c08145ebc838d7d27afe3436,kitchen,wbms_kitchen,val
1106,c638ccc0c32ef4243cd29531b6af210bad940e87729efa1d6cbc6794384c7dce,kitchen,wbms_kitchen,train
1107,2ac237935de6fd385db0a9e9fb6dc0521effddc8efb397908ab20adf14cfabb0,leadership,wbms_leadership,train
1108,5ef6be3386a0b178d9fa7c39fbc49c0bba6db3915a0fb5954d5dd43c0dac5273,kitchen,wbms_kitchen,train
1109,5f6064e405499980f1e8589713a2e8061ec3674aedc8e59ab3c56f5278f30373,non_stereotype,goat_harmful,train
1110,90a3e6f66889dc7766ce574e86459de4484798ee7ca31a0e6fb6225177c77b10,working,wbms_working,train
1111,fcb5174f36c20f1c6a73e62d4b597dc6e17e780184ee8d1035e0be06d3165f5f,kitchen,wbms_kitchen,train
1112,2ddabb10020205cdddba32ae7597c61ce2ac137f654324ee412a302ee555c716,non_stereotype,goat_harmful,train
1113,19bd1b99160afe1d375967c2711ec5ab20463803bcbbf8eed308ba74523cfd79,leadership,wbms_leadership,train
1114,7585af9be1738237c2ecd96d45d74f05e76cf5f8dbeb5928dd04692dc25d7364,non_stereotype,goat_harmful,train
1115,c46c5be126c387eaa079b59f36908becc2de60ca679e05d1b8fddeb6fcc806ab,non_stereotype,goat_offensive,train
1116,aed6ed9770798cc847e017574238a4cd2b7546331b39c2c445a2663b6b6b041c,working,wbms_working,train
1117,fcc8bd62e4d2dfc5e6f85bdd778a7f4e5db7750f79281ac1d6a15fbe5ec56385,kitchen,wbms_kitchen,train
1118,8a8a04a3dda151df3d3aad3eed3a920964aad06550c03f9c2986aa84eee97bd4,kitchen,wbms_kitchen,val
1119,9175ef9f622d8a69df285d299d52ec4390894b44359811eba695f61d7ac21860,leadership,wbms_leadership,train
1120,a29139b5c6ed07aeeaa9d0398717ae7e69c15df5bc7364aa11a57e62e7987402,kitchen,wbms_kitchen,train
1121,1581cce2eb41084612ae947f9dc44e5782f0576899f30b036710f33a30809217,working,wbms_working,train
1122,0de8b9bf7b0618bf617d71b63933b0694c92a95f822381ae042074d47e484ab4,kitchen,wbms_kitchen,train
1123,c64edb8a431f8e182c39d6bb525b328dee24deb98d6507ed90cdd17acdfb0e1d,working,wbms_working,train
1124,59e816622af335a71405586c01842601f9097a91ed702297e43080f4b63a4dc4,non_stereotype,goat_harmful,test
1125,3542b7862da597beba02e2ce9412a33facb0e565a12cf83cad624a2bd35c49b0,leadership,wbms_leadership,train
1126,ab4f2017560fdc0cf0330cc38272728f7573fd36491ae825657dcfe77120e1e8,non_stereotype,goat_harmful,test
1127,b97e495e438fb6fd1df65a3c36899453d06f47cda7f6b55dae4e42ffe7608792,shopping,wbms_shopping,train
1128,dd96137ca723e4baf7551aa4adbfcf12f9f03bf987be36967dec69cec6115f29,kitchen,wbms_kitchen,train
1129,2d4ff20aa33ded0e257162cca74cbd89e0ba6af516c99bf1733188a51698ea64,leadership,wbms_leadership,train
1130,09dddb0262696a7a03d540ac20b9c442d5daa901bdd7cceb3b2bb773efff2867,kitchen,wbms_kitchen,train
1131,3732e4117be7c9ae07bccdc017cdc6ed6a8105f8fb3e45554ec8b9b7c9afce1d,leadership,wbms_leadership,train
1132,a90ceab3c7d3675612fe7c06c9bf90e88349930bc3615e7b359d20ca711e2ad7,non_stereotype,goat_offensive,val
1133,d6bbfdded6af559b2194470c882a2d121f5dd18de69e48a2b5b319f02eb3a270,non_stereotype,goat_offensive,test
1134,384cecc5316efff98c971ec3c4ec5f01e0763b1ba3f0c6b81c3b0c86622e2566,non_stereotype,goat_harmful,train
1135,4be825ca15cf2fea115f6210501884153c2f9475f066042e0f78034eec43dbc3,shopping,wbms_shopping,train
1136,33a776fccaf68b33a8f6c1df38af609407ff381bf538ed993bb4362b43487483,non_stereotype,goat_harmful,train
1137,f4f46f742797776a22f4256b533358cc57e37cd11a479f4de879d232308f279d,kitchen,wbms_kitchen,val
1138,68a3078bbd8167b8807b1a47480408995f57d6bdc0b01616d20a7cd3a22ce9e4,leadership,wbms_leadership,train
1139,0e86a53b56b32ac7926298b6fef26874b3899e843f637415bde580a4dfcd0940,kitchen,wbms_kitchen,train
1140,ebf16ffbdd52a784a0545db077cb8598b791d450a0731ff7ce6338c04ab7e89d,shopping,wbms_shopping,train
1141,61d5db6f4f5c43ba9c74420c642e4bdff0b137e4d28ef65200bd26652c697117,kitchen,wbms_kitchen,train
1142,d7d3dacfc4c9b917fd7d8ac8f48bdb737fed8dcd06753a80492765781afba9c8,kitchen,wbms_kitchen,train
1143,48b5d10161d282516ce9b8f6bae748d970742ccc8168e6649e867f44d975deda,kitchen,wbms_kitchen,train
1144,88d1da197feb70872ad26bdfdbef832f5aba1b52bfc218d1208425e6dfc56b22,kitchen,wbms_kitchen,test
1145,6f7fbda7ba27fb7f71cb07a5541da01357f560eb56503fb6b1ca70252ef358b9,leadership,wbms_leadership,train
1146,e7485964a74b4abd6082196c55030611e7fc5613d86f5d083e580a6d12627283,leadership,wbms_leadership,val
1147,15218c534acfee1dc2914cd792ea0baabe674274fa3e6a6e3592a4801d0e3554,non_stereotype,goat_offensive,train
1148,b4909002716b4c4698842fd677b58eb07cacd71cd4372c63b33a3d9db55c71fc,leadership,wbms_leadership,train
1149,2ecc9818d196c7b41dbff8f4f4039f29d24d20ed31e862f30f0b45e127eae4f2,working,wbms_working,train
1150,6849614c7fed4a717e6daf5dbab788fcd18bbc3195137fe3467432791665cd60,non_stereotype,goat_harmful,val
1151,5c64e95da58f6a0edaf78f4de594b14320fb6741b027b22de7945932d8413888,working,wbms_working,test
1152,cb4b929b019a323eede6a157ea8ca16eaea52e65759ba233ac556a44e6beacde,non_stereotype,goat_offensive,test
1153,61ecf38fdac7fa96f2d6bdcb15a2a9e3bee4cee165955b4cd45c21f35d821718,working,wbms_working,train
1154,12a6b54422299afe7a1a7e15d9c04336778f9384ea601c0c96b177ac7734f6be,non_stereotype,goat_harmful,train
1155,37cd944f68bc301f6c51590423f086d1b64927b7458dc42702209275fd8538ab,leadership,wbms_leadership,train
1156,73b25e6660ec4c6c0e5be256c13849a63bd0af5eb136dfd89c4761ca8174ed8c,leadership,wbms_leadership,train
1157,45d853d6b78d1de21a792ef56ae6771f8bebe24300ef7dd7ff50fcc1a3f68090,non_stereotype,goat_offensive,train
1158,854bb837fff54e7ba2a28d073ae115aba8bc29f9da375ae6548dc00314a333f3,non_stereotype,goat_harmful,train
1159,da1aab4c8552291fd02800ac7a9b53775f0a5dc538b741b273de0d7a64618eaf,leadership,wbms_leadership,train
1160,67a069e5022de5732d2454541068068a349d0f0503a917be142f2a605c0baa4f,non_stereotype,goat_harmful,train
1161,780a4433651d632476b38083475471f2dd0b6b25f8fd8ef006cd6909b9678df9,non_stereotype,goat_harmful,test
1162,21c598699196f4dfa0b7a0cba6a0f8373a3279a62db244c1e4b6bd68a221e169,kitchen,wbms_kitchen,train
1163,a78fd7288df3a610e7638ee49030897b654e280f853416520dd46292f2daefa9,leadership,wbms_leadership,train
1164,62db88a1e9027a83fe302b664452096b1965aa71ae347489ddc561694c341c69,leadership,wbms_leadership,train
1165,1f57f1c67960fe834631fadaa8c2349b780b48d10fbc141af3a3d3fab202c10f,kitchen,wbms_kitchen,train
1166,8bc408c3bc89d5b1efc13d9ad3abd4f86588dd5e9103375c34b12dcac5fd2f91,shopping,wbms_shopping,train
1167,5487b9361fb49a1f0966e3fe296c897f0b38a331f3ed944063371dc131ccb243,leadership,wbms_leadership,train
1168,a178b681c8f5cedf9cc4a6c6fa8dcc0bc80232e20eaf034542ed65cee00c9f1c,leadership,wbms_leadership,val
1169,5b5512fcdd41f25cd4f1eae7d2912175ac8af5db0f9f14934c9598894bd7ed20,working,wbms_working,test
1170,1850848b063fec21f37726a2706b4d1e6e0133e2a4d03f7dc126142445811772,kitchen,wbms_kitchen,train
1171,801aa3b3ae8cd1d79c50d4f413442ef07a00c9e590ea67daddf4b81a2f6a64fb,non_stereotype,goat_harmful,train
1172,0e7966202b5236cf5b9fbec2f99e9d4e962addbfe8165533b119f196f401b648,kitchen,wbms_kitchen,train
1173,8c6a415ea8ae5ae401eb1da53a56b1a1dc88159a1332c05bb2ee3443a18c1b8e,non_stereotype,goat_offensive,train
1174,35dff64e9e1a039bf0dcac1b3be1a424682bd188141df959768e5e83dd2cf098,leadership,wbms_leadership,train
1175,a6a08eebecce5e5add6d1fb6e6fd9cdc6ac61a598d80472872ea81ead73cd860,kitchen,wbms_kitchen,test
1176,3b68c62422cf60813d504c97f0b5c2549092d4ba60f741c5e40639344ce1a957,non_stereotype,goat_offensive,test
1177,75a0464822b305cbe26ae9ad81ea9dccfe5722d7bf2c191ddc9e130a79a5b8b0,non_stereotype,goat_offensive,test
1178,a657e9405cf670c0373a23a4fa3728a13486ad8ff5fba459632fe114e3f69a33,leadership,wbms_leadership,train
1179,c3e9f44eae2a5f3dabdc6e97f985265e576d88cbaff9844fb3114400b406e287,non_stereotype,goat_offensive,val
1180,407f4aa36890a678bca869e98f9802e30ba0d4623a7f192b93b30a4eeef8871f,non_stereotype,goat_offensive,test
1181,ccec2431b584969c8fbc1ff36e2199f7f20083ad652eb730ae1e8245d348189a,non_stereotype,goat_offensive,train
1182,eb4b35ed5ab020d1db0a7a49ce8110b5808516484809782dd1f3f887083c0d11,working,wbms_working,train
1183,68b80f427a3b215750c4f5db064e76f78e33294cc4ee785200bc9e7ebf08acfa,non_stereotype,goat_harmful,train
1184,9f598d6ceec1ff065cfef3a62f0f2973e9eb131f94fed95494c5044b71f9f1e5,kitchen,wbms_kitchen,train
1185,4cae0af4d2163ec652544928f4a9eec708024a239e103aa3eb0fdb10c718e4a7,non_stereotype,goat_offensive,test
1186,49e34b9bf06b7967eb87e69b68bc88ae76908769043d2f3af9e4401a7d922e35,kitchen,wbms_kitchen,train
1187,b558d9aa696e9ae3c0154ae6c54e7e63f7298a31134f0c51856ffbe918f64857,kitchen,wbms_kitchen,train
1188,c5fd70b32850af55e91c6331d1ff3fbdbe2690dd79ab31e492b9810ff1f9e79f,non_stereotype,goat_harmful,train
1189,422512586ca14029310ba5c8e199465f2f9eaf84cde650847dc06c79b430cbd3,non_stereotype,goat_harmful,train
1190,14ad2cfad95dce1e56eee95a5155ee0193facaeddf39865c9c91512d48be0a49,kitchen,wbms_kitchen,train
1191,a97dad38df768322c8466f11a79eb2e3ea9e428786e9c5eca190df73a7d36df6,leadership,wbms_leadership,train
1192,e5d872a785ed68247cd8d0867456a158607411d9db8a5ba9396286ad797efb35,shopping,wbms_shopping,train
1193,3a157b86bf4685939e7b9c613f811072c4b44ec4cbe02161304c0436e69ce7f5,non_stereotype,goat_harmful,train
1194,a9fdad2482d769f3550f44ce5eb5cef40c1a3b73dfc273a4188e13dcfa472389,leadership,wbms_leadership,test
1195,561bd38b6e86dab92283fa1eeab560ffc9de0802d07ba0a28d959838d5d956a7,working,wbms_working,train
1196,cb4145167eab8d6b165f4586a78c3347e875fdc193a3c8a245834c480e9f0d68,leadership,wbms_leadership,train
1197,6f9b0843d553ece39f7af284b7515da0e504417963165b3e2ddee2b6dae20821,kitchen,wbms_kitchen,train
1198,8518d7a90278790ad17c167b56a17d15cbcb658ef93a4f47b1dcd5bc69eb6df1,kitchen,wbms_kitchen,train
1199,13a6ead345543c87f52334f789d1a8ee7412b10a1f841b61047cc18b122c3918,non_stereotype,goat_offensive,val
1200,e5c053d6353d98826220ea31f0f7d09e988531d087137752329e806040283355,leadership,wbms_leadership,val
1201,703904f7beea89787e5abcabd1c2a10c40de506ba4c19359fb57b25c12b1c8a3,leadership,wbms_leadership,train
1202,280396dcbc466858b21924214edb5b9415c60933789070ddd11bc0bc5a20092c,leadership,wbms_leadership,train
1203,5412b22953996a5c42ae5e4621af2f16fea7f42225ffd307590d5db79a2851a4,working,wbms_working,train
1204,440d958265805d9b3fe2ca7cddfa1e4dab96b7b09fdc1771d93f6063910bd24d,kitchen,wbms_kitchen,train
1205,b4c21f292dc59f160a88a0146ce9172f29f7b6915b046920582f20265597f1b7,kitchen,wbms_kitchen,train
1206,55cf78cbb8f3cd4b397c7c6d0b339777f2023569419bdc430bd3dec92924e74e,shopping,wbms_shopping,test
1207,091eeba349c7b0754c90083aaa4e58b2a88820c2967d1b84278e9f5ee3d4be9f,non_stereotype,goat_harmful,train
1208,62714f3709b6ad117d9287c419d7fb3d2a88c3498dd1336f3ec5f86ffe82b621,kitchen,wbms_kitchen,train
1209,4017579aacc7a2cb4eb07b1033735e291c6472c1cf377c46dc2b0838307c1ef7,working,wbms_working,test
1210,bc0c6e07da44528096eb5421d7036cea334bb650df0932099d2f693255a31062,kitchen,wbms_kitchen,train
1211,e5138ec012b98684ff12d42cb78c87a743a2d87e3ffe885d81405758020ec729,non_stereotype,goat_offensive,train
1212,170575e34997d062d3ffa3dfe32ba0494d2d6134990b081ab5c60125cdb78579,shopping,wbms_shopping,test
1213,30f4428adc819b19862bfcb715566e92964f8bc7a7da05ff013394bcef2a4830,kitchen,wbms_kitchen,train
1214,0347bded8b009132162688751dce60e062346f37be2e5248bf1dbb4cf2648763,leadership,wbms_leadership,train
1215,f2c1084ac22e2b31fe682ec6aa62893e89e18cad54fc06dfc62ddab2e8545d0e,shopping,wbms_shopping,train
1216,577e6cb1bf8986a182d90064d401d9118b358096289674cbc3d766989d0a8fbe,working,wbms_working,train
1217,cf88561425c7348cef0604ec36719c2566ac23d14cf199f66e7a8e4dd0d00f3c,non_stereotype,goat_offensive,train
1218,84653c9178d169a4d0c9ca45466bb2cc21f790979b73478d4ac4d256b126fdc6,shopping,wbms_shopping,test
1219,7c050d6d68ed9a6024eab9f836caa132c236bc74b3b839dd9749f0ddbec41e26,kitchen,wbms_kitchen,val
1220,b05b797267d0a07478b3667f17a51db76b043055502ab71c3073d3bbf6a16233,non_stereotype,goat_harmful,val
1221,fe1d58ee9889699eca8723f1b32e288a073b31cd36e827f3e8fd8dd92263e9c0,kitchen,wbms_kitchen,train
1222,4939287393b41721a967710e9d3d2c90c76eafd5dacc675efe90913156e946f5,kitchen,wbms_kitchen,val
1223,374f22149f47457cda4e967577cbf58daf65f72e2848a90185b965bb9bf46c16,kitchen,wbms_kitchen,train
1224,4ad46c46ed6fae28bf4179370a4c181b95d8deb32e6819bdf48a4fba6e73a3fd,leadership,wbms_leadership,train
1225,85553bccd0e70807c3c911395229d33b834d591ef25a45d2dab8be4b8a2c4c81,non_stereotype,goat_harmful,test
1226,f41e0fccd7fcabe14329e5bf9fed4376912351b574dc9ffa6474bade907eb486,shopping,wbms_shopping,train
1227,f4556f63117a83eaeeb044fab4400b1fb23d653c531b3fa960f3d5268fce4d75,non_stereotype,goat_harmful,train
1228,caf9c4c0f372e061723ddbb2fe06bcd381c6ebc22698142f90dcc33260475262,kitchen,wbms_kitchen,train
1229,5e642094e16b27aa026cb54d3b45a2609b375545594df5699c11c17e18ea3f7b,non_stereotype,goat_offensive,train
1230,4ff11d2de08a90a15ce159e3d86e58272c19c55379194c69e144c92cbd30d656,non_stereotype,goat_offensive,test
1231,16ad17c4b9a2f78be9f9115d71b5e1d0072a5019e5144d8087cf6dccc9965225,kitchen,wbms_kitchen,train
1232,b68b34e31650f84902500a9ba7e111bed5fc618927d30b587d9e021f570e9adc,non_stereotype,goat_harmful,val
1233,0117223b5f7ec447fa9014bd94ab47dfbfcef57b2fb0553fad7e5881e8bb79e2,kitchen,wbms_kitchen,test
1234,ad98878b1eb0753fac125a2205fdb5db9e3607be4f96a34be3e55455791442c3,leadership,wbms_leadership,train
1235,6d190b2b17c021d27b71f3cba0455733ec98a4d3eb7f56715eadb576108f0bea,shopping,wbms_shopping,train
1236,28129f59e7e3e1bc82460467ad3b95912b2e21ecc8a34bd079a6e553e7085628,leadership,wbms_leadership,test
1237,d33535b7a98e3a7a6cd3191fd2c8093953340a2735f61765f0c71acefbfe1aaf,leadership,wbms_leadership,val
1238,166efbad596a416906fe305538c36aad8cbf6d5011e25ae051066423082fc1e0,non_stereotype,goat_harmful,train
1239,9b108fe3236255934bc35fecbf762b7f920bcc0721dd104706c1e80214e31585,leadership,wbms_leadership,train
1240,c1c00bf4f693b5b4e4d251869c41f67c062c0481563abac84378da6fde67cd81,kitchen,wbms_kitchen,train
1241,c1edeeb5d686cfb5a0edebd69f800539b78a539b6cbec34dbb74b3a6747a68ba,non_stereotype,goat_offensive,test
1242,5fa363a9397dfbe02145744a8997e9bab1eaca01898895b7f917c21241f77945,kitchen,wbms_kitchen,train
1243,30c226c2a444815ea7c2bd3c44d05f3ccde327c715c758325af18b0451ac8d37,working,wbms_working,train
1244,e335984821f2c9732914c70c912cd59c600cc4db3bc11a9c61c2e7a18b3b2773,kitchen,wbms_kitchen,train
1245,84853ae43be016fafe20454430360722a37e047f4a70a215244fa808ecd3ef5f,kitchen,wbms_kitchen,train
1246,76784939cd7777e5c7a1515406da66637e2ef2cf8ec2d8055bf9f7bc977ebabc,leadership,wbms_leadership,train
1247,36764fdff7091daad5f180339cdd8e697976a654e617bdd015e318086e16f418,non_stereotype,goat_offensive,train
1248,8921242c5579691fd4f3a865c3d017049c52332f24a61374570301689cf3b9e3,shopping,wbms_shopping,train
1249,22381b31661dae5a61017387c2a7f5973e35a7cff2bc778978b2c66138aa70bc,working,wbms_working,val
1250,46b754c2dfa95db78c7f9673c8a4c764c26fee97651b42f0c0f8c38698f075b5,shopping,wbms_shopping,train
1251,5e8ea7754c91812cff11d6de5a28825a84dc334348e6284cb8c1fc616e3b9c04,working,wbms_working,val
1252,36415ce44feda643e8b94a41c7fe5db06620ab4b6333340ab679bd8e931f7755,working,wbms_working,test
1253,eaec2926373c78baa1fdcec664480ab36164d8aa2f9e843d9088f7e34c8d6134,non_stereotype,goat_harmful,train
1254,4a312e5a5628179777422cdae9f011054a575e2162a038365633b4200dffc449,working,wbms_working,val
1255,f28f03eb0c1259e7103d2db1eb2c631aa5c1f35ea430d074cb32f080e1170d54,working,wbms_working,train
1256,8cf92efe7810380de24a7104d8a40b931dad9256d79f2c0eff1ae30404969d5a,non_stereotype,goat_harmful,train
1257,60072a41306f39c60c130f57f7ab9dc0f995e87ff6f4de4864d504b202102935,non_stereotype,goat_harmful,train
1258,def8f6b44901dc5c2e4b1f7f4aba2dd15a808c15e4f82cf4bb06fadcfa60ec82,kitchen,wbms_kitchen,val
1259,0ffc867c3f26294eaa863f2a33f7c1ff08206fb1d702d4dd1d537cf3664253eb,non_stereotype,goat_harmful,train
1260,5ab7f5578e8bb3fd920cad22f2c1a926d5be06593cee004634c0e29321c50353,kitchen,wbms_kitchen,train
1261,8437dc52da7cb17ccac7d2909f482dff2589bfdfff01b2d7f5e8feeb5160070f,non_stereotype,goat_harmful,train
1262,87d28d8b10f0a9a0d2c8cab5c54e1723d5f4090c83917c72cd0d306cbd5beec1,shopping,wbms_shopping,train
1263,6bc9676a184b8f9eb60153e44fa7772b7b77180c572bce222c41066fcb4808e5,non_stereotype,goat_harmful,train
1264,c7b7564ad62352b1eeb07c8d41da2ca75e427a743027778bb0a02fdb42ef119b,non_stereotype,goat_offensive,train
1265,59a66d7daf5cd65d97a750d33925c9cb64e6def136af205582e332ce106035c4,shopping,wbms_shopping,test
1266,acdf4335dcb0aac5f0f37dd334438a00cd52e996e197941114e75013a953ae63,working,wbms_working,train
1267,d0674e76d5c85ddae5e78196872f7d0ea8f73615859883c500c6312cdacc63ac,kitchen,wbms_kitchen,train
1268,a18bd38c42159a63a39099f5d5e2f5211f2ba849e767ddc1d30ef3c9d072403c,kitchen,wbms_kitchen,train
1269,ea971c11371abdaefd1966bcc21660c6fe5adc00e3574ed2d71c0cbfc37782bf,non_stereotype,goat_offensive,train
1270,7e7eac8e5e835c35434a67098420e8c8ce02a91de4b31a3a279da4e15b51e9ed,kitchen,wbms_kitchen,train
1271,40191693638c5f30793068501b9170b1e9598a83216b98baa41e7b60e27902ef,non_stereotype,goat_offensive,train
1272,f0d844240f8cd0984a463e2145cf96d56dcb0e59fd4286f04f77656ccfebc633,non_stereotype,goat_harmful,train
1273,a615a88edcd39895141d6b9bcceb3657e72d3e73c3d293266e01d478446251c9,kitchen,wbms_kitchen,train
1274,bfb3ffd78bd8b9553bf9497042c2d11733d317b13f79cb54d5cc3dba79be4c47,non_stereotype,goat_offensive,train
1275,2bc8802967ed00963e1d90105239a17ed87fc5217e6ee5cf2e70ae356605ae2d,leadership,wbms_leadership,train
1276,5fa301c650d2e44aba318d821d8279a8b674bb6348c0c8b7fbe980be61fec71e,leadership,wbms_leadership,train
1277,42338804ed03620a3a302b27c5003b25beba33e5f6264c8a1fefcb84e77155ab,working,wbms_working,train
1278,0b2d8d34f2e84f74fa6843fb270d2ba65da36e88f2920bdaf1c31b7116249b56,leadership,wbms_leadership,train
1279,f624a5c831b9aaa3b98ea8bb416aa282d6763bbead92468378e216e9e176277a,leadership,wbms_leadership,test
1280,5e8ce7c2697731dc3b64ce9d0a217618b96dd5eb9973d4e4ad5c531e46b8b4e1,kitchen,wbms_kitchen,val
1281,c6649a861c783950b77c59dec238de1596c3d90a3c2b1c194e9a77f361aba8cb,non_stereotype,goat_harmful,train
1282,a81eb0b52a037a19e4a1df5b494a6ead8b827d4b6de9cbca88a7b59676e1a0be,kitchen,wbms_kitchen,train
1283,e95f47eff40cdef1d1fbdfd803078f01242787207967d995505b93c3c31ae0c1,kitchen,wbms_kitchen,train
1284,2136cc3cc2ab165d2e4bb3723445f5c2e5c31016ef090179cab786e479508ac0,kitchen,wbms_kitchen,train
1285,07dc78daddb555772efd4f93bdec4b6209d2a0e8f3cc1e2dbc5d2304c2b04db4,non_stereotype,goat_harmful,train
1286,15d069375021f767a6597c2a4fd9a40c4d8cfa97cc0e34d143c4e5ae9bbce9af,leadership,wbms_leadership,train
1287,0e11f80042f4289e70fe910752cacd56d1ad1240d26aa0457947250e746336d7,kitchen,wbms_kitchen,train
1288,f995435f62e9062c43528f0569f9367d58bbfabbee00eaad95c2828e91247427,shopping,wbms_shopping,test
1289,4043c89d3eacd6ef1d61b959883eb53478def67989daaa49cafc3378686985bd,kitchen,wbms_kitchen,train
1290,128c2ecac7d4061cc8fad73d33a46e4f778a16bf0c35c02dd5a87a60ee75abe3,kitchen,wbms_kitchen,train
1291,3c4b9afa7203ad32ed70b3840e13b20fb490c219f8d15fa383f5e27c75710229,kitchen,wbms_kitchen,val
1292,08a0794285b44841664226cc129967846e8d4e804531b537daba19f8896aef7d,non_stereotype,goat_harmful,train
1293,9b9cd2b36bfb638b15ca2e9627f4e729a8201dfa3ec4a6870a6355b30ef17f4c,non_stereotype,goat_offensive,test
1294,db39612f5319e7ce2cd5473f3b7e09e462f5fa79f60c6b5065bb40d63cfd1114,kitchen,wbms_kitchen,test
1295,00d98a5bfa51f4384e1835685a3985ed40548a0ca4c03ff64c3e9c3faeffe8d8,kitchen,wbms_kitchen,train
1296,495a0387afba1ae2e3d318fe92aeaf7443c341f3cf6918867c661047550a5d13,leadership,wbms_leadership,train
1297,636001c25358cdf42704980c1259f459918ac481663d85e0bf9d13f9d1a40093,working,wbms_working,train
1298,19d94df02713abcc055be5b23bb2e87f64a28308489747033fd54f32264a711b,non_stereotype,goat_offensive,val
1299,2e1053d23f36aaeca4a5a8f5506b28c21567e50f4d5f671a20bf00890ca771ff,leadership,wbms_leadership,test
1300,be62f5734e377370e6ab28e37681b005951e3d6a61733f0a50d2386674e56358,non_stereotype,goat_harmful,train
1301,69c46ed5b70e8e4897ff6573dde43a2b488f6c404ddb3f78742bb302646e6773,non_stereotype,goat_offensive,train
1302,59cf37d50050ea606d47eff1b9ed62881fb94fdad4c7f3553ae6a6947882bbd8,leadership,wbms_leadership,train
1303,6a0f69845b41bdf7f23b2e3a9d629bad9a7d6a9da74482f20aea48ba8acaf161,leadership,wbms_leadership,test
1304,89c8531a10d9ee4b91f91fcc834f37821fe08d7d4a615e12880c9765ca4377f3,non_stereotype,goat_offensive,test
1305,0c5e0c887dd47f587d0d0f7385e1ca6bdacff48215fec993000a2c57fd50e1ad,leadership,wbms_leadership,train
1306,515f64fd33af86cf0360afd67451bb3534d28684fa5ad985b64f72c3561fa054,kitchen,wbms_kitchen,train
1307,03a5717aa33b208d68aca4e2489404f25b496cb7abe9a79fc3b74eb2300f872c,kitchen,wbms_kitchen,train
1308,0e4eef4ece30682a513811a6b5503f18e066150ea0bc5d0cf8b8d7014139a9eb,working,wbms_working,val
1309,1111315236ce958d2f8dc8146be397ea134cf7f4520a0eba7ae715981dbfb871,leadership,wbms_leadership,train
1310,177596c7820d0b6990a36443f3db8703e9dd651aa581138e12cb11906f3514b8,kitchen,wbms_kitchen,train
1311,7b1e92ab22a1bee17d4b6119834f0e0902421749508fedc5a361ac454269e5a8,leadership,wbms_leadership,train
1312,e442bb66491a8f68d40869254a4a1493643683b9ad7ac4a2b0858aac6c76150a,non_stereotype,goat_offensive,train
1313,92939958ec900988e7d680b0c7235c709f6ed8962f77646eb2267b7ec7412b52,leadership,wbms_leadership,train
1314,16ae0442e5b9507b4e5c767e5a75fbab20c93ea7ac501238f77948c6d5068315,leadership,wbms_leadership,train
1315,e34f2cd82e7308b653a26eb1cfe16c401198ce2e84d1eb6bf616ed5b98fae001,non_stereotype,goat_harmful,train
1316,94788524716f8d9615b31d32fe2dd59053c12a20a352c407466494955fb21333,non_stereotype,goat_offensive,train
1317,34f821a1969daf5e5f9c4d9507734b0455d26663169f4a1ea974f85bb429b8df,kitchen,wbms_kitchen,train
1318,8f60daf307a923fd2374d01c2eff9ac7e01889fffc63c02442f8543a16e666c0,kitchen,wbms_kitchen,train
1319,fec054d1a40cdd6a3dfb2feb4c90f851a5d0a185e8dbc980f5bef0bb6111fa8c,kitchen,wbms_kitchen,val
1320,5f4bdcf6104ce7b12f1cfa054965c6bcc5d93666bd60dc32088c05d47832028e,non_stereotype,goat_harmful,train
1321,599a6609b58381f301811cb667758b501e02459d8156dfc57b300aa7d4063d2e,kitchen,wbms_kitchen,train
1322,a6e2caeca8bd6877ee43f5775a1401cf9e6e74ebd88b6ce70567185c731c495f,working,wbms_working,train
1323,3e525a9f36ebc4f1614c2d5b105e079a810bd157c2c499f0b062375caadbc290,leadership,wbms_leadership,val
1324,b9229f8d3b1d4fe6d8c3967860c0ade5b70bb15060f5667b824ed2cff77bf446,non_stereotype,goat_harmful,train
1325,1657d8598b7cf0e97ed687f2e7b19d6c9b0f30217a9943bae917c50cd538af1e,kitchen,wbms_kitchen,test
1326,b5da15f2195a755bed438fe014ceffe3d785fe7ed099674407d0d60fbdac249d,leadership,wbms_leadership,train
1327,eb276e020cb3b7cd3b6bc853abaab09fdd75b421dfb3e1d3ac8192231473ee30,non_stereotype,goat_offensive,train
1328,5eac6884c025a63eb6dfe0f36adbcd5f9add467d595bd91baee417223eced237,working,wbms_working,val
1329,45f315c4e4400d8037d5d05ee20ea7cae65e8637eab127ef8613528ec9a53594,working,wbms_working,train
1330,e301f5f81e28985366c1aacda3cf54ae58c1aea5ab5c0c4fc6db57d2998db488,kitchen,wbms_kitchen,train
1331,a2a469f85ccd39e2437d479f57df55bd2c540333743a909f3bfe962744ec05f4,kitchen,wbms_kitchen,train
1332,de6a2c893eb43c4d16937bf0405e5e59b90b21c2539d8a969f6b7267a698e9e7,shopping,wbms_shopping,test
1333,96380612c10834adbb34a61b88085571654048ea551d26d937b983d23b60931f,non_stereotype,goat_harmful,train
1334,dcbd06c3c33ce74bdaaffd7d4ab5a581d33b093ab7b06c76537bce091b689d0b,non_stereotype,goat_harmful,train
1335,348e47cd9c4e09588935e5aa9c60bea2c4860a8a5fdd00aab5963e4e6a907565,working,wbms_working,train
1336,43ed0148d050f5be52a19915ab979406914d95d9f544f6d000fface9b8d8f79c,non_stereotype,goat_offensive,train
1337,92c2d71a2ee0f081bfbeddca893886a0a41b461b740a0c141b967c8c4bcecd6c,leadership,wbms_leadership,train
1338,0785b86087a48717f6f299d455152fcf23dea9480675febe28baafa09393dcbe,non_stereotype,goat_offensive,train
1339,ce68aeb5750a72acbf16da3fac9595cfc19b35df340d9ec4550159e9f3a89ec9,kitchen,wbms_kitchen,val
1340,88ee5812243825e36bd4e2ce0c56a79c84755acbd79ac91805a28fa3e3c990c1,non_stereotype,goat_offensive,val
1341,6cf113f9dd21049a2405d1f65c79107621fac187a79c18e5a221049f27d21f9f,non_stereotype,goat_offensive,train
1342,0b01c2e64af0d0ed42334f87c84866575cf444b75dc8b12fb67f2b0912f7be33,non_stereotype,goat_harmful,train
1343,737bbae4d11d8a7c0311a3b7fb5c729e224d6bdfd84faf04c93e7d7f310848e8,leadership,wbms_leadership,test
1344,94c936e6a02707c1e6052fd2c3ed367cd53b21559b62a4ac4ed9b774947eacc1,working,wbms_working,test
1345,f0b1bd3f1370bd1ae6f4b8d1471f70cf5662951d01b8f5909f1f3df2f176b890,leadership,wbms_leadership,val
1346,43e4073d18505869a61c49b5b6fab957bd09d3115c9d7b75ff341e936e4fce5b,leadership,wbms_leadership,test
1347,b8abf144e4dc9a003048a1a7cd7811bb8913ce4db06fce5fcc4abf82d3801a86,kitchen,wbms_kitchen,train
1348,b5cc4063fc27f0caa47f2fdf3eaa01fda444463abfc6c951555ef5e758312c88,leadership,wbms_leadership,val
1349,d9f5ae8b1726a1cd971a8080ced817ad545f1b340e50eec65a71776758e4cf0c,kitchen,wbms_kitchen,train
1350,98a52ae2efcd2c9fdc9c2c1622684b7630dcc4972dcd18a7b9a2d3ed2f51be81,kitchen,wbms_kitchen,val
1351,74b79794f61d84ced2c1b29f0ef5e6efd706f959b0575619aa9f75a5509806f2,kitchen,wbms_kitchen,train
1352,b8086819e93de8069e36abc02d30830a4b1eeea9c2b0e234b5b2e292937b9b3e,kitchen,wbms_kitchen,train
1353,113b37e1939f012d7eb2d2b1f918b7877b75444afd0c80703d493d35e2b7de43,leadership,wbms_leadership,train
1354,fee44283797bf15d09880757f0173f7e7c415a82a2dc06548c5eb56471fe0831,non_stereotype,goat_harmful,test
1355,6561ec38955d2c148d73ead8b3c7e581fa866fdd3d455915ded4d5b8a0cb22a5,kitchen,wbms_kitchen,train
1356,01b70b7cafdc0605df6b4430f6389cce3df256b48245346b00eee9f79379d692,working,wbms_working,train
1357,e3c2b29aced01ae28db7aec0d4a6e9c7b82298b93e6fa49d77046a7fd580d115,non_stereotype,goat_harmful,train
1358,08d3452af5986320a6ebc4854c112cd9a9d57027823b0185b323eaf79d023236,shopping,wbms_shopping,train
1359,a18c9697765d8cf37e7b14b2a1293c3808aed804617683c1e350e052de708cf7,leadership,wbms_leadership,train
1360,6481607ca67f384edd6511fcb79357b6e2740f62c4d74bdc12621181df2324cb,kitchen,wbms_kitchen,train
1361,032085ebbbfc961d77d4e87fca2932c781b14a6d3c4fd7d023be23cd15e384c6,non_stereotype,goat_offensive,train
1362,867febbd5791f5eb44baa1a50435ab0945701602a4fddd9aad0cccf78788329e,kitchen,wbms_kitchen,train
1363,ec7aea88b0868fa40b473d257a57ac0a02b61563cbe901a7942ce04675b3c34a,working,wbms_working,train
1364,0ed96e6e09e18103ae5cf06e55159df686992c32640b486f0c26fc234e4810c4,non_stereotype,goat_offensive,train
1365,eedf4a39bb3f46e6b08489ad23cd8e20b1cff92f8b5676861578840a832c6bad,non_stereotype,goat_harmful,val
1366,5027a3244d2fcf9a3e40e030e2cf099aefcb997a56edea2934febab2351b98fb,leadership,wbms_leadership,train
1367,2be99eb83124a3127f6be56e8401aca54fd686c36c8da8976c4b7b63456d4cb3,kitchen,wbms_kitchen,train
1368,62290e936351e101d024efa932a45bce00386d6f54c20d1bce5d315474cebe0c,kitchen,wbms_kitchen,train
1369,5151f019a8ce7a5fb7b15f2e71f8ba1e6950a1f271fa6f47efae630a134ac389,shopping,wbms_shopping,train
1370,628316e77b157b9809299a9376944bb4a0ec477522c62b98ac1d6797158d7982,working,wbms_working,train
1371,ef9f7ed6ab4f059e86fd08adae01c794cee38b3886f97cf1ca8ba650401e891c,non_stereotype,goat_offensive,test
1372,a355957a0b31909e8d67d8f96236fd09b0923f3ab28d941a3a1526ffc7032fdd,leadership,wbms_leadership,train
1373,6312e9be936f2962543e8bcc2dc75fe039bdb0a647669b788b841b8b3168615f,kitchen,wbms_kitchen,train
1374,da816a6313bb8207c2360d1b22b2b23719007bac912462db58d8ecbf2b5a32d2,kitchen,wbms_kitchen,test
1375,09f619289a2c3859453925711055156bdd6c884486fa1fae37428960ebb09023,non_stereotype,goat_offensive,train
1376,c6a224aebdb022b8fa5deb4bb5d3aff5a891c831b323ec6fbec548725638843e,kitchen,wbms_kitchen,train
1377,9778dd3811272f2f37736b9d74c557f5fe19a5d35dec3732b174996f8493fcc6,leadership,wbms_leadership,val
1378,2d8ac8375b9151a25fe941ecf5a45d2e836957839db356b734f1aa1574b80c90,non_stereotype,goat_harmful,train
1379,bf05ccd929ad7a5497523188991733f15280f941593c40315839d7c18b0632c1,non_stereotype,goat_offensive,test
1380,875a92db0e9c03f544a00f0aa3d132e162fc62229314b4b1d6b158bb752f93df,kitchen,wbms_kitchen,val
1381,94a7bcb4a5c3c255e2eccb0b47dc8f434198d6138cdde161d7c17e50814d6b2b,leadership,wbms_leadership,train
1382,64446f7f642709d7d930fa6361c0dc5d5f940104216d61838e3b8c16760dcaee,non_stereotype,goat_harmful,train
1383,9f96950d575f6a512edc047c04403ef95fa7d0c3144f6196c2cc749bcc4512f2,kitchen,wbms_kitchen,train
1384,378d467c5ffb50140f720b98ac834c14e214000230782580e3441fe8866279c9,kitchen,wbms_kitchen,val
1385,2a2448189969ac9f9956cf1b98c4298ff587420fb14cabc3d32aa7fc92e8ef73,non_stereotype,goat_harmful,train
1386,8fd7e3869aebae671c4634bf585848561ee4d5d31ad025a5d17d6f4953829c72,kitchen,wbms_kitchen,train
1387,7d10bbee0df5caa140de43f2fe44ee2787d66b5578bdfa72f03335b70bd3b048,kitchen,wbms_kitchen,train
1388,fb053ba9eea6040069f5da1849387337369c001a0e9acd3b4cfc599f8e80d2e1,leadership,wbms_leadership,train
1389,2b4116264f67697c9acba6d5cc78c5c3a5ec62176879460fbf321e7b501dbd96,kitchen,wbms_kitchen,train
1390,d91699f8b8f552a69a9ba26fa8cfd0d2cf76cbb709fd30bfafd52206093eb0fc,leadership,wbms_leadership,train
1391,9e60c0c2b0baaed435167771ebd054b2529d0f3b67912e2346f5afae90f887ef,non_stereotype,goat_harmful,val
1392,d7d628c0ae463dd6ff4f2cdd6a2b182f75910196f015ead452758acf4e75dfb4,kitchen,wbms_kitchen,test
1393,24c7c89dd5044cb8d6cffe6a832bb29e2f3c04473f0c0a78fa974d260a851b0c,leadership,wbms_leadership,test
1394,262e78941e3a7dd342ff954b56df9d239b696fb132eb6b86ba95d45bc29e8274,kitchen,wbms_kitchen,test
1395,f4c8ef10ca62175baf53ead77ea62fdbd6d616fb6eb0910fd0ceacc1ae93241e,non_stereotype,goat_harmful,train
1396,53e06972407a6d52ffaebcecc5f31f80d9a5ca5d03487fcddb770ae1450b2d66,leadership,wbms_leadership,val
1397,e5d83a0311e7ceda2aaeba33f231ea42fa0ed513a41f0a900d5acdf7c8d6b3d4,non_stereotype,goat_harmful,train
1398,6a62ebb9034ac5f9cdf1afc0ed6bf5e336a464a32847e26fcfea59e7c5049750,kitchen,wbms_kitchen,test
1399,4cec1d57d42d55f0969ef8510c7eaac1c8ecde6da6d926815fb1904fa321d276,working,wbms_working,train
1400,7fb024ba95796193fd6051bc112d11f97fdb534dd4dc2d98d028419843eb8cc9,non_stereotype,goat_offensive,val
1401,44df05cbae8bcacbf59d81edb4f64e808622204ce7e34e4845503feb710dd115,non_stereotype,goat_harmful,train
1402,415905911d4475e924210890784022873e8e8d3184967b33f736653763c9a249,non_stereotype,goat_offensive,val
1403,407ac246dd320e5d6dc0ab5da943b50dd09d41a457cc4ff00d27592a2a96fb9c,leadership,wbms_leadership,train
1404,a8568de1f361846e61346b9093b5c3cf46fd26cb897c57f0a7f87eff7f8a22e4,non_stereotype,goat_harmful,test
1405,91dd6ed8efb4fc8704f3643c045f94b5a9dc1c5ae7f3caed7c644c6c5b632c04,kitchen,wbms_kitchen,test
1406,1b29097e73266d9950b04831509702c76537bb7f6a5cbe1940f169ca15500452,working,wbms_working,train
1407,93133962e3c833b864236777877ae1d9e7820341aa59304f313a3ed3d4e11326,kitchen,wbms_kitchen,train
1408,30983a6658026183ab8d5bd7ff1af18f5cf53e69254b1f59cfbc8938e634eadc,leadership,wbms_leadership,train
1409,192369e75b2af628bc57ac66e2c5a833dc049397544f78079619293b53deb2f5,non_stereotype,goat_offensive,train
1410,cfb4f0668bf90e4f4d2d5c11892e6e5ef132d4e247c272e85a1fb040ad3f07b3,working,wbms_working,train
1411,b877b167a757c443533b94b465226334939f2644964d944e517bbbf1c9f883d0,shopping,wbms_shopping,train
1412,e1f321d818985ee0eb65dd3accce0fd817f9aebcbf076cde7ddad2713573edcc,kitchen,wbms_kitchen,train
1413,7ce1eb43311cef7bc9824f2023581d87e6629585d2dd96ab8b7b78e83e6429ec,working,wbms_working,train
1414,45c69f61b05060d4b0fbb0a8f3eee3d44c00f0590f666eaed8b9064d0e6bb13e,non_stereotype,goat_harmful,val
1415,0d18251bd4bbc3a529d5924f1f98d7b594af00002b6d757e29e8353219f61cb2,non_stereotype,goat_harmful,train
1416,34ad5559f8b28f8f98e046f7c8806d971acf7e08e75a2de156297887cef1cfac,kitchen,wbms_kitchen,train
1417,600456efcbcf32107f2fd494f402b66a741b29d47e74601246fc1df69eb50097,shopping,wbms_shopping,train
1418,d2e77a02e25b0a129f3e71f37fccc66d75bf0f1429b28b4a4f03f63cb462ac60,kitchen,wbms_kitchen,test
1419,7a6c5e2932d24693ba67490cf3127960002db34a7004371bd160190330f302a9,kitchen,wbms_kitchen,train
1420,c9ecd54406609e645ee704a7e5c160132dea17bbebc242a86389ef175cbc395a,working,wbms_working,val
1421,531f22f83e8f8931c9a0a8cd2d87dbe5a6a5f19774bbe6c16e0895ffc81fe783,kitchen,wbms_kitchen,train
1422,7ed699966612c0719410a0c76a15ef73b7787762895bbdae3cc3386af1615213,working,wbms_working,test
1423,837532b092ae09c8aa3e4bae90f8263eade11dc1faf77edde2f6826b106e9f70,leadership,wbms_leadership,train
1424,4ab92f472c427413919fee7a59343ebe938ad40603246f5118c215067d1abcf0,non_stereotype,goat_offensive,train
1425,0c42a13287dc5d67e19fe682c6c80c822a5bda256ced2a911dea40879e3633d9,kitchen,wbms_kitchen,train
1426,3193e1edebe6446efcbf23c0387c7bc4296b7fe11144e027c8bc7e2b72738790,non_stereotype,goat_harmful,train
1427,f634b3978123ea17656b6754b5f1a60d351ae456bd107650244532dc34bec5fe,kitchen,wbms_kitchen,train
1428,57a748edac5fd6647baab6f1f0371783c7bc9a27e4f72603cb37502dc302d146,kitchen,wbms_kitchen,train
1429,f9d9b2746fb572eb270192e2465a0f1f73091396a5d423f0947e97a3465f174a,non_stereotype,goat_offensive,train
1430,6ce9918301fcbb32d7f4164ed6c7c7101df43f38c780b234d84cd6d6fa47a00d,non_stereotype,goat_offensive,train
1431,e47def0c2db5a94466e71577702cb903f3f5f7c13005c234d938ca7dd597133d,kitchen,wbms_kitchen,train
1432,36bb78c927359da0ce91627d2dc534476f737a39181607432157734180acfeb4,leadership,wbms_leadership,train
1433,813d6ebae9586bf40aaeb54ce0b318cc4716f52c1246d089a4f98ff5a510ac00,kitchen,wbms_kitchen,train
1434,110be89d3c2554659a4dd0cb73bd68210bf0c6333e1108470e2a0986e90a2dbd,non_stereotype,goat_offensive,test
1435,de6ce0a6bcfa0756ac028037b9d5f9612b45639692c3607861b6eea37790b4e2,working,wbms_working,train
1436,fb385e504239f8d083c74f37201a3ccf52d1775097ead0c075a02af57aaad0c8,kitchen,wbms_kitchen,train
1437,2478645f70e0dd295b24e102def236f2a8cd169f8f8c1916659579fb9396ee67,kitchen,wbms_kitchen,val
1438,2cce416bad12b533abb1ecbb4b111009c223aa3c9ab28926d678fdf12a0f6a7c,kitchen,wbms_kitchen,train
1439,e0094cf2754cc7987508491ed64d314faefb5501ec80f260f5017f2f293d8fc1,kitchen,wbms_kitchen,train
1440,65f23b66fae0dab27cec8088c0adc4914d3010603986f6ec84fe4c072c37d5db,non_stereotype,goat_harmful,train
1441,065866a1c4ebc8f88a92ef97e8b66dfb3bc09b51c4171f651752fe92fb25fe81,shopping,wbms_shopping,val
1442,425f6e85ea82d6e45da574039ebdc27b23898cbfa7f847a5b042e05e070bc613,kitchen,wbms_kitchen,test
1443,9b44b3e01bb066ef4b1ffb4bfeebba205023221596e332ac3dadf23a9f2bef75,non_stereotype,goat_harmful,train
1444,fd95d0bcf11ef9c6f5a1d6472889c88224b67c6f57b3ad6e8cbb1e4d95d3bdae,non_stereotype,goat_harmful,train
1445,345527d78f2cbfdfd79518a91ca63dba49b43689c1f0d4c4e979ecb7e82d5eab,shopping,wbms_shopping,train
1446,243f28fc8ce6c6f0f0efb58750fb901e0cccd94ab8687ecf558acad7227954f2,leadership,wbms_leadership,train
1447,c37c45de80f3d1be4ba083e7427aefbb54ae66d6c9a154e646e1655404277230,kitchen,wbms_kitchen,train
1448,b30a83e95a1e310ca89b48d339939598b4c020211db822dcdfe025a479544756,kitchen,wbms_kitchen,train
1449,3a974b9f005cc3614029a3e14c0f79116955a2b4b7d346ae3e268a731bc98e22,non_stereotype,goat_offensive,test
1450,6dde17a8ca9844fd6f931edbe4a07ddc1707fadeabb03283413780bb8c2ef44c,leadership,wbms_leadership,val
1451,54e265f30cf14da717ba7b001ab2fe3cafe817f3ee3cf4bec8dbb98e8744e5d0,non_stereotype,goat_offensive,train
1452,1b6a238c6ee664415d2cb17bf35a50bff5398cd3611b751311d1c6fb1e0a6360,kitchen,wbms_kitchen,train
1453,ebd9d90fe499494908925a066c2a7e92cc3ce8adf6c7aa58d8b9fc8529d47e98,kitchen,wbms_kitchen,test
1454,4cdaf19b2fc91e68c9224d6f0cb543885061947a6dcfd616700b784e2e41e497,kitchen,wbms_kitchen,train
1455,054cf0ac128b3fe54351adbc8206bb2021d41cf3cde360fe0d367e3a221a606e,kitchen,wbms_kitchen,val
1456,f48443d7db004e8c02ece982f9e2b8eecfb4e574871302aa9c5082c3358f447a,non_stereotype,goat_harmful,train
1457,0e3ab3c72a97d84c93ec1e809190dc41bfb80057e75cf307b50541a9862542c5,kitchen,wbms_kitchen,test
1458,c836aa171ed37b08ddb4536d627ba7c601c503a4797a4362993ad974fa645774,non_stereotype,goat_harmful,train
1459,8bd030b6f5e1bc989f1e56a3dfa9904b8e69e6fc5ddb5ee4b96324d821aed563,kitchen,wbms_kitchen,val
1460,dc5e763acf7d212b176ba5d605fa737296a242c7913c9a1d98b7b9b09086142c,working,wbms_working,train
1461,2199d0c1aefaa07840e556eef4ff5655ab70f012afcbcc8f16ed8a3b3a857c05,leadership,wbms_leadership,train
1462,7830638a4311e880d00b4d786e6f815155951fb7dc8859652d45d15e1a105489,leadership,wbms_leadership,train
1463,ddf7e73bb36907999f82e23a06325b099bf027612b8e8ae0c03969d9e754fb68,non_stereotype,goat_offensive,test
1464,297789f11bc5e453c89108cbd0de17ab28001345f9f2048b3c90b1d7486273c4,shopping,wbms_shopping,train
1465,772be0269c245e877a3833c4cf1c4d7e3ce58d2516ab96e95c3cae92e2c9d8e5,leadership,wbms_leadership,train
1466,9e62098f4da146c55b61d91f86d23d3d8fd9a3aa4bce008955a6c334bb45baa8,non_stereotype,goat_harmful,train
1467,1aa6ae04bfeace64b212567c1ac4cc725a288c7f28cdc155e2f4ef2f213a808c,working,wbms_working,train
1468,ce3c8c12e1e72b3547989f10a7abab52d77b5ff667dbc6acf524684ef90ff69f,kitchen,wbms_kitchen,train
1469,76b836fa211c77a0a9615eed3c23e28c383f3c33bf67f2c6511956354bbef421,working,wbms_working,train
1470,794dba3d689f3b55658ea48f9f370a7874c95a6544556090d8a0cb6db6af1a85,non_stereotype,goat_offensive,train
1471,aae5fdf9ebccf8ff0ae752c7755db9e53869c765af08dba3ec4e1a297cea5671,non_stereotype,goat_offensive,train
1472,740035b2ce59f97e7e907bc5f9829d2659edc8849f8473d160787a0f9bb172d4,non_stereotype,goat_harmful,val
1473,002efa481cf7e27e839c28d3669ec132c18cd1066eb42fc4df7a6857b42b1f87,non_stereotype,goat_harmful,train
1474,ef4ec4416e100ac9a767494b1b9809cba253410fe9e7649a30ddb50b2b111d92,non_stereotype,goat_harmful,train
1475,466adc5c8d7c65d6ca06ec47c8ac7bab43598e56621000295a1ccbef0713255b,working,wbms_working,train
1476,383b49ee5786f84fdcea7bba684c04aae71c601f0d00218e9608410de5d445aa,leadership,wbms_leadership,train
1477,3a0bff2af8ef73ea7e8bbfe0636502bbb7d8f6068eb845568b6a4bb770310fe3,kitchen,wbms_kitchen,train
1478,8983eb01b6ffe5e25c0df0c767ef1744239d88098f941c756d4cfd55a242cccd,non_stereotype,goat_harmful,train
1479,463b96188d0d4d295f6eab99735922b52b5f072a9f114387eb37d92945b648ef,kitchen,wbms_kitchen,train
1480,e0737d4dd33d8a5e8aba364a42462e041ad438fd075f3965abd9c532cf2c1621,working,wbms_working,train
1481,b24e3edee9705f0266944986538d219eb480fcbae6f380d5d698c435d0ff7ce1,leadership,wbms_leadership,train
1482,6945793db25aca9071e975369d9cb9174427345f0d15313be17f3dcff7830ef5,non_stereotype,goat_harmful,val
1483,2cab0888a991d6128d37e1178c2e26f4bce0d9088a4537df74f8f1b28184dbad,kitchen,wbms_kitchen,val
1484,c018d1b9bda1c51fb946ce84dd0c2dfa947c6034a0f62d59fdce13965f115523,non_stereotype,goat_offensive,train
1485,45ce5f82556ed106adc498c063d1a6fd6abfae77733cbea4a7ec99a389687a8b,kitchen,wbms_kitchen,test
1486,11de026dc5b77a8420040dce25552c4dea69e55c74aa3a64654fc5ef7316d307,leadership,wbms_leadership,test
1487,ad2321d1b1befd434b364d9d7ebe6913c7ecef507699b6c14d99b9672010a2fb,kitchen,wbms_kitchen,train
1488,72d264290f0826df1159ca8996bc7a40ceeea56087e236944593366c99e261e6,leadership,wbms_leadership,train
1489,9e4b88607e0f022e202b9c6febfd348084fbbf3936c7885f0b2672ba9f2d18ef,kitchen,wbms_kitchen,train
1490,b4664e923d67fa05b3e6d2077f0659eef89efaf50a728ac226450b5c5abb8dc6,working,wbms_working,train
1491,d3e9da4a494648154455a615b7298a45cfff13e54f0f42bef6fdc40cc40c93d5,kitchen,wbms_kitchen,train
1492,501403f977d5aa3bdb8e818388498736c3cf8c94202174b8d7ea89814f88c097,kitchen,wbms_kitchen,train
1493,1cf100ab6901b9d788af899aa323e2dc3031699268244e3d960c67d65e10b50c,non_stereotype,goat_harmful,train
1494,1b7f6294a2619b8a4badf7dfb488490f511ab16d863d0ef915fe6ff479a3895a,non_stereotype,goat_offensive,train
1495,b221bb43faab454ff8a9952322d9b89a0f1d1480679bcfca565e425d72395439,leadership,wbms_leadership,train
1496,7d062a0705ebd68a43a0094395acddb3c5a16b391ee8f74265daf41f3b83bed3,non_stereotype,goat_harmful,train
1497,930fd5701dc58794664dfaef8408a487cd52d3f7ffd8d847798ab3e716aebeee,non_stereotype,goat_harmful,train
1498,e864f528c450b0c1f9bb6fe03c11a29a1800a424a4a0f19ba41222a9530b1313,non_stereotype,goat_offensive,val
1499,018c7194c88b03785ecac338449ed66bdfa6df4e6304d46559e0e903e560aef3,kitchen,wbms_kitchen,test
1500,07ffbbfefe00ef020424b1ed5dbf9884713e9bd0b7fc9997b7fd761c96877433,non_stereotype,goat_offensive,test
1501,43a449614007409d6a2f969debaad4683b8e37b9507e4cf4a4356dd42b1680f7,shopping,wbms_shopping,train
1502,d42e71533dfae4eb49fc25c28c76f1859c617218d9e323a6dd8eaefb3fc7a07a,non_stereotype,goat_harmful,train
1503,dbcbbd668d77d177256cde26773d34c7f7c2414e1629ef93806a646fdace7005,non_stereotype,goat_harmful,val
1504,a5d19b7716d9e919591643b90d6fcfbcc0ffd443ddb6466b89b9b03a8cfdb371,non_stereotype,goat_offensive,train
1505,aa8a4d42d19c034f458bb9a36700e26c6f2db1659b4e0a00851a37bc15e53c38,working,wbms_working,test
1506,3f579ac274eae329146f5e9ad11f879ca6f4aa77ad3f3854a6f2539584440c5a,non_stereotype,goat_harmful,train
1507,0358f07dddc3b86787f8a621068ab87bf7996d0641547b3e9b11595f39fdfd91,kitchen,wbms_kitchen,train
1508,488c9a499c5ec56b0363c8c273a9fc4c7d756302a5d7bf08ee412af838c73ff5,non_stereotype,goat_offensive,test
1509,c49ca4e8d8df52e2dae5fc359e1aa547751884e38cf646c5634cfa04d6b8c7b3,shopping,wbms_shopping,train
1510,2545e6391138c05d3543e59ccea5203db095b0d952f0a633970869d900eb6229,non_stereotype,goat_offensive,test
1511,95578c9e7bb3a887c1abf77d8122a93723024c2b47012de66db505ea307aba1f,kitchen,wbms_kitchen,val
1512,00a7b3cd7c4a77a4a5928246baed09c1837be8b7fe00aa73936b7ae3833ae3d7,non_stereotype,goat_harmful,test
1513,2793d69178949182dd2f9b3c347a10510fc8bab380b67b49ca0bc6d66d885cf0,non_stereotype,goat_offensive,train
1514,49ce254918e84cf3122a6680bfd3d64862178ebeb1864948168dcb6de82e010e,kitchen,wbms_kitchen,train
1515,62b930e6a178386ddc809fe4d838ee26374af326ff90ac5a468cd5c8f3478e05,shopping,wbms_shopping,test
1516,bd105982a44787a9c0a4a0ee0accdb80f91dbfadb838d252aa23204ec292af38,working,wbms_working,val
1517,b1c4769246ad7203505184c520b0cff6f8d03e3bfe8061c3c8bd3186a418ae4d,shopping,wbms_shopping,train
1518,cbd9f4ff772c2f21f29d221a5eff2f2721d6a4a821a407fac55ca88c335fce9b,kitchen,wbms_kitchen,train
1519,5f3597762ec2beec8152761124b6d3b190bbd83feb849947dbd2527e9c8b6725,kitchen,wbms_kitchen,train
1520,a4a3cb618efc9b8d74fbcbc0ef246db75d351d77a1aef2f542d0c76d317335d8,non_stereotype,goat_offensive,train
1521,41eb69c704c3316f5d8e61d2c3f5d1c6dcfe4b32314d6a0b67b1a115884c27cd,leadership,wbms_leadership,train
1522,5a1f1e45c2eb13b47a5b0c80e6c36037c8ed62108d422014504362cb7fa0ca4c,non_stereotype,goat_harmful,train
1523,c0705df95be981b53ae0298d117d6cfd33d5592a2607e16d9d016be7503bbcb4,kitchen,wbms_kitchen,train
1524,b4059966ee1d655ebf89ed7976eb54486bfedc369144eb1446e9ded0f0c4571b,non_stereotype,goat_harmful,train
1525,cff2293602311193217547e95922a3d949c747f7a78d7153de143f6f46d32b9f,working,wbms_working,val
1526,065751510e93e06046fd5d5f7e2de941b2810aaa26fca56ecb3f5f70e1031277,working,wbms_working,test
1527,7bd34fdf6c1e9691a6534e9e221a2f4f2a8f127ba3146e7a2b052d2c1db6a048,non_stereotype,goat_offensive,train
1528,dc3314f7389de7b8f75bbb846fd13d89c00730a9d9411bdb030c59555aa7c11f,non_stereotype,goat_offensive,train
1529,f1e8c7a570292cf2cabf832f5f65f77c742d413336be83cef64449414d10a8f2,leadership,wbms_leadership,test
1530,e2cd4358fc91ea90d09ca76005bc89f1e7a2bc267393aed2282ea75a869e08aa,working,wbms_working,train
1531,23039552b6b7e5d4336b4f685dfcd265f62c4f1d30fc0f08a6f15ebc699ddb67,non_stereotype,goat_offensive,train
1532,e9f3839cc1894628a0da1e82a9078ff040472f98e661d63043011a4c54cea982,leadership,wbms_leadership,test
1533,9c43ffa3a7cab4116c8e67b31d3ddeb137dc4a52162499c615c984a16428a726,kitchen,wbms_kitchen,train
1534,be9e841f5193639eb80db683540912b5daf4d20e878a4adc2fb1c64bd026778c,kitchen,wbms_kitchen,train
1535,45d8c014e2690ffdb08fdd972b81b8ee9ab03e3eb7cf52eec7b586171f8170e9,kitchen,wbms_kitchen,val
1536,71a8c9d92b3d55d3e27e75fec002ecf19fceb70853275d80b9b5d9343861bbf3,leadership,wbms_leadership,train
1537,63c52ab33b90aea41ab3ccd07855d28e663a25a567b44bd9e0ef2723a19ae355,kitchen,wbms_kitchen,train
1538,2eb5abc9b03b2c1dee7942c7d7437b7dd62e0918d1b797085da315dccb2b2c1c,kitchen,wbms_kitchen,val
1539,5dfe9a790ccf9e29a16a8b89d949e4a1a5979c9a7a586952648787725c8608fc,working,wbms_working,train
1540,d06d9abd78996089745c115685e03aeafaf40f55ee7c36a98e856b7130f9c9dd,non_stereotype,goat_harmful,train
1541,d38bfa5d2b682b7735d195af9e5c11ab27ab76c2d4f796d03a05dbcd75bb3fd2,non_stereotype,goat_harmful,train
1542,80aa528a96bdce002d0ab1cb9aea024e25e0cc8c7a837e62d3fce4d728637d94,kitchen,wbms_kitchen,test
1543,e56c975945e9bd671215a117dc95571378a6521f47bdc9ebe4bee2cf19aae876,non_stereotype,goat_offensive,test
1544,3a88e777d82f76e9e87a9499754189052b8deb8017411401a955ba4c6af780de,non_stereotype,goat_harmful,train
1545,e4ef4bca6ac9e3a4bb305be3d88edf567c0092ad8a5d39cdf4042813a4eb3ba0,non_stereotype,goat_harmful,train
1546,cee52b1438471863f072499dab4162d234a20a597010b9392d6ca494f4bf1df0,non_stereotype,goat_harmful,train
1547,87eaf99118ece96e0564ae06455e39eba69eee6c9466a3008a584e79d1e5b464,working,wbms_working,test
1548,772965a3dd1e312be2579ad01041d7dcf263a0d612974045615f9941501c3560,leadership,wbms_leadership,train
1549,6d83f110e4e097d5bf207d058e0460dfbff398957c94ab96c14ac069b54b84de,working,wbms_working,train
1550,77535b19194135e715af86629848b9975e8439fae72773cfdd921af43f043b0e,shopping,wbms_shopping,train
1551,39934b9b1b1a52dfb61fdddf6e4caf33369374bc1177a3d3457e442ee49e06f0,kitchen,wbms_kitchen,train
1552,1c1586531ea0d117105c4c5c852b76c9eaf9d8eddbe93325ff88c868fa11d284,kitchen,wbms_kitchen,val
1553,341797682d1fb8df18adf4db40c49a1238fbd5d72798120464db00f0000bb34b,non_stereotype,goat_harmful,test
1554,da6ef63ceb89fa90feaf3b319b55c8a0777de6405c807a41961f7e4cd0b42792,kitchen,wbms_kitchen,train
1555,28424484574e4b2b7322f9499492b45b490c65df53f2fbf924a53c95e82382d4,working,wbms_working,val
1556,eea17d89e0d5035e33bd54a36d134ab781a416def8cde194551bb56d1d4b7f73,kitchen,wbms_kitchen,train
1557,2c39fdaac23966286de537b5af33625f7eeeebeb790a21211273e9b30e5ab4b5,kitchen,wbms_kitchen,train
1558,46441adf73c6b1124d2440b9b62efcdfcebe6ee5aa031298f649c1c0006fa096,shopping,wbms_shopping,train
1559,747b7f09111bca810c938e9fd812765b85aacca7302a2d64152875ad3c17a064,non_stereotype,goat_harmful,train
1560,128a85576d7ea3eb1347ff06170792c5b8ae9eebda15ffe83178900c0ddaec12,working,wbms_working,train
1561,eea4ebdf76f0bde9af8f7be8ad64eec268dc19337922c4078ec922fee5950b40,kitchen,wbms_kitchen,train
1562,37c67281a5df24382afde6d6df05c3eb5ac021ba5bdae7b392d953ff36530f37,kitchen,wbms_kitchen,train
1563,bb28eef10fa81170582a579513f0fe24fd01f337390e9b02ba0771e33c475c0f,kitchen,wbms_kitchen,test
1564,7178088af3cf7619d85214b65da95238d1699a0dafb528f5ae335c236dfe68e5,kitchen,wbms_kitchen,train
1565,b95a0ef674c9a60420daa4b96d3f2ee3cfadf498e160f559ffcd6f76baea5a5a,kitchen,wbms_kitchen,train
1566,d35bf9e99c57e82d915c28c9e7d79047025ca93c844c89c7739e60efb275a839,non_stereotype,goat_harmful,train
1567,ba1b4621941bd6e50700e1d85c4201f5bb3c97e7346ccc5016ccef8fe0958d2e,non_stereotype,goat_harmful,train
1568,d730d2bce9e579552597dc39a530c27c25fa4071aa20af4300cebc33ff416cf0,kitchen,wbms_kitchen,train
1569,57f3456d9c9b309fcfb426873d80b94b9ec53096999255248a5d75b8677c2eaa,leadership,wbms_leadership,train
1570,670791581b6691c00eee9e362fd3ac9c6a6eff6d08424a1c4e5710d2ef62c676,non_stereotype,goat_offensive,train
1571,7e81b9afdc58a35aee2faf8f6401fa81a18b2576a71659ca2d7c0280953c4dcf,kitchen,wbms_kitchen,train
1572,4048774023fffaeeb164eb2fa2d27528aa685c4053747bb5f9e4baf76c2f900b,kitchen,wbms_kitchen,val
1573,651e71447dd8faa1bec6a3dc1dacf6f52ee46d3cb08124ee9d56fba705768d10,working,wbms_working,train
1574,cc21a09bd3c054e1a516578237f9aa4a773cdedafa6f827d07262d5ca258b516,non_stereotype,goat_harmful,train
1575,d0bdf2a45963f07d62c859473e407408d1ebd7789b0374b0df7016c2036bafa2,non_stereotype,goat_offensive,train
1576,dffac8b4f681b3808ef2658d5d32d8e5cfb2534b7dddfba2a2c7f5faaf59661a,kitchen,wbms_kitchen,train
1577,22537be0644ace0304adc4466fd48088562520fe8b83142f20e26b809db1bdce,non_stereotype,goat_offensive,train
1578,ee03658dc80a27abbeeaa41dde6117131689314063ba9a2ad0f6d95c7ce9e4d6,leadership,wbms_leadership,test
1579,64a12c671653c467d7b52a1e655b335e4bd6d492aa85297027340d69db949ebb,leadership,wbms_leadership,val
1580,cd17df83fbee3ed46bb055f6da9b04bc50b08b643d9eb4ebb2d9a95f23ea30b5,working,wbms_working,train
1581,20cdb422aaf6c48ebafbd554fcbaa0e4e3b6183b61f13f102c451766ed9034b8,shopping,wbms_shopping,test
1582,a62862be4eff31f4850a13e425a8eee5c9e8a87b18715aa0174e0b8d017f5799,working,wbms_working,test
1583,ccf5e508531a64e1ffef8d10c22df77697ea0e5d81e575906788f1ef89d5b34f,non_stereotype,goat_harmful,train
1584,fe857aa6cc72a76cfcda284e484cb72dfdfefc2aa8eea284fc7e97995a006b70,shopping,wbms_shopping,train
1585,3346378c374100bc96793049816a88321cf31821079ed2fb5ca1618a1ed701eb,leadership,wbms_leadership,train
1586,de69fa5525c6f2117f513c4ffc9cafc31da0f1da3252844807eeb385933781ac,leadership,wbms_leadership,train
1587,3621b6685a9dc3df8c2319c25cd5f2c2c0d322d62ab1f57144595f60c37dfd48,kitchen,wbms_kitchen,train
1588,f031c5262783792c3493e1bc863a5c2bbadc755325f8e5db5b1e6d5a078b75df,non_stereotype,goat_harmful,train
1589,1eaf5e9f17bcaebfda391f9181dcae151ba13dc188eec7c9f6513f478673e295,non_stereotype,goat_harmful,train
1590,3c15b4d5edf8abdfa0e745e66af287b3a9ffde119deba2a25a5078b1b9149236,kitchen,wbms_kitchen,train
1591,70e419ead9a2a977c47ee077654a36c5d918a986b2d3e6a4cf9afe9992fd5145,working,wbms_working,val
1592,f450d31827030d4785b191c7784e4bd7cc3289749dddaa9099bd656b303f65b0,non_stereotype,goat_harmful,train
1593,990b1c40d3773580e035f8d633edae2e8f823151ae63aed0f1fcaba75082413c,working,wbms_working,train
1594,535faf235f04d1b2aa05d84660de93c5803da44941d0b4c988d033552e0b8992,leadership,wbms_leadership,train
1595,7ae58250eb85f1415592847fa4f25a87a27869c94063acf9582c8dc5954e416c,non_stereotype,goat_harmful,train
1596,b7ec85a8d29587088821fdc60163f0ee2b8a4528793274257d6abc8d4a57b473,leadership,wbms_leadership,train
1597,57a840e936592d0f6d7f528617982ba80f4f6af942e3261c18fd07943f1f9db1,non_stereotype,goat_offensive,train
1598,5d9b11eebf43ec35d0ebe626a6e49d4047db5e32a84978484112d544e5539613,non_stereotype,goat_harmful,train
1599,66cf3ecf3fd14a257c09ed6871b73624ffd0cf75e55d939aea763831ee8ebb79,non_stereotype,goat_harmful,train
1600,883b31e8d2f2accd82f9720da10b81935b5dd2807340b451e2bbc67f68c14f7c,kitchen,wbms_kitchen,train
1601,65dd23352e3278eed0a6c0c188c2a4cbc3bee32214affc171c34e9f168ab3322,non_stereotype,goat_harmful,test
1602,f4fb368ed02d88060e41a3bddca72cded9455e58086604a7f053eb88914172f2,kitchen,wbms_kitchen,train
1603,1d017362d5bf38ab2ada5c7dac3d423e51be3860c8359402c9c9fdbd766f2da7,leadership,wbms_leadership,test
1604,a226e46109a623f7059c37bfa8460a1fbf64227ee4137f11ca3ac9eebc27220a,kitchen,wbms_kitchen,train
1605,7b71d70ff25055fbb4acf430918ade0b8944d432c3c9193d315ceb9eb3ec5bbd,non_stereotype,goat_harmful,train
1606,711e249337c7e6e02cd58b8bfe4fc64e16ab1c0c4ff2e409ae09b097ae6c64c4,kitchen,wbms_kitchen,train
1607,b5dede047d7b24067efc63789bd4b9470bd8b76c89d6c3d8b0fd52df41b605aa,non_stereotype,goat_harmful,train
1608,43e97db2dbc7b3d456412d7a6241da5c8c9087fe247231f11c0becbd854ad131,working,wbms_working,val
1609,1edd688ad8e8e71089c55782301b56f250cfcebd232ba9e8c067f55ca0f8223e,leadership,wbms_leadership,train
1610,8e56590d591b4c046f0b8000ad30dcdeb7f509b1c5ee83e011b542fb2f03d4fe,non_stereotype,goat_harmful,train
1611,3cc69c5fa7d78831a1cf4c8d1587c64aed67fca238d9a65ff267a6c143d14cb8,shopping,wbms_shopping,train
1612,d1b1657b80d86004598dc8c4c172e67ef61f3f6af2f66b6cfbc5ccae886b3da5,non_stereotype,goat_harmful,train
1613,6063e68c68d70ab1ec95c8e086ebe1e3964885139738408ccfb1c7a0c76d4533,shopping,wbms_shopping,test
1614,2cce7f94c8d9bf3fc42f76afbb129627f438ab4e0a0bba57acad7475dc8c5286,working,wbms_working,val
1615,40ec10d1851835c16600faf8d66fb30bc0610cb16b672ece948708faeb1a8bdd,leadership,wbms_leadership,train
1616,904225c148f7f30feca80286b76e6856fc182f453b3c1705cdf1f3500df70d32,leadership,wbms_leadership,test
1617,a274a361db321a0e00920fd912b6a82bc7c990c2afbc7ade54e4421e5cd31455,shopping,wbms_shopping,train
1618,aabf61881f388ffdcf82e6f84c5d998b5bbd17271a9f0ac1c65766e459aa19ca,non_stereotype,goat_harmful,train
1619,cbcac7ae9fb85ff15f9e3626c3bdf81513969adcf0e6bdbfffb4970c23c9bc51,kitchen,wbms_kitchen,train
1620,af5efa81f6dee0dd89d30bd60a7abbae2d2cbde35a28cd9225ae4ee05303fdf1,non_stereotype,goat_harmful,train
1621,69fe9cb0b6d46fae0f9c592cecbab29a11819acd7758bcb079d2e914ed05a3f5,kitchen,wbms_kitchen,train
1622,3d85c68955de75e15089011c177b3e0f4519d4bd2d3b59a7245b0a35fcd3b61a,non_stereotype,goat_harmful,train
1623,3a775f88275d916530dca53cf49c866126d03bd233ba51442590d4f6ac003ace,kitchen,wbms_kitchen,train
1624,9ff3e5b65b3bbafc8c74e973e595d816c457b078e5d5e9d43c8452e5c5830097,kitchen,wbms_kitchen,test
1625,72339bdab9ecf771d85bef745e33f159216bf18e6333b3c12c189ab9303cc904,non_stereotype,goat_offensive,train
1626,119f17358553d410321d4e72306dea59a613cf27c1a04be827baa7a765c79663,non_stereotype,goat_offensive,train
1627,edad1ae50d89db50103b708b25b9d554d5cf40f2ea768df2fcec3af345bcfe34,non_stereotype,goat_harmful,test
1628,83bdbc186a1d869f3cffaae0c3a723639114a5acbb2dc73af7db17763fbc42d5,kitchen,wbms_kitchen,train
1629,f5e509286b9aeb07be12cc5483fd463a7115fdb0f6dcc81b0289bc85d2938a29,kitchen,wbms_kitchen,train
1630,3fcc715d0e108840afd89895154e6a400a9fdce6a906d06ea1afa130148152fc,non_stereotype,goat_offensive,train
1631,270371f4be75879df53c365ea7cd1b155c0de102fa374536e1c5bcceac33bf0e,non_stereotype,goat_harmful,train
1632,9398a68ff21bd701e6ca7e361cc8632a9bc355546e7e3df45819f17c0dbc2830,kitchen,wbms_kitchen,train
1633,8d3e6d07fc99e76b2524a2e5dc8592b61659374be508816af4e397375477751f,non_stereotype,goat_offensive,train
1634,695bc891a043f3fb25b1850cf2a0d70cf3d03d3e7518a0e187bad8f5313f79cd,kitchen,wbms_kitchen,val
1635,24da22f9c8e809ef4d61bc039198f53ffdb94c2efa940d5eb397102dcf75d29d,non_stereotype,goat_offensive,train
1636,06d918a549fedf867d53d68d38e8d31dea2bd75e733cebf5bf003b6e9387ba87,leadership,wbms_leadership,train
1637,4eef72b8927ec21b9410a1ffff4cb9baf17cd58e02916e812aad1588729123c8,kitchen,wbms_kitchen,train
1638,332a011030fd1791ff7e34a060d796a399933d10c058d12846a7c704d187cd5f,kitchen,wbms_kitchen,train
1639,1dd5d1fdd8d79db4d0d4d717cd461239996cbbf7066d7b832e296a04a4875629,non_stereotype,goat_offensive,val
1640,804ea2905091db5ab8f93639bed702bd8718fdb4c26041c3897f7ada9b68f4fd,non_stereotype,goat_harmful,test
1641,346bf48c6b3003effa7a96f87e49789a73c8e876653243450adcf902bd4a0a45,non_stereotype,goat_offensive,train
1642,c45958f49a36550dea45e4e4c80d4a7bb479d9e284bbb126f6356b07f24c8e2e,working,wbms_working,val
1643,a9f3c02c5c760e0706b2f416055d1bf250adec6bea726c79048be29e9603c77c,kitchen,wbms_kitchen,train
1644,c288681f4470ba670f49889076ab4719934b32c65e39dd66c1079cf1a27a21ea,shopping,wbms_shopping,train
1645,8cdae9bb74125b34c6f6524b5ae05aae08efc2fbd9327d5c4bdc3d5ea649e851,kitchen,wbms_kitchen,train
1646,9b11394d1cdacd5715ec5905bfad574d2726af7c928c1bc6b1381228cf31f761,non_stereotype,goat_harmful,train
1647,5c82b25e2e640e5c7ddb907fe037be5af780642bc023badef68c14f62ca9330e,shopping,wbms_shopping,train
1648,d2961da2c10aa6dc08eecb26a004dc51a14a88ccde659da11ed286c371d16a27,kitchen,wbms_kitchen,train
1649,2bbe3f28e19e0d7e997a5da4c5de870b44472f7b5f13c5bc3f100b2c395e6c9b,shopping,wbms_shopping,train
1650,b330a66d4decdcd566c65462716d3679acc783e1f84c307b57fcf2e31ad7aaf8,non_stereotype,goat_harmful,train
1651,cc432f4f4ace39d67693d0b913dc5e921c4e065b7c3ea7d8ba9f3f86ab8dc0b6,leadership,wbms_leadership,train
1652,c81d17d16008ab42fdf2735ee611879c6e042fed512a3aa8c8bebefee493048a,kitchen,wbms_kitchen,test
1653,c9273b68d945f047dd28e3962124cc4b5dd24f2311b88d23a88c6b3c2d006900,kitchen,wbms_kitchen,train
1654,985382d3e3d6c2b6746e15aaac4327fea55c558c17955fed41084f11fba9721a,non_stereotype,goat_harmful,train
1655,fb38c65b7d6444d3b042ff4d87b862058afa9334e1e634689027939ec6f4e068,kitchen,wbms_kitchen,train
1656,876fb2a43a147541302fbf1de751c913c73a10be78c94c04a176888474cdd950,kitchen,wbms_kitchen,test
1657,07970d4bc1ab5a413d33840eb88d6b093a1fab580729541ae2f1409a07f101f2,working,wbms_working,train
1658,1aadc6b143022a757a73b31d522972ef6fa18d400ff56ab5e5c5b65f6e9905f4,leadership,wbms_leadership,train
1659,95025b8573bc7d5ed6945154cb76f2f143b01eabebf510f2a1d8f1794abbe980,shopping,wbms_shopping,test
1660,841fcd4e89e1879042b28c8486d55959ac53bfd7ca32049f18d9735059aa5965,kitchen,wbms_kitchen,train
1661,fdf82eda1d1a1fb537b719230deda7397b92eefa1f080f038f9799f4f5dda3e2,leadership,wbms_leadership,train
1662,ab8e408994c47f341e8cfb267d59ddd5a2b8f143df6ac35cacf9a27aa94e4de8,kitchen,wbms_kitchen,train
1663,4bdb04ded3bb53c82df3af708cbd8317dfdfe280d9eaa7da905580b44bcc9fcf,working,wbms_working,val
1664,ecdc95731b692fdeff43943888f2b979e60ad74582fbf1dc255fbdd8891d4b7e,non_stereotype,goat_harmful,train
1665,04d1948eee60980474ff830f6c3cbd9592e979597c0faf2210b9bddd77c7f0b6,kitchen,wbms_kitchen,train
1666,338fa715a7c46767c93099f995a6dfee981c889d10ac9b277f89f68afa162650,non_stereotype,goat_harmful,test
1667,76b3c2338a484909ab46aa729e6a4a9227c3b635b3b8a13f424e6d2405780ac0,non_stereotype,goat_harmful,test
1668,cb3241d8cf04f1aa90c0f0915a107b242bea1b85e5a3ac267cccfa6502a77d70,non_stereotype,goat_offensive,test
1669,2a8e8446f6bfec4bf00e5d86226f37dfdfcc5c40067bd06656a713133377e1ee,leadership,wbms_leadership,test
1670,bef03a024bcd5238dce41c0ccc3f07aa09b78847ef5d8463a3799072d4152404,kitchen,wbms_kitchen,train
1671,7f6aec885aac1f497724a9b76b490791fdda5a380e0a52da0608f077d094a194,kitchen,wbms_kitchen,train
1672,c0e015b1e7610b5121fe05f40bc9fa9f22692dc45af648a6c0d4ec0e74c69332,non_stereotype,goat_offensive,test
1673,338d2f1a4885e20395befb40f4ac0c8a8d38a45c3348ec94ed7763d06fec3312,kitchen,wbms_kitchen,val
1674,f6e25c3b43283bc98ab029d4ff726aa198bfb2a625d346932a565cd09a28e900,kitchen,wbms_kitchen,train
1675,e8b276c5ba6456cb002c441cea741c6b5e47921fc0c6ea76197379e896defc46,working,wbms_working,train
1676,896c480517e4bdde8bdaed9c6728e3bd9241c67344a5bc46b12554d986cf21a4,shopping,wbms_shopping,train
1677,cd890a3d1bf949fb45518bb10814315cb4a50b4c2ac317aeeeed9d15780b500a,shopping,wbms_shopping,train
1678,5d9df4d90077efa43905d9abd137b59bba9a04940327e42019b357303ca6ec15,non_stereotype,goat_offensive,train
1679,d1e8e13b17721fdad6c6ea4ad6423d9a29105e06ad65a27d997ea8e1a1c95c29,non_stereotype,goat_harmful,train
1680,23715865fa3d17aa60964334571c95ec16bdae59967202214eba71ccd568830e,non_stereotype,goat_harmful,train
1681,44fe3e7a4e7d1dec2357177ce2b9246c470eb4660afe0f9ecb15a6b7c0bdc4e9,non_stereotype,goat_offensive,train
1682,81762878bb45ef2228a3e771f642c6f38c2311e943a68ab45667c0492d1fe571,non_stereotype,goat_offensive,train
1683,4d882e3723015a62f3662f5734979a7f1683e3ba7328012d2403e1d39b9d3ad5,non_stereotype,goat_harmful,val
1684,46ec7c1bbac95bcb297fc14ce467a890511c3018f9af1e4f173ff7b09baad189,leadership,wbms_leadership,train
1685,a77d85ad19633f93437ce986d3f864e8e9a636bf60cd85585056464fe1df5c70,kitchen,wbms_kitchen,test
1686,4a79f452294b2abb3c27f100bc32efde1ef9e0273e4e421cdfbbc0e8c1ce4bc2,leadership,wbms_leadership,test
1687,9462424d9fa2b3911a76bcb0c2f2360e6e928d3a12cb024af46cfafd35e17a1b,kitchen,wbms_kitchen,train
1688,a899e1f838e64c3524552a0af1098a5dc5f3ae76ed4f6e7036a68019b735a60c,leadership,wbms_leadership,test
1689,0554ba2e8db653b37434ea779e734460cee8e6ceef45dc047c2ccc0e2188f33f,shopping,wbms_shopping,train
1690,7b0f2fd92e85270461c004d28e115045e3c3af5a0a32cd9734e12c803cd97f52,shopping,wbms_shopping,train
1691,c389b2d51eb60ca84bd85e2bd7718575b166cc41e3cec1025abd74d328031bdc,non_stereotype,goat_offensive,train
1692,0716e2ae046637f04579f5b61ae3c8c2a54610999dbdb0506c44a43a0c3e0012,non_stereotype,goat_offensive,val
1693,a22389044f9a367cc11a63c55c5c60c51b82fcfa7c94a8d0df87d57805b167e2,working,wbms_working,train
1694,3c0f8eef4a2832f80e040ab1e88f907a5d34f839d13c17d5b5e1406569986cae,non_stereotype,goat_offensive,test
1695,50df68e7a0e49eab324bd20df7e9ff1ca282ce82a2551b54476d445fb87d60e7,leadership,wbms_leadership,train
1696,725ad4a232ba30b5d1bbe675ce7aa14ce32ff3c9acc345da905a9d8ec646591f,kitchen,wbms_kitchen,train
1697,cf06648d4d7cf7e0032f3406c714d6bdb0560b0f3240248e8d654a3c1c1c1279,kitchen,wbms_kitchen,train
1698,1f8f285af1171be2cbdb8e2e68d9219e7315f9fe9dabb6e35c7f7be031f32bbe,kitchen,wbms_kitchen,train
1699,aa2190c06fe7bd1cb967d95799fba42f9c4bfeae6e8994de74787bf6cdc6e9f1,non_stereotype,goat_harmful,train
1700,66880c8475c684093180c115ce5da246e28bc37378db03e7ba45d16c3a2fbfb2,non_stereotype,goat_harmful,train
1701,22fb6e7d2bb275113c7ecbf603aff47cf2d8c14c642b42b6ac79fb0a46907ab9,working,wbms_working,train
1702,72f5a11ff7d34e0b5083e71d50dd62e9f65820d934f5e4758fd2d7b010346b05,kitchen,wbms_kitchen,train
1703,da0f8d3c8acd80f4fa393b7f6bc874257706cdc604d407fc00cdce9f510328d3,kitchen,wbms_kitchen,val
1704,3bf32c1e3af917975bda08ab2395bd0eeb912349b52d73d301a60eb0d3711d7f,non_stereotype,goat_offensive,val
1705,a384bdd4aaa5b93a02d2ce5c71c334f41cdeee86dbf91b3c0273574c578b4ab1,kitchen,wbms_kitchen,val
1706,eae4a00d23997af07c20ba1d38c0d7c06195454519f8e1ba41f291e36fb306c2,working,wbms_working,train
1707,32124708db2f513bca980eda59972663d7210f51cc08c8088bdde0e72d1e213b,non_stereotype,goat_offensive,train
1708,27addceabc58e97f05194ea477118733e68eb1574172107bfee89fa6efbb196f,non_stereotype,goat_offensive,val
1709,4a035fe7c0cdc94b4656d933723e2597584f18a87d75c02fb17e41680d04ed2d,non_stereotype,goat_offensive,train
1710,b591a18e3afa3b3706328ac1f3cd8af312b5c31101dbd7632c1a3692db8a8e41,leadership,wbms_leadership,train
1711,42d82d0e3af3931442befb6c8bf256020d1dc3ba2a3efb551b4cbfc61640b4e5,kitchen,wbms_kitchen,train
1712,d6716285a56f5338c3480ac6da03a293a7c09c2bbd5d1c1cb299403901d0ca03,non_stereotype,goat_offensive,train
1713,6c4b2ed85ffed7a1f00d092b64f6d7a70df91c0af05d291c9a54271f059475f5,working,wbms_working,test
1714,cdb2794a6bba42ceed256847175e2d8cd8728714ce81b7da39f99b6684433c15,non_stereotype,goat_harmful,train
1715,ed271a25f7f22ef4799113468f876137a7105dab843d5af380cea4aeeac30b77,non_stereotype,goat_offensive,train
1716,4b3f27799e727c5694b41732238796ce4d7bade94e6864a386c0642df92a3a8a,non_stereotype,goat_offensive,train
1717,2b7b3f93f6823c9c5c485c88dc985e1de4293159c0547378429010bbe795b646,kitchen,wbms_kitchen,train
1718,48b2854412b5f9bf15fd28af21346d099f3c4fc0d4e3f1db619392945a623f69,kitchen,wbms_kitchen,test
1719,beb054a5faf56f94a1d92d671c23f342b20272ce7ce92aa4c898b196ee5d1851,kitchen,wbms_kitchen,train
1720,a972bac4a6b7c63b46ccdd30c05363c22857da2cc54121c79b519ca49a4b6adb,non_stereotype,goat_offensive,train
1721,c1df51934cea76ae080b3d4e3cac95dd84876bfdf0d943fbf9408c7deae1c52a,non_stereotype,goat_harmful,test
1722,afa713556680e24bc0cba6dae2b200750399f28ba72729e3dca6ce87c7015218,leadership,wbms_leadership,train
1723,1dfbc26a0c2579489dd041699c5bc5797a9145b8481eea4a33b3b39a36b83ad8,non_stereotype,goat_offensive,train
1724,91383a42a0279726973f5e537a0e63c799e0c0f7942b222676c452eef9c02df7,leadership,wbms_leadership,train
1725,853265e680a05535aa13bce16e07122a39fbb9d921d39f1dacf3e714b542dc0e,non_stereotype,goat_harmful,train
1726,04e008b27b010f6f5492c20ae66ab5ba588471851e5c456203c95306957c15e7,working,wbms_working,train
1727,a302fd02aacc7ff9a648a9ee0ac6a060846768fbda0b7bd0603e40fe7ba1a046,working,wbms_working,train
1728,ff448f2a3b41c14729977bdf8427336ee7bd03064aab1d4d9d89a54d04e08847,leadership,wbms_leadership,train
1729,e83837a77c67efda464757306752bec99a2ebc8e6e479db63aeea827b3dd788b,shopping,wbms_shopping,train
1730,04586c23c1e49b3deaedd7ffff7722b21b6dfddef17ce02ea8120af16435fd70,kitchen,wbms_kitchen,train
1731,7deb92d87be0809d4b6d0749dd4d4631175436320f5537151e66b64a43cc89ee,non_stereotype,goat_harmful,train
1732,8c7b760592cd4f2ded72c44dcd8101cc1df74d3e1fa9d957c9a5dcce60f33fed,kitchen,wbms_kitchen,train
1733,22812048144003b2b8293fc74397105d1abea40b81597cdf8585d522ceb18be3,working,wbms_working,val
1734,742a9cb05acdb29d52156dab2cad503244fef418e52739b7c1743500280d5690,non_stereotype,goat_harmful,train
1735,e4c346ff1bac45e09bd8c2d0e8bc79f3ade07ae4cfeb4e3c28c5c6792b377824,non_stereotype,goat_harmful,train
1736,0bf6db0e59e8c5e2d4a7aed16e3284f1e49aea7f377bfeba4adbc3e61cdfb81c,non_stereotype,goat_harmful,val
1737,e3aa5913582d1bffae93a55d969bc1406108a110e39b4858f5c4564ed9d56ed7,leadership,wbms_leadership,test
1738,59d58425a0fb2ddacf34dba3bfbb9b2b91e1c3e96cf2fac3666c7ebe3a977624,shopping,wbms_shopping,train
1739,be4eabc603c61b1f0296eec18277d006eb3786e9106faa832d842c61b3d90cf2,working,wbms_working,train
1740,958131a5f651411a19edd1274f7c25899a463831b8402dc5ebb2b0d65b026bba,non_stereotype,goat_harmful,train
1741,232a3b4f876a1d6dbbba039a9b1228986200b635f07a501dee0ae8413b08b741,non_stereotype,goat_offensive,train
1742,27dad42a571d4372dee0311122ca8108ca02d167b52aff9bd2f140f56588eb06,working,wbms_working,train
1743,c4a74cb8ec6ea2894b7423e7d97b6816fbd672251c224eb58a32a90221348257,leadership,wbms_leadership,test
1744,37ade07eb0136adbfa3412df47bbf8f87be7d0aca0bbf1904656dd7e6b6127ba,non_stereotype,goat_harmful,train
1745,b292e5b30d6e0b45cc1dc3372b91670329b45105606b4aac0bfa3cb70ac2c1c5,kitchen,wbms_kitchen,train
1746,36888ec4fe9bbba459355be6f7ba22c0dcfe5e3890b7d37a360cfb7dcc4aef36,kitchen,wbms_kitchen,train
1747,c122e7deb6120eaa854db3b757de3cfe6039afe3414f18649f16a89dd78d99dc,non_stereotype,goat_offensive,train
1748,43990de2857e6e2a1f8b912821eae4ae25d4a57a99b5fa4d2c647385bfcbc2af,leadership,wbms_leadership,test
1749,241ae335f01d90d1de4374d42adbe5fab57106977336ab4067943bc8b2321d15,leadership,wbms_leadership,train
1750,9b86bdbe9d7c225690ce446fce95d0b4f3fa680c45bd5771165a4ea2b8a8fb79,shopping,wbms_shopping,train
1751,5c94f849f8512f449e2f1bce4c9b455f32c40636b29ab4e446aa17b5e09ef211,kitchen,wbms_kitchen,train
1752,ad09153c982ba06e29aaa20b7ad73c353588ce54e6ca206a4ba5dc9b4d9823d5,kitchen,wbms_kitchen,train
1753,5b990389aabcedf6e22cbb6680941023dfdcae382db3ceaa2ee8528d47f8446f,non_stereotype,goat_harmful,train
1754,fc823cbedfcf2f3476515f2214eba5621388f8dbbae44b075dadd64baa293b21,kitchen,wbms_kitchen,train
1755,ccae53059500152365ccca656f14b657f876f7342b67ac3f790ff9b4ac6af20f,leadership,wbms_leadership,train
1756,7121ba4f20365273fcdef5f4664761aad8c687893f75add528b764c270f35940,non_stereotype,goat_offensive,train
1757,ad014040c564ec3f7b5f5e2c3c9e3e38a5fcad8aadc182d121bcae25738052c2,leadership,wbms_leadership,val
1758,faaa216af03516fc5724224d290ad2e9224d8e25112a483d1d1204ce24dec6d8,leadership,wbms_leadership,val
1759,53eabe48315f8e8c1a972f342f1f431e9089fe3aece12c7e02585d05d8abbb61,shopping,wbms_shopping,train
1760,4fd91faff2d21c7fa321de8fb409e4470ebf224b8f047d4d175ad41b398a99df,kitchen,wbms_kitchen,val
1761,0c00b6f508015a7f91e6e57a49b2315ce534aeac4dac846e92bac40072ecf65e,leadership,wbms_leadership,val
1762,63d1e72b9d564f44a5cea1aee2a8c97d6f536c4f1f48d7912e16d0281ce42141,shopping,wbms_shopping,test
1763,6ac04d281e6e1acb03bf6c7d8eaccce3eeae6fe32cb073a72ae4ff5a957319cf,kitchen,wbms_kitchen,train
1764,a8cb23dceced9944d1468590d7a794560b070dca97e58f4de8c3cda5fa820597,leadership,wbms_leadership,train
1765,9ddf053a44c78c2cfb24fdec22eec4119bb87263b821ed2a8d90f4dbd82b9f93,kitchen,wbms_kitchen,test
1766,991d884b23bcc8e3b57d472db297c33ade5c171cc9f4a07ff2f8fa86ca2cba81,non_stereotype,goat_offensive,train
1767,e18eb728e7130adc7d4ac2549954f9a86ad323226c37e064798e682efa953524,non_stereotype,goat_offensive,val
1768,688ab87264875b66c5b15a7607a739cf5cd735dbb63cb5b460c6029cc955de06,working,wbms_working,train
1769,8b6c88dfe7b3338758049cbaeb8219ab6df2c01ab2e871732a432a51069cf815,leadership,wbms_leadership,train
1770,3ea9e9ea47f49f7474fd86336745a92aa18c60cc9bc3a32056e50f8e6349ce2f,non_stereotype,goat_harmful,train
1771,b9205c84734e3264ad33d1712a58e1335e2f697d03e5a17395dc05a708a551af,kitchen,wbms_kitchen,train
1772,2f85a39ee7ce5ba513b48ca5cb53948838f2374c185d4c31ec80592cb9341d7a,non_stereotype,goat_offensive,train
1773,4b244831469571e8012ecc1003e4a52fe142ad89817606f7e3221bbdff8b785c,non_stereotype,goat_harmful,train
1774,1ea0432d590fc60ad591a5903cd26e7ea9405fbd1555597ac84661f6ce957208,working,wbms_working,train
1775,9a97703948735b9767e82fe0a0d71414eb90e6be6a3d3bfe31d45c203b4ed68e,leadership,wbms_leadership,train
1776,e8427dc3dcd4daf6da25fe6b603a6d8002fbf23be1c9005d7f53053cf290e73e,non_stereotype,goat_harmful,train
1777,9028f776258f1dd616896473081fd2e33b679f41f370830c873653e828e6541e,leadership,wbms_leadership,train
1778,3f877a283e6c4e303034f23529cacd700b9cd5362e3a59348d8da20b6b077bc6,kitchen,wbms_kitchen,train
1779,e4d6a82f3d606adde727a0b864ba4eb5ae1488abe5175fe1abcb86bef0b2a1c7,kitchen,wbms_kitchen,test
1780,70096cf76a5f0cc308f690dcb6cfd117d256d29c3d8e4ca65423cc2b1910d28b,non_stereotype,goat_offensive,train
1781,e162af347b412fddf7fa83fede31764b61e7d402c27cb7d8e33ce86dca53998d,kitchen,wbms_kitchen,train
1782,e85a99df746ea30b0477e11ede3931d97e11277683f2a98d4b2c20262fc173b2,leadership,wbms_leadership,train
1783,50299d667b645920ccfd5ab885b78bb9b285b82d80d10dac04a8e37a903d706f,kitchen,wbms_kitchen,train
1784,8360406979649d0083404501fa066ba1f589ceb0964da8bb2c1e5ef58a793dda,working,wbms_working,train
1785,1aa8be7f97d4519264ffd0592440197fba45c71a73d0364021694efb91fef45a,kitchen,wbms_kitchen,train
1786,7dbb128417f8bab6c7b18c1f4eb98c8ae222260d1fcbc0fcef31f70591792f90,working,wbms_working,train
1787,42230690a18d3a43f72ebadf7138da93bafa20d749c21d202d2fd078512e1cd3,non_stereotype,goat_offensive,train
1788,43a2dd4ac9874d028dfb883eba27f5785b415e4687e95c4afc6ace0f8ed58e16,non_stereotype,goat_offensive,val
1789,29e85c7114cc10192aaf6da429b519297d8c8ee6bc0493e73afc6f60b109184a,kitchen,wbms_kitchen,train
1790,deb90409f59e61ee59995c189ae4215469b4c5c6ce7f1110448ce51666412626,kitchen,wbms_kitchen,train
1791,aedf46081995bfbe483989e25359c38d8c8636440ff3c44b30716a3f8ec1403d,non_stereotype,goat_offensive,test
1792,43b85c4a1646e1106d510cd40dff4ebd271021e92d19b1bc6f5549fef46fbebc,non_stereotype,goat_harmful,test
1793,074a20b9007cadb5211ab3c768682f88f780670df8c812faace5c14a6825bf18,working,wbms_working,train
1794,d3fa44b14863355fa847bdf6660e3078e9deac2ba9073dcfd2cab46ca6079011,leadership,wbms_leadership,train
1795,c4b535ffa5f016dbf0ae1ad8b7cb9f9d43c2107c3e08ea97b0e42562aa41a4fa,working,wbms_working,train
1796,33cd3b987d18081f2fa955eef3c65fb14408105cd8c23d9ac7c503834ebdc044,kitchen,wbms_kitchen,val
1797,0ed2b4da1071fd3358f3a35eefa1457fdc320316c089d3462767d29476dfe26c,non_stereotype,goat_offensive,test
1798,6b8999c38500749ce279159af71654b29c529ba2fcb0f94abefbd818f4393b4a,leadership,wbms_leadership,val
1799,190a180cd4d4c446d517cc1d5981af602d867b62795a7d9af4387c20b1c852ec,non_stereotype,goat_harmful,train
1800,d30a39550607d54c17a671017960bb2ef9cbb8b9af379834dd931622926697db,shopping,wbms_shopping,train
1801,c5d354831694edfabf67a550e04cabcab790add82dc34478bf38f2fc2788b93d,kitchen,wbms_kitchen,train
1802,7c4463ef07aaa09e2c4617a7edeb3ed3f26ee35e8fb5058552ec49c197d32e3a,kitchen,wbms_kitchen,train
1803,edaf24d6966471132c5327fd5fbd5d2fe11111c6f8d2cf18666051fa77697a21,non_stereotype,goat_offensive,test
1804,b783184bc21493e3284e940b26b18b978c4348d2871fe8141dc9c8f44a596136,non_stereotype,goat_offensive,train
1805,b9a94abb63d11ebe2deb354662cae52816beaae8d56bc292c476b7d5687d767f,working,wbms_working,train
1806,64761b3713e51314e67465829a3dff0f411b6804c59cd3da2d953561ac2fa00d,kitchen,wbms_kitchen,train
1807,d1c549a2a9078af3999c464ba5cb0accf133454b30db37f34fb24906728bcaa5,kitchen,wbms_kitchen,train
1808,9c4c83eafd8d4d8dc9d99bfda5faf9f5c29856eaa5d77cf814831b50258b057c,kitchen,wbms_kitchen,val
1809,e3eaab2e810dd15219f08a7e8fd4dc9ecb8f6ead9b91130651f3a32b981d3796,non_stereotype,goat_offensive,train
1810,e9615a2039bdb8a80efe797267c73e05e39186e6475206c43c93fac500256200,kitchen,wbms_kitchen,train
1811,1de7751c0a15c0e3fc4a2fa5d0afe460edcc74e3366c9ed15eb9c580f45d2d64,kitchen,wbms_kitchen,train
1812,6cee374a8afd4eb3043dfbf35c0fcc8966227df6123e0349a58a91b324e05bcc,working,wbms_working,test
1813,7377a8e7346b3c925a65fd765956e60c75c1a18d20638fd2db9929de5f0adcde,non_stereotype,goat_offensive,train
1814,3a619bea0570fa0e1072e353a4c0e16d674d56ad1f23253f00c0b0aa87f6fdc7,non_stereotype,goat_harmful,train
1815,0e96a3c34c2c1bacdf293f16d9eb916d72dd59cf70cface0a9d644bac8b77cfb,leadership,wbms_leadership,train
1816,4bc29ce36a3d209aac6bfab875340eeac9b8793f401b551021f759604c3f2495,non_stereotype,goat_offensive,train
1817,908b9f9d819b6caf8c774732560b55af7e45c6f8d6fd8b9b31462df75d9bbc48,leadership,wbms_leadership,test
1818,6c3b9f2869b9cbf81a78b58de9b399e203e659c5ddf74a634078f067843310ab,non_stereotype,goat_offensive,train
1819,6acda3809f3524f9db30d8b9a315521813da568610e833e0ced59629b56cc866,non_stereotype,goat_offensive,val
1820,0be41009a7c1cc078ab25e5dbbb85b7fdcc03e472768800d2afdc2650ead577a,leadership,wbms_leadership,test
1821,794921d5a504447fb695d47469379b477b74b99a1e3b9d5eba504e43ed4a9d1e,non_stereotype,goat_harmful,train
1822,1a9dce4dee4aad877f3c978e19a712c2264c12d045adb7badf207a25f7a05eda,leadership,wbms_leadership,train
1823,ac9dfcbae8c6ce99c3acd899efed5203ace9b922e912fef2eb9938d7ebf4a816,shopping,wbms_shopping,train
1824,0c5276c30105655b6314304739b9758d0c88d79dd39c7c989ed2e7e53d94826a,kitchen,wbms_kitchen,train
1825,b9463866c18a467d588d6e6a09fcae943391e96fb7d3d44582d147c80851ff03,non_stereotype,goat_offensive,train
1826,75c5675e7a50a5fa20f1be02e8325ccf2ab67434c7b530024b024b06780c99d5,non_stereotype,goat_harmful,train
1827,8f8e512e6acc26f73788810352bb42a0bb46302fe458b111f052754fa04bfa14,leadership,wbms_leadership,train
1828,abca5fdf74a461e2741518c558533d18cdb8c2a83132b195f13cb12290c00f0e,non_stereotype,goat_harmful,val
1829,424079eb027bd9bdd4fabc21fb4a5bdfe53ce2939b0916efa081e6dc516bef0c,leadership,wbms_leadership,train
1830,5e49dab5d5b0988f8fb74b0ce01c88c7e63b81e6a51806b9c5ff66d3a660023a,non_stereotype,goat_harmful,test
1831,5e8887245d7eb0fc6d6aed1401701d0eaac9ddec3c666e015e29116a885cbb12,working,wbms_working,train
1832,8fe422e311e9c80c7429d9967a34f3226586ce8444a9ee9c96560d653f183df3,leadership,wbms_leadership,train
1833,a702066119b863a5f78d7d53b702f1cc226a6a15e4b2249eed2ac1dca85adeb4,non_stereotype,goat_offensive,train
1834,416e255cddc1c1210610c36ad241fdec0d63ea4984b157e8bf2179eff84e3cde,working,wbms_working,train
1835,a0a2c1264d959dd26bda7df167d333e2ed450279e6984a4550ac892381534cc4,kitchen,wbms_kitchen,train
1836,933c0758d4c3d5f1c99bbe76f8786caed8ab3c0289abac1468debde08324fb69,shopping,wbms_shopping,train
1837,13e92dca28d766ed047165bafb87e209e6090c79af15dd26c3977c87b9bb7777,leadership,wbms_leadership,train
1838,6325585d04ef7ac0c0071377952a26b43ba50218d44e218e0df1b7eca29dff1a,shopping,wbms_shopping,train
1839,80ee5b8d97ddbc852de5acafa4241f8a4be0fef1db0e36b0a8514dc45e69c3ea,shopping,wbms_shopping,train
1840,0c0c2f70d0c902ccff80d7579621e5e059f294fee3519e4d6412c7f8b5817fb1,non_stereotype,goat_offensive,train
1841,0d86712f58a14275abf5a679e2be7d259f84a25f5d7ebc0d5b6b01d57192bd37,shopping,wbms_shopping,train
1842,e0d006ab43b95e0a18c3a5cbf9b9f725fd41b5f6c2ebd19739e854d66ef80789,leadership,wbms_leadership,train
1843,a4429f862d02c19870ed5bd54bf3e3f15f2959437c10dd7e6cf979f2abb25dbe,kitchen,wbms_kitchen,test
1844,158c00c1e5941b1e03ac0d4f6f452f6622a56b850a74d5a04bd7ac164d9a2588,non_stereotype,goat_offensive,test
1845,9ef36ff8053d0db3df2dc73480f697e8beff5f23ef876ab9c3a6f70dea464b63,shopping,wbms_shopping,val
1846,8fd7e3869aebae671c4634bf585848561ee4d5d31ad025a5d17d6f4953829c72,kitchen,wbms_kitchen,test
1847,965c45a5bbe09ce1a227255fdffcea183d465dbdcfa79163741c520265cc7616,kitchen,wbms_kitchen,train
1848,e8a9256ebfb35696f473eb88416a514c4049298a5718738ebd873268f7838a7f,kitchen,wbms_kitchen,train
1849,c99053ed63c90d30e486caba4b1ce3e31ec84d38fa251381df6fe80bf1b3e6d9,kitchen,wbms_kitchen,test
1850,1c967ed6cd557ad96aad7a87e508dcc4025d3d5bce72c98646de6d11bac59ff9,kitchen,wbms_kitchen,train
1851,221e32f8225334397291920d1702b47ed4f1e2851edb4d6e6225752642719f3d,working,wbms_working,val
1852,3d743b2d1a25f68b00b73b023711cd0809e7e923352f7ef1558b6fdaf94e714a,kitchen,wbms_kitchen,train
1853,99b4904d9d2d709a20944467e6c560029c701510379e40d64b35dd93cbd4d724,kitchen,wbms_kitchen,test
1854,55ed37a7417a0b1b31cf182dc76569276790a4876c4079f3c4e16913ab4ef05c,kitchen,wbms_kitchen,train
1855,23531a42b42c3acbb51953e1598e52e5fd5be7e0b8b1f76305d7a6cee54bbb51,non_stereotype,goat_harmful,train
1856,d252b08e78358c48edf3e6b0db23a57022c5dfbd3c4104e77cb4bac715f19b59,non_stereotype,goat_offensive,train
1857,9c44c1b6fb69629b8b258d7dc3471218940078392668e97980e21740fceadc20,leadership,wbms_leadership,train
1858,e2ae3f93f21b4f0c2d5f45a4a2d79cfa029b8770484bbcc0f5b15e43b74efa01,leadership,wbms_leadership,val
1859,b483e926ab321d0d3f46faeca9af133a28bea3dbd4ea20743e0e320c6af7018f,kitchen,wbms_kitchen,train
1860,0c02b8bcec979e069654b65d68fbff0530438a7b3801172f21320bfb78437688,working,wbms_working,train
1861,0c735967e3dff19b02947cd8db70a6d444b12c5f1c1b6cf9d0f5686926cd602c,kitchen,wbms_kitchen,train
1862,401111f1075c80be5266242003aab4ed91889084c82d5854188d7e8de08fadda,non_stereotype,goat_harmful,train
1863,03bb72be43331e61269d5b2ab8804a87130c759a2a7f958b4aeba9ecc6744f96,kitchen,wbms_kitchen,train
1864,893b2e07eb0ec20ed6d21bd225a1c89e2295e371e1c3654e439c884924d97937,leadership,wbms_leadership,train
1865,dd2e453fce3d9de80fb292315f4714a83e0b4a1de45a25d09af7303081eb6215,working,wbms_working,val
1866,69d29ee3d90d1ad6968bda7a77630c53885c7c87b619ca15f563f8227814d3b6,kitchen,wbms_kitchen,train
1867,f6e25c3b43283bc98ab029d4ff726aa198bfb2a625d346932a565cd09a28e900,kitchen,wbms_kitchen,train
1868,678e7fc5712003f37fedbb6bc95b206f808c77b40b3f5276e7e114aa4aa2802d,kitchen,wbms_kitchen,val
1869,cd49a4abb2df7b3350ed0b3e44941c124152e07fdde856d6245a012602f3f98e,non_stereotype,goat_offensive,train
1870,a322acb37cd8cd1ea0875ce771791337c97ac9964c1f14e4efc99fad98dc6170,working,wbms_working,train
1871,9b0e8d919b2203c27d4f2db10d021176bddbcb965411c4445667e31701c8fe0b,leadership,wbms_leadership,train
1872,853c9d81dddb2ed39179f0f022f7c8a5c9b854baa0ea3b6ba823cad32055a5a2,kitchen,wbms_kitchen,val
1873,21e5d373fe5ebffd932125b015784ca704b75e5d5ea4b84666908d7fc04c0740,kitchen,wbms_kitchen,train
1874,71b8c48f6dc03ac5d3437b931339c25d1c224c083206a19174751226af2c0156,non_stereotype,goat_harmful,test
1875,3e2b0be617fa0c431cbe174fec265ee6b534b05505186bfef84f268c49ec3dbb,kitchen,wbms_kitchen,train
1876,a523b68ab82f7e724891521f9c27c3d5fb02d772bf9f113b148a01f34ff9685b,non_stereotype,goat_offensive,train
1877,116e782ee9680ba8c53673746d283b0d97f83b7554617c3d0e205b84ffd46534,kitchen,wbms_kitchen,train
1878,bc7bedf2ca1b78f3f5318fa3421556091ef3818f3187a38f407c6db937df7dec,shopping,wbms_shopping,train
1879,cf97e7ac6d9810e604f2f92c2f84ca6d583ebfc287f2a4cf39344196f6ea2f45,shopping,wbms_shopping,val
1880,576aa970317fcf7a890675d5ee49b4e721df22de5bdb1d27b25cc757f8b57dd7,kitchen,wbms_kitchen,train
1881,4606a3f5def5633652319c9c662dc5c5c71ba53ce8ee4f2be17428f53f8e537c,shopping,wbms_shopping,train
1882,42c70ef1068614b6ee13d53d7900f8ef38a599628643dd4a9cae246cd7ff42a5,shopping,wbms_shopping,train
1883,c1e03ba43de63b5d5c22d6ef3ff206e7539a4e0362ef462d1944a4329fe59c7b,non_stereotype,goat_harmful,train
1884,0f13ad647995121fffd51da36bddaed83556f043b7cf9d48c17109081bff18fd,non_stereotype,goat_harmful,train
1885,6b2d9be37e6bc3fda120ba66a0865d6a8b490dc67e1f68c203c1387e85ccda34,non_stereotype,goat_offensive,train
1886,0b5d840831215da7b1bd71bb2a2693b48586dae633b4c6ca16429677bcb2e2aa,leadership,wbms_leadership,train
1887,5c39868b6c3789242894e8a9e54833844702e1e9c3c2ddd7d5b5edb4040d2d8d,working,wbms_working,train
1888,1c818565450da33323d9504c75e92cd2883d1cbe650029b46ceaf9440f9fdc2f,non_stereotype,goat_offensive,val
1889,536d215e926b2af3222b78ecb3122bd1912c2c2b6d3f08877fc2eefd8d93dd3f,kitchen,wbms_kitchen,test
1890,e4395a97b02c9ea19413951a8ab28f3476ab961fb0d83f57009e6e7f45c79482,kitchen,wbms_kitchen,val
1891,388b4570eb9f018b73136a0d0df18ab0f37566a805c526bc2303667c06938902,kitchen,wbms_kitchen,train
1892,1fe1724311f62982ee44cd192bd43a23f1566f9c9e9082b8c101c565ca6ef912,leadership,wbms_leadership,train
1893,a1c3865e83405d372b32ea1f26fea5135d1524752057ee3038b4618affd57dcb,kitchen,wbms_kitchen,test
1894,20807c643b3b692f906bc6f103658cf9a003bcd886f12d7465ce7fd0a5ae1b06,kitchen,wbms_kitchen,train
1895,27b07b33a266235c9df24f31ba29afc20b4d409f32799d1f32d231ed7b44019a,shopping,wbms_shopping,train
1896,9b071448074a7a1711633049165b1d68b8413374810b59d628b62aac714433eb,kitchen,wbms_kitchen,val
1897,f48138c2f9b4a3ce8f481cc796e18bfba7e4c90d57f9ba3fb9bb31048abd0405,leadership,wbms_leadership,test
1898,5e25554faef6b914ff8510a6e492acc4df44be1d2f9afa7ff3d988e3c7c6cf65,leadership,wbms_leadership,train
1899,9391d97e34f2ff17c3b2def14dd5fc99bb3604eaafb93e70a2961d97ed42cf53,non_stereotype,goat_offensive,train
1900,51a7180cfafec495f1b2de3ba54b3bbf539dda54a9d1349485f33973797d1950,kitchen,wbms_kitchen,train
1901,57886117c477345e9e500d31b2be9bedeff736e019fb00792e8c284bd6020783,non_stereotype,goat_offensive,test
1902,79bbee6e9d64362ce51b4b0e39c4c46f1ec5cd22cc4fff678f5d04953b21fa44,kitchen,wbms_kitchen,train
1903,238d85128e9dc56ba5d4927a47affdea9dcdd219f7593b19d7b31c65f2890317,leadership,wbms_leadership,train
1904,739596d8cd014fa5f28a36f207418b70e75dcc0c40d51a5cdc31d04bbe020482,non_stereotype,goat_harmful,val
1905,7f1b8496ccb913f7d3de342cf31e2845662e931e3da4b6b421759545ad6f649d,kitchen,wbms_kitchen,train
1906,c261c0b33d322810ee673f9e488c7567b4fb5a24f596bb21bca9870eaa22d003,non_stereotype,goat_harmful,val
1907,77667cb649042eaf8bf6cbdd2751221fcf5ac6c65ea1517d1faa3f6addb06e63,leadership,wbms_leadership,train
1908,e3c9969ab8d5ff9abc7f7fc151fbacfd6aeb12840ce86591062972c6a821f946,non_stereotype,goat_offensive,val
1909,aa5299bb4afd2132dd26bd0036acf3b37a93130f16e3c6a7767bc4ca12892ae5,leadership,wbms_leadership,val
1910,ba90e952aa7a337678fab40025a3354d02d6c87e87eb4b464a8a7ee74227f943,non_stereotype,goat_offensive,train
1911,9b02f8f8540d86015c07d782b5940a91a1c295be1ca75acd018fc2c5db354747,kitchen,wbms_kitchen,train
1912,539ca32d6b5818baa4f09a74966c1e55a315dad4c1746c31b2a2fd40bd3748a1,kitchen,wbms_kitchen,train
1913,3626c13751d70e67d07c29700d35f53e11a1e87552361dc36f56ab0e2458d892,kitchen,wbms_kitchen,val
1914,5031a02edab57aefc48fef902233a3cb8e06858ec5a221dd578f3e7bf1c2112b,kitchen,wbms_kitchen,test
1915,524fa7511e8102976326f17ba4a47056ed6abea3885775235fc3ee67108be51c,non_stereotype,goat_harmful,train
1916,24806e9082698b5f93412c5f0f69da8903f331e01d8b25ab0e7cb4373a5e6a17,leadership,wbms_leadership,val
1917,e321e98b93867b7e4d1e8733219357acf02d4638c131f7cafa0a162448f06aca,non_stereotype,goat_offensive,val
1918,2287eed0aa77596342bacdec806064c63042bfb753862634acbad4c57d739303,non_stereotype,goat_harmful,test
1919,892bca0a4f2eb795d35356456adebb7adcd64203a8d184fbb2bf291302630e2e,leadership,wbms_leadership,train
1920,854f4217022f98199b3e47d679d15662147067c9b89d8584420048f35499a365,non_stereotype,goat_harmful,test
1921,d7134f34c022457becd715996fdf0ab840e0781108c69da629561e71c04bebf1,kitchen,wbms_kitchen,train
1922,71f0da2646f74aeb86a0cce3b9722ddbbb5ae9a8628d5e18b7c77410c6e45b63,kitchen,wbms_kitchen,test
1923,bf93db46c28b0f21b819b7596a8098cd1ab600ac2d2c25e7a79f47af8f57af10,non_stereotype,goat_offensive,val
1924,5d4636a3678092e0bebe03d1e845e82f3f9357c23e5ef6793ea08eb09f4dd731,leadership,wbms_leadership,val
1925,f0a99819419e6b1b1df9a759dd60007474362cae1d57dea40b8566b96fe65c0d,leadership,wbms_leadership,train
1926,2a23e185554d049fb63c0e8ac6b6d63ae0b8f301155842787844bb6c81d76c1f,non_stereotype,goat_offensive,train
1927,f012881200dcedd4573f4bcdc42443f7ed9ee6d0dd6c113d9968e965018f329a,non_stereotype,goat_offensive,train
1928,a576278dffb8ca9c43cd36555ba06ace02dafbbcbb186437ce119d01568163fc,kitchen,wbms_kitchen,test
1929,c93dfdb0f3e1edbad4a70a8d6249a4b20b1c5c35255715018e3cd6519e388342,leadership,wbms_leadership,train
1930,fc65b34014785ffe34d1ef9d241058661e558736226f6d4162270c654e6afe28,leadership,wbms_leadership,val
1931,927ecf4e6a7ff522a8772d22462e31f6925ebb006a9f5881798d98b94c5c35d4,kitchen,wbms_kitchen,train
1932,dd3c7d52350a3c222a7dfa8ae994eb8bff715d1fecfe4f24a60acc100cbfd766,kitchen,wbms_kitchen,test
1933,2b9df9836236078234a08cc50cb95113a4b2b66f7f7893d92961406c7ca93227,kitchen,wbms_kitchen,train
1934,fe1abbb0c16cf575cad8b23e46a45824e2239b53c596bbc3fbfe1f68896a7f94,kitchen,wbms_kitchen,train
1935,89d9f4198f378904473a76f43250132e0b8a12a49fe9adcf104758c66913f750,non_stereotype,goat_harmful,test
1936,859e61ab2e933c0027986907fc7affc4a16b29b725e0916c3c80c524b43c01e3,non_stereotype,goat_harmful,train
1937,55249b655ab36710c6dd6539f6d3fba6b2eccc9be8805c41861a8f2f3f7947db,kitchen,wbms_kitchen,train
1938,7a79c3d1e5c74861a31e70497fe8c7712e85c6f5eeb3fddb5845cce6ad70a9e2,non_stereotype,goat_harmful,train
1939,282cfa88526b2b4f05254680179cc243ec683c83f61e30aee298abfd3cd0c409,kitchen,wbms_kitchen,train
1940,166af447933d9e83c7bbf4e96de533d0faa1a25470ffc5c94cce360c4646740b,kitchen,wbms_kitchen,train
1941,ccca59d9c655a314ce656a2049520e7a6cb2d434c4250070aac360e0af6505b4,non_stereotype,goat_offensive,val
1942,80fd219a8835fef1cc7b23e010b35585e71f95f4023d2f76768cca6d6e4aee97,non_stereotype,goat_harmful,train
1943,dd8c2c675803620570d3ae7e692bb8ae3083f7ee19b925fe4e5f548fc6cfece4,kitchen,wbms_kitchen,train
1944,312ff9cb00bbfc8b4101068a593fa9fda33da907b3afddcabb7dacf1034ff1b3,non_stereotype,goat_harmful,train
1945,4d2dfddf9c926586eeaf48f8faf2a08296a8716f808a19958e603100fe1d35d7,kitchen,wbms_kitchen,train
1946,5dca1c22ab110de2573751542e125b86e23030a8e93ea9ccff35b8e66c177262,non_stereotype,goat_harmful,train
1947,76b05904f375dc46c02d3602d1e8eeb2f40466b789366dace31564f828c49190,kitchen,wbms_kitchen,train
1948,77f0a3862313b7bc1f87cbc017ffc9623084b4f073332fb3964d3f833bef808f,kitchen,wbms_kitchen,train
1949,d9cac4bb23045f7232320007e2a71c38a880109e390ced1f42bd3d4e2cf98289,working,wbms_working,train
1950,8fd9c012c74c1f79689b1a8d89cace1022011b3550d8f4fe6c5831b9b43965ca,kitchen,wbms_kitchen,train
1951,d7e32d00aadbe1e4d338df47f0273404ac635c8d2e667cb5f7f50e3f0e6e983e,non_stereotype,goat_offensive,test
1952,c570ccc1510df17ef7156aec7f753068be649cb06fc8c6182d1c5491ac4392b1,leadership,wbms_leadership,train
1953,5b670c2431319bac094004a9b62d109023daddc054b9e8c5f87f0a4f2c22eaba,non_stereotype,goat_harmful,val
1954,d7193ef6415db5e3ba7faad882b5ed96f6df8b947334bd6250dfd4a9c987e4fd,working,wbms_working,test
1955,e05c8c74e60138dec7aaa785afe3dc19541ea21afc7e41e612f5d012a5564598,non_stereotype,goat_offensive,train
1956,3f1e1d4aefbc721deda5c6848e17c076b03f82717f74745e05692f726143ab3f,non_stereotype,goat_harmful,train
1957,be1ec2464bf11a41c02f8f0a30cf3f87922636c76fd871e86f96aef3eafbcb4b,kitchen,wbms_kitchen,train
1958,47117a0e5234bd7a8a745cb6a8c7ce6483b8aa6ee61055b5e803ce0a0ba4bd2e,kitchen,wbms_kitchen,train
1959,caccaaea3ee5289982040487f1ea5752f6dcc68085279790205aa817f745596b,non_stereotype,goat_offensive,train
1960,e69345c12379a9f22db444f796ef61d9f321c6165993e8db90bbc9a2436e3d38,shopping,wbms_shopping,train
1961,72b80f5eb32894c0692eded6c5a3f5dff1f4787ec8bad6fa3555caf9c0a3e418,non_stereotype,goat_harmful,val
1962,53f41b010a7ab4c898274fad754ee77b48499a4b967dbb28643079471161738d,leadership,wbms_leadership,train
1963,8133a7d0a7e3997400a88fd753315359a23934754ed6e9e9aa2ce9c66778d4f4,non_stereotype,goat_offensive,train
1964,ae2e66a9668c0aaa0b3dc027a27232fea20c4fc466d00dac026b7d5f748aa0ea,non_stereotype,goat_offensive,train
1965,3ebb17a0db8e4d514548b7462bb2e3e2e38e885e7add51b3953682c8d55748e1,shopping,wbms_shopping,train
1966,dd9c316c165bd176730d9d00a7a6e95c6665bc66647077a4aa21806e17d97f26,leadership,wbms_leadership,train
1967,b83b9fcdea386b155f28cee09410d303fbc212284bbfd9eb0f12e0d479bf849b,non_stereotype,goat_harmful,train
1968,f601f0acfe01c71e7bab13be733dd33301b73ac8db1e239a148d28992691f46b,non_stereotype,goat_offensive,train
1969,2eda204b6f5954df4f4cc556df25735844f20888be307c064d70b59fd286f1c6,leadership,wbms_leadership,train
1970,3a3560021d93db3eb61387d239c103cebc1665e2c0f866d3f809838d75113f4a,kitchen,wbms_kitchen,train
1971,b51be9bcb9d98227ac11d970ea1fdfc7189f155fd0bf8be2d1fb0e6478ca3e13,leadership,wbms_leadership,train
1972,927184dbdbcf6b51b2d5a0d54c2795548d44bb2a3f1cbdb696811ecb4522bcba,leadership,wbms_leadership,train
1973,3fc6afa7897f9e21529b8c0f4adbd1c42f1b144347c6cd0ff4b98aff404d8654,non_stereotype,goat_offensive,train
1974,70a1043b52f4a7a4590b9182df5b9eedb3c80b25bcffc7fe0a9a46524c8a8c0a,non_stereotype,goat_harmful,val
1975,eb3bdd426d330c478f100ba2d7824e7b6618a7254b47e8c40fbd9df7eccbe8e5,non_stereotype,goat_offensive,train
1976,53c4aa6daeb5d0e85d107214a8902eecd41c246eb056ea54d33c408b83cc5042,leadership,wbms_leadership,val
1977,24e39f61c33832279a77ceea7d9ccc7bdd0d663081f1f3df205ac1bfc31c6837,working,wbms_working,train
1978,fc6ac084cbe19b8d9113cad66314a396e3b42594bbd87ecdb1a7475a82c51dbd,leadership,wbms_leadership,train
1979,f83df49bbae39523731f38c4f9f96396507e942467cebafdd3dcce33c2253891,kitchen,wbms_kitchen,train
1980,bbca3714ab23e2d1d25d504acb92fb0da6b189daedff5d8fb0d2ebeefbf68393,non_stereotype,goat_harmful,val
1981,2a4e830149cfb5905b12af118b9e50828becdc23e6a52adbd7186a43bfc2eb62,kitchen,wbms_kitchen,test
1982,09dddb0262696a7a03d540ac20b9c442d5daa901bdd7cceb3b2bb773efff2867,kitchen,wbms_kitchen,val
1983,69c2e0609c7ef405d1dc2ad44e0343abe8c2770d42da462bb4a18b88e315b64e,working,wbms_working,train
1984,168b7db973a78572b01d581e39b4c65f0ea98907d98008efd5a9c0ead1869e60,leadership,wbms_leadership,train
1985,04ca2e7ea696391357574bacaa5a405e03c734b38be3a757d347eacb4de9a81b,non_stereotype,goat_offensive,test
1986,e0503ead0302a2593d6e20e8ff2b0076e2b75a5b772e3686f7abef1c00ef70f0,non_stereotype,goat_harmful,train
1987,fd8c6cb6d492ffd0f65e27c9f6766b5d53b3e913686f062db1793f742d95a860,non_stereotype,goat_harmful,train
1988,b2a281580897b1443615fbaa72e6d29dd5712764aa614b7736d1eef55c31d096,working,wbms_working,train
1989,cdd5341114aac78be7f0b45ab4855af9ed369902bd5b58db5662e6cb86c8835d,leadership,wbms_leadership,train
1990,66574502a95b5550e63ea234966f47b8b6ca8b1493a08a77ce4a4fb72002ad62,non_stereotype,goat_offensive,train
1991,fda4b2b334c7c015eabe252222661521ef079c035ce3a48227684a72fce03713,non_stereotype,goat_harmful,val
1992,9f36488db47979a346310630db23a2357827450d1586ec8f2b64a1c49a0ac0af,non_stereotype,goat_offensive,train
1993,b1b37de2bd0aabf2874a53a6bf3d07e32c4fb7a0dafe3c6e386a7331a1c664a0,kitchen,wbms_kitchen,train
1994,48887a7d4dec48c388cd3d3206d4f50bb4cb4621b2e1149bd1e56a1a00bfff72,shopping,wbms_shopping,train
1995,9a56f2865b7a77ec0695052fb9d1247e07bf8b284da2749d5fdc3db4f81b815d,kitchen,wbms_kitchen,val
1996,cb17335136afcbfb80d3301f6649ec62afa664fb1e99701b429382acc66edf2c,non_stereotype,goat_harmful,train
1997,16d11039d7ffda353a7c1f5381f0ecf848acdb0557dbfe46a47c36af3e81653c,kitchen,wbms_kitchen,train
1998,9d597fe5a766f3f0ec045c7648ac9079e6ac75e10b0340b6e042901565721e73,non_stereotype,goat_offensive,train
1999,4d4e9cc9331c9299766446c08d8db70a43156d014c29aea78705d561456b476a,kitchen,wbms_kitchen,test
2000,291aacafdd92cacdfa4edb26c00849d6de115e189beb24e5597b521826772eed,kitchen,wbms_kitchen,train
2001,acb8055ceb96e4fe35c38a776f966b29ddfe044e78184c4da68270408ffd5ed9,leadership,wbms_leadership,train
2002,d3e81de8107beefed56226a8b1c2e621940c56b8d20fc9781418b985e7dfe76d,non_stereotype,goat_harmful,test
2003,5bd205a00b186073bd9f92272ebcad2dec494e158f9ee8d3c39d0e5c0d253cf9,kitchen,wbms_kitchen,train
2004,d92d1018760404990fb6222c3bb2e4854a8a67f668d6c9112ea9095003ed24a2,kitchen,wbms_kitchen,train
2005,3eb53601b7d706f1d8679f4fe9abe8e6a92ed881843eed0b6da3c4c1ad212e45,non_stereotype,goat_offensive,val
2006,c472e593cd18cdd9df46ce1497050ba84376b2b5d5337d4cb26522541539b379,leadership,wbms_leadership,train
2007,74cacb4f68781cdb20f2c19a517835423a0940bdc5434a8d991716be276b8bf1,non_stereotype,goat_offensive,train
2008,8a9a8edbfe79526a40f2f882d779dcc83fa38e7a1674ee77009b268b4055c4c3,working,wbms_working,train
2009,c438cd5bc5d33286d1a866d8a6e64f671e1af71ce1574ed51f0b9eea8994e657,non_stereotype,goat_harmful,test
2010,51f944db36ab092d710f1ef273fef69b2e0e8f361e4109e69e2d3998bef11ff6,non_stereotype,goat_harmful,train
2011,88a25ff65b92af39c4213613ddf49193a0cf8fffd62b4d5996195a1fc36d4b92,kitchen,wbms_kitchen,val
2012,b5167474f0aef33bf2c9ec3efb507afa0dfd3b2d3de076d9901df0770f10845a,non_stereotype,goat_harmful,train
2013,c1c0e1b0a72daad75cbbd8b59f325ecabda9dfaa11529a7b51054f2d06b5b78c,non_stereotype,goat_offensive,test
2014,64734e2a837e2226fa2cc3521aab531b46bfaefffbfee6a3ca17b7da1353cf27,non_stereotype,goat_harmful,test
2015,2a045b733eabe31fa10aaab7422700dee4912cd6109b8e9aff8f90ad7523b2e1,non_stereotype,goat_harmful,train
2016,8509b271be32cc6b6bfe0634b6b1c41247a88c4245963db3b644dfe026e00201,non_stereotype,goat_offensive,train
2017,3cc38f2603304fb7b7bc43bf41e77e5a6852dd90f004b249bd44a536a56e9852,kitchen,wbms_kitchen,train
2018,9cce195435d8aeed7ecd6d6d84b74c9af8776036bb41de0501a7afdda486a831,kitchen,wbms_kitchen,train
2019,72ea0bda1c0848eaee7ecd2850a9c7cdd91695f0e3cb8e2ee3e6f296943cd72d,kitchen,wbms_kitchen,test
2020,aac484f9fda628cd61e414f57c19c5285041719eeafb1a15488d361add709093,kitchen,wbms_kitchen,train
2021,c5b3d2a34b636431dc4c8887ddbbab2d9181a7e1543c81c43261d0150d07c211,leadership,wbms_leadership,train
2022,6398524868207281a448360f0764c378f9f9cf1d58e4dc103a91e760c8d814eb,non_stereotype,goat_harmful,test
2023,f85fc58152f4d05544da2a10d9671751a1ebab163f609d3e9365a22521b794f6,non_stereotype,goat_offensive,test
2024,7c14dcfd3c2c7a31484549cd27b87f03e32bc1a350f6aa13193a48f17a57f0b4,non_stereotype,goat_offensive,train
2025,d583777e535c023d815e2c4010001b56b27204533412413b13f079eca7a7806a,kitchen,wbms_kitchen,train
2026,b84bc6ef325c970b1c92fc7e1dc91f622c42a0bccfb0d30c29fcc6dd5e7bc530,non_stereotype,goat_harmful,train
2027,b19bc06db07b539adfb25edf36a20608a47e920bbb69f9e5df67a80e5f6e04f2,non_stereotype,goat_harmful,train
2028,9959e3f8359f2b42fd00fba34f4b109bf9266a8d932da3f01c7081f2f6eaf5c2,leadership,wbms_leadership,train
2029,c148910e3c7b2da10e524e0de876b35516e8193aa21f925b15ae21077f179509,non_stereotype,goat_offensive,train
2030,4eb1ca52d287baddf4ea3bcc1de6468330ca18b504dfccae710f28369583af18,working,wbms_working,train
2031,6ad097b0fa9e56b3a14eeda00cddee983503be269a6f000f8a7dc2eea582a55d,leadership,wbms_leadership,train
2032,3a331e98e8bc7071ef180fc01d38228e88d49412f647f119bd9bc00e630c0537,non_stereotype,goat_offensive,train
2033,1f6c84d26cd8b9ba80bf2390a6c962436032e3d3994c973603c7b50301b547dc,working,wbms_working,val
2034,26c4c8f99b0c8b95e7a96c6b7efb63b99e45ced1db949d15827af38217e130bc,leadership,wbms_leadership,val
2035,1adb395324059855595c415f112e082d9e1a80e44f727394a912ab894cc7f13d,leadership,wbms_leadership,train
2036,1139ba188797f04ded7ea46dc4744e6b2ff1a99252e2c4b40c0d0eaf65212c23,non_stereotype,goat_harmful,train
2037,ee0a73edd024ed5e40aaa85aca4255ccfe017caf3e47d00afe96b9efb9423c90,shopping,wbms_shopping,test
2038,5c79b778708ef99dc9b403058b9e7cf14cb95e16ef3dd335df89f84cf7f28172,non_stereotype,goat_offensive,test
2039,07e39c710f32f9685636efccd7eba410776d933a1aeda8445f95077a7a22c8d9,non_stereotype,goat_harmful,test
2040,12f56b111f5900d6cc4b868c6cd9d65524e140c6ea3e1066a94bac74a43537b8,non_stereotype,goat_offensive,train
2041,adf8dc1776eb0b1d2e631a7468aa92240971b1cfd9e92d8915e0e0eb06cd9793,non_stereotype,goat_harmful,train
2042,e52c1702ff984ed4a516faf9c2af62f73e3a51bcf33dad39b538505ff2e7408b,kitchen,wbms_kitchen,test
2043,a6f3a11c22da6666579d9c8228e8eb50d91ebfe18527465d79410cbb05d260ba,kitchen,wbms_kitchen,val
2044,9b47d367c4430903d63e3c780f953f88f7e978f9493878fc5db5af49f456730b,non_stereotype,goat_offensive,val
2045,5472797c847de67a2885a1e1b041150d918277b47b98d091f7f14d9829ce1049,non_stereotype,goat_harmful,train
2046,ce485abe035a9337056a2369f4c2204e2075b84c5f00b998c23ce240a596c179,non_stereotype,goat_offensive,train
2047,a36c6b2d690adf05a12e582922621b4eceb4a20df294fc382d36807e5ed20f6e,kitchen,wbms_kitchen,val
2048,cab67713dfedef09f01de588b460b3e57bfd95a5fa14a61b108f0e3a45bc9018,leadership,wbms_leadership,train
2049,d8105d13e1fe5cf3a95de2d8b5c56c5f88d5e0c599520a63de135cdfa2ac1e23,non_stereotype,goat_offensive,test
2050,40376bfefcc84b2d01a05d0a283f078233642960e3686cd6f79807797e604990,non_stereotype,goat_offensive,train
2051,14974706f111c89195315246afd40d75654ea5a825fbcfd014a2a1c16f2a100e,non_stereotype,goat_harmful,train
2052,167b95c041fa05293a96ddeddd7267e425f16661826c6d828422dc39ab46a7a0,non_stereotype,goat_offensive,train
2053,c54ba12415768e482ccf2da6767c242964ca3c8f5001e6186bb12efd6f13bf45,kitchen,wbms_kitchen,train
2054,06d3541a50fdaba02cfdd5c009302eb60cde6693ebd195e4792a198ab0f43f00,kitchen,wbms_kitchen,train
2055,145607ed32b5402fbed9e2fb0268a2a9b2198961fee464a44081453cbbb4e98b,non_stereotype,goat_offensive,val
2056,9782f4d0fa8d04d731e9c268293ba737c76a00c0377b0833303af02c6720a75f,non_stereotype,goat_harmful,test
2057,0525aec14cf1ee829c707cac2c9f3ed9d6260982d8db92a8afb2d62b5b12c9a4,kitchen,wbms_kitchen,train
2058,b976cc4047451bf90e90092cd826a2d4158bca76b31f67e4b418f74cdd6cb946,leadership,wbms_leadership,train
2059,7c604d9f5b5ec7510d720d5e844b34ad71113954941547cd7e2a0718a9c09090,working,wbms_working,train
2060,d36bc66f679207cf3732744b72974d7e1a011b160abdf27e8c0793ae706224f1,non_stereotype,goat_harmful,train
2061,cdb4c60c8b22e564637a39df6e61c6504506e7d1091f39de510c94690421e9b7,leadership,wbms_leadership,train
2062,88b3f1f781a031f5cbb838d1b4004f31ebb8e8908cf74ba139512dfd94f5677c,kitchen,wbms_kitchen,train
2063,e0e98ffd219c5fad5466a0d62324d38eecaf34344106b3373e4bb626fa440964,working,wbms_working,train
2064,0f094820e62c90597c1575025031a7d5d75b77b1454d9711e3c364e02d2f37e9,kitchen,wbms_kitchen,train
2065,8d7d063f64dd5c634e7777164825d77917db9f965fdbf3b6331d5a6706e16a7d,shopping,wbms_shopping,test
2066,9668edf28f486160d41722d51a91c3712ce8993e5f7fe5ede00b4b6f67acee1b,non_stereotype,goat_harmful,train
2067,c1301b8ccd08c7f11f55e1d2f292262aac75a5508e2b2a07514f1b0876b521fd,kitchen,wbms_kitchen,train
2068,d22fd644c4728a33b33a5bc5f0a71b9e646f46f718c5192c52bd3a253f44f901,kitchen,wbms_kitchen,test
2069,8f4c6fad89e279f7d1e2726ff2b710beb9148e46084adcdad2b1435fc0680f27,kitchen,wbms_kitchen,train
2070,e97481fd176db2120068d79dc62da872fd95e0a1da2e7968fd20f024a496c34b,non_stereotype,goat_offensive,train
2071,6e54383211d7013838661f96bfb5a289b094d4b26e1457df2240fd351ae39baa,non_stereotype,goat_offensive,train
2072,eb9acd1442f3404e4d3ef18be4f6424eacaed2dda3bc139f1b73586ed46cf33b,working,wbms_working,train
2073,c06b2d95c112bf39cca75bc45574ae64fb4e341f500bd7a08c52fafc3b9c31c9,kitchen,wbms_kitchen,train
2074,a5444114a8b760b5dd0871f9fc7cfd68093ede7dcc38373840fba8ab4195768c,leadership,wbms_leadership,train
2075,9e2655bf2d762ba03c102275b55e629317541bb6bdecfe57732741e6130bd7a1,working,wbms_working,val
2076,a874abb84f8d9b07c99c15c558708435bfe21463fefd065df44d8f7eef317c7d,non_stereotype,goat_offensive,train
2077,b7faef8f96fafdce2ab0d218d034f211c2c5499121981e0393e3d5acad2af06e,leadership,wbms_leadership,val
2078,3c6b20160bc9846aa80c21adfddf0aa0bd5a1b4686832c1b8957dbd4a4fe6f9a,non_stereotype,goat_harmful,train
2079,02cdfc58917fb6a004061e9db2a8da22a0d725655c4c104e3402431db0d2894b,non_stereotype,goat_harmful,train
2080,2cbf750374eabb96f01acb974d8afdc90fc361a708ad68c552afad9cc7581058,non_stereotype,goat_harmful,train
2081,4cbfa6133437914bdd09b96f2d20b2239a268df8d33d53d80db8a0fef2042ac9,kitchen,wbms_kitchen,train
2082,f9f3ac81ceee6cdff7120d828d31a6c2cc5d9a7c27c2727e7ae0b2cde91cc77d,shopping,wbms_shopping,train
2083,4334a41756be98cf5409e1b753a5c353218d5f8d963a5d5d581da01384f4dfb6,leadership,wbms_leadership,train
2084,2ada4e15771eab2f48dda58377c45c27db1c1e39904d244e813174368debba3e,non_stereotype,goat_harmful,test
2085,9e7468ebd9a2213f8e31611f019f793abc3ad3095ea0b35eb69058a85878c0b2,leadership,wbms_leadership,train
2086,a4f87821a363887d48000535ea4ff034e3907d7847b1af659022577120bca578,kitchen,wbms_kitchen,val
2087,d19b3aa7f9fc6bfc9d10b623d00d77c189fce2baf86c816028fa55cabc369fb2,kitchen,wbms_kitchen,train
2088,9a9a4355153ca93906db8a3095d9bdfc4a309de15a29b7337a447dd235ab053c,kitchen,wbms_kitchen,train
2089,068c2d3460a034f145bcb3a55877356692096de4f313875b94cf5c131962fef0,non_stereotype,goat_harmful,train
2090,8a8326cd7918eeeb2f6bdb955b80c4ff1020db541741568da76e5ef18e0612fa,kitchen,wbms_kitchen,train
2091,797014ee0884f46f14e0fda2727870f5c562e233de5fa9dac32858df414d86cf,leadership,wbms_leadership,train
2092,901d87acd1af5531338ae855b86d39ff75df56913b6a30c88d847e51990693ac,leadership,wbms_leadership,train
2093,1633b9f7ab148dc5604d5d675a8737314721c8545947728f6ff609f4602778d5,shopping,wbms_shopping,train
2094,e68c3bd9e8a3eff707b5be690c48f7383a5a42b59423b537fd525a16a65b5c28,non_stereotype,goat_offensive,train
2095,c466f8bd73692a500ff122ae9113e3ef70d9fe5af56989a317c749c6b3893f92,non_stereotype,goat_offensive,train
2096,ca7bc2edfdb34e885d33c1bb2771ac1bf99dd516207512eb69cf91a5e8225161,kitchen,wbms_kitchen,test
2097,a63af5d8a831df2066db6ff1cae88184d92befaff2fe7eb2650eaa105e3365f0,non_stereotype,goat_harmful,train
2098,61638d5853af70b1ddc182c3c9112c3c4fc22f08487ba524401267c17f8f8cec,leadership,wbms_leadership,val
2099,e1932b7f2eb3747b047f4271fe21ef6bea4a4bc2d875902a6d82f4c622d66863,non_stereotype,goat_harmful,train
2100,82db894a85b90ab16455f10a26da6e817a4027283883a5e0bbb768e49dcf4e77,non_stereotype,goat_harmful,val
2101,8a0c62dec03c93ac2e43cf3b1e24b6587013981c5623f4e83ae696019533fe40,non_stereotype,goat_offensive,train
2102,337c21b24eb684e7a99bd6e1c16679a6b9c10d1a5337851a12a1ec46e92fdd59,non_stereotype,goat_harmful,train
2103,fb9a4383d5463e4b92d8470f65419dbda3f2bbadc41c9d6d3d88f86b61f7e2da,non_stereotype,goat_harmful,train
2104,b9770e3c6cec5e428e4c897afcb1150b6f8258b2800d843552d62f99b92997b0,kitchen,wbms_kitchen,train
2105,755ab97147aadc77e7cc26a74008d914e4cce7e006d6bf96a37720df9ee7f19d,non_stereotype,goat_harmful,test
2106,f7ffcb7421eff5c195f724145edb07764cf06d0dbd8c15d94fe557ba9719ef70,kitchen,wbms_kitchen,train
2107,3178c72871296c9314fad74d66dba3bfc921509607cc15b73ec6613495bc6956,shopping,wbms_shopping,test
2108,418cba535e4a033948acde84998b4cb96f5a7f49fc31d091c17bd6a8cbeb9159,non_stereotype,goat_offensive,train
2109,7074e595ea670b80f44adc3b5ba328b8a5dd44ea186ce147f6e881ae81d4ca37,kitchen,wbms_kitchen,train
2110,af4053f72ac300f7a72322f945a33e34b3c4db251151753b896eb44997038b39,kitchen,wbms_kitchen,train
2111,be8b091b2cb69641b80f157b03e97bc641ab1667e0678f595d7836f605200f7d,leadership,wbms_leadership,val
2112,229549a0e7eef4a880788d142df28d3975598ab8a84539e9318fb5c437a96f08,non_stereotype,goat_harmful,train
2113,0b088bfcd97ace8119e010c5d1f3774b43effdaec5523deed24804558f53f026,kitchen,wbms_kitchen,train
2114,5f4c61ff9de48fe5076771f94cfdd9ec43f07ad92756c6b63f9cfec5261f0796,non_stereotype,goat_offensive,train
2115,ddd35f5859c3abf2ef58674183c0e8cc98d57011315071b99cf8cfbdd262826e,kitchen,wbms_kitchen,train
2116,c571597479908946f1eb87d0d29660605549e8558888657809073f40a8ad5500,kitchen,wbms_kitchen,test
2117,0f00011a36bb713f4339eccd6f26f0adb0c87740643111331fa487e2f528b8db,shopping,wbms_shopping,train
2118,0027e6fe0a9d3eec1c1d3afd95029f868a9998b6f66971182ea2a5169e02d136,shopping,wbms_shopping,train
2119,6fbf7f340b28cfe453607fd3c6ab62d5d9aecb2a2d9ea6293a0aaebd70d4f702,kitchen,wbms_kitchen,test
2120,f5d169f6649db1aac57f39a328a58be8a800fdd100a803eb0ceb9a59d4f66dce,kitchen,wbms_kitchen,test
2121,25d047357189097a510033a3df292f028c7eadfca9151dbf06f9fae0f42cc7fb,kitchen,wbms_kitchen,train
2122,0b761896c0869fb6460c9f70107859d0dbba474991b91881b914102053323ffc,kitchen,wbms_kitchen,train
2123,b8416c56e799779c3e5e4e1f38695fd9648ce1c521e0c3c8280ed6156fe5892b,kitchen,wbms_kitchen,val
2124,9ec2086fea6998cc95d53abc02e18f1d445ce5322e093fcd594299f86f82d4bf,leadership,wbms_leadership,train
2125,65da3ec8d4f5283d33a91a2fc83bb29411f61d1cbc20eeb9cf83418514d82999,kitchen,wbms_kitchen,train
2126,153237d33734f806bf30a0dd8aeb0a5f433c55fd01ed235fc2484d6fc0006b59,leadership,wbms_leadership,train
2127,bc6b744b1053b61653d51496886d0bddede6b1e2fff9d1d993e2cfb07b7db2eb,leadership,wbms_leadership,train
2128,251751bb2c00fb3c5bcb2677d334c3db31233fa9c46a9bad187502d8bc6c7bb3,leadership,wbms_leadership,train
2129,b24cb9a950f8f7c7dc3ef2df9715d0ca7c7030e17119136f1a6369e5c589d760,kitchen,wbms_kitchen,val
2130,014564cf4108867f120f48aa1a3ee557a4ad09573bb4ad111108a29c7a3f41b6,working,wbms_working,train
2131,cd4621b13526305d00de94df6e8076d6698857de8da597f8131cc03a682b5bec,non_stereotype,goat_offensive,val
2132,bb03c6b70a137a07debd6548e8ff46c02e780e07b33fec6fbc9ba1dd39f37f74,shopping,wbms_shopping,val
2133,caff159d51ef57813d5d0b1f09f0ef5d68ebc21005b5a4038e32a92c40bfd458,working,wbms_working,train
2134,4cf4bf3c926e8b7a6854e5ae530959eaed8c06da62c88721515e5da2e0a5f48e,kitchen,wbms_kitchen,train
2135,6c44824e480c0cb0a3a58d7890e18336cc6d78f72a2dc7023e2dbf3618258bd9,kitchen,wbms_kitchen,val
2136,9b4525c4169efac3219ba1add4d5090502704dc838936a9d66aa8e11eb4860f0,leadership,wbms_leadership,train
2137,f2be1309b194e7da1585c782b8baa59a95a29519c642b5856430ad422959da81,non_stereotype,goat_harmful,train
2138,de65f71b6344026ba180c66d28abd497d98c45fdd00584c500434f45a3c8d5cc,non_stereotype,goat_harmful,val
2139,6addc3293dc8ea5a2a8d57cdc6dfa7b34c25f004c8799922fbdd2bbf2da69dcd,non_stereotype,goat_harmful,train
2140,77161422f1e864f7e273aefa8c6e6d5f7f1c196da2259d69a30381208a81e9d0,non_stereotype,goat_harmful,train
2141,7c5dfbe1dc785f175c5c651a1e4094eac3a62718191905a3e4a0ead8faab97fb,leadership,wbms_leadership,val
2142,84489c4045e4e445029b510892238941bc80600c64b4f7f804517156788af530,kitchen,wbms_kitchen,test
2143,df33e60024612c843eeefed018477e8ae2712b50bfc8934d1340a93dfc2157ce,kitchen,wbms_kitchen,train
2144,badcbb4629b467ef413892dd291d6f192ac9252e0ee6a25444fac08740850250,kitchen,wbms_kitchen,train
2145,545e654633c58d651e6c167dbaed3a1a97d44ef3662c782dc4d1f12ba619bd2d,working,wbms_working,train
2146,196dac2ebe9a9f9addb8f6eb7ebc037d351b88baa21da0e34b9052bded9f5f50,non_stereotype,goat_harmful,train
2147,e616b034200256e558d38827462e4a368634d37723ce8e9a4a105f47cf66a193,non_stereotype,goat_offensive,train
2148,c054334f7a19beb65fe0a5c3c31524e6f065df75194f2345e2dd04111eb5deb0,working,wbms_working,train
2149,ddca8e2f851ae2321e9a4b55b9b9c2f5492060f49d0eecc132f50f61197c12dd,non_stereotype,goat_offensive,train
2150,71016952961f802e3e245431cd5bcd72f813f0ab3d5fd235c13c75560be8a9d5,kitchen,wbms_kitchen,val
2151,b4ffa0e70e1d9501f25aa05d74619a0b97e63261b5373e63e16c6af201c37e0f,non_stereotype,goat_harmful,train
2152,b7a28fc0a197b7b9759601995fdcaffd0259b495ccdff1be30231cdd04ef498f,leadership,wbms_leadership,train
2153,b0816d2e5514b08983362e5ba570a65d66f5539cca2253858bd8d648ff41d79c,kitchen,wbms_kitchen,val
2154,e49a1507f383f62cc32d02fb2fdb36b400e7064f1b54802387ec590803df3d4f,non_stereotype,goat_offensive,test
2155,bd58f1960b45ac0c92c9b497424bb6bf4766cb0059453ba04eb3a2ab061d1909,kitchen,wbms_kitchen,train
2156,fc29881a1cba047dfde0dd902376932e5251a80711c1cff93a4a02b11a764153,non_stereotype,goat_harmful,train
2157,0a57e8de464623ee43c693d2caf72131defe4a4b74a90d9a9ae785c93d87402a,kitchen,wbms_kitchen,train
2158,934a1c31702dac09a54d14fdcd3568dfa9a1a2e9fe83266388a2f253cc4ed419,shopping,wbms_shopping,train
2159,d0904139c710d92f7c46e5272e9b12de196d2a706d668c2e5db3da00675f2ea7,kitchen,wbms_kitchen,train
2160,7c2bf7c6dd04b178a5b4021a20f960f068a75878effd447d916f87e34408602a,kitchen,wbms_kitchen,train
2161,74ea49f85b0c902ca952fc493e14a0f50ce0f42e0f287c565c58579c5e968e70,kitchen,wbms_kitchen,train
2162,3f3740f1575cb6ba1d42d2f60898a7f8d717fe532eb72cd5561e7a25effa4c53,non_stereotype,goat_offensive,val
2163,72b271a551fb71ef80747f45892f45ac1365d762ae775542721b2f85d78f98e0,non_stereotype,goat_harmful,train
2164,84d4e47962f245c8d04275bb327a0d2a52d2d9fe42f060513d3a00b3ba106937,kitchen,wbms_kitchen,train
2165,173c4fd9c7b955c215edd1947c6cfad4ad0ddc10f2fdc8037cfdd9bf3415bf87,leadership,wbms_leadership,train
2166,da9c5fc9ac3eda5413098dcd00857ebf980fc48aae2ff5f4d63e422c96ce619c,working,wbms_working,train
2167,7f75073033f14155801522302df51fb485faaf4c46392ee6733a42a444b904c3,leadership,wbms_leadership,train
2168,381c4797c9d5a70724587a0e843ddfd04e520beeffc9c835f0528315fea8fb36,kitchen,wbms_kitchen,val
2169,c70e5186711a750316a4299038af7f6cfb9c107a2f9dd982d90679bb59c7be8d,kitchen,wbms_kitchen,train
2170,762e8a3cb0b5eeda0aa8dd8aea89ccbde5c23d62774e2c72dafc56e181b7c87a,non_stereotype,goat_harmful,train
2171,fbf42ad2f18bc604fb0f05a813d9b0b171b51c0df220574ac154c574520bfc0e,leadership,wbms_leadership,test
2172,c68fb32319e8f96896733d265ebb1cb385d844cfcf94142b655e682090a6d6b4,kitchen,wbms_kitchen,test
2173,6421051b2c8883c408a348776c6f7e915b1e5585fec18f07455db9937c9d9fae,kitchen,wbms_kitchen,train
2174,a8151e24feaf9ac2e2a166c8877c916b26202c3949060da6066e476c1fa26401,non_stereotype,goat_offensive,test
2175,6dc746ba477ced6638c7fdad456b1191c540124d44b72739fdab1adbebcc7fd2,kitchen,wbms_kitchen,train
2176,e763a0be215372e628b5a2dd231f77a1139b8ea08cf66af1db336de4ca898cb7,kitchen,wbms_kitchen,train
2177,945b248f6c29c8a9317784caf1f9f8e666c318a72e9d6a20af1df4af36a3e127,non_stereotype,goat_harmful,val
2178,6acab4cc4079b50177e67c75006113d5fc7d24b456c7f74f398461c3825f8ae8,non_stereotype,goat_harmful,val
2179,992130fe6858ae1ffd9c6b4c00615d828c3b713be12b7ac6c3304748ecc97768,non_stereotype,goat_offensive,train
2180,26ae2de5123dfb44d2dfbea136853a8a360f26257f3c3bf4459242f92f19f270,working,wbms_working,train
2181,029688b61efbd66efac734b43c222721e79eeec1f32e28af7a1aa47476c86077,non_stereotype,goat_offensive,val
2182,5820676b17314b130ede88b2ddca215fa13c39734c3bac1489be97a96ce5c978,leadership,wbms_leadership,train
2183,4350afb56f8e046dea77e529b228a04c5a447652afed66c31854754a5ea2636b,shopping,wbms_shopping,train
2184,b653b9c012b593b1d8edef02ae8cbeefe0252bcbc249113ec8adc1ab004a29bc,kitchen,wbms_kitchen,test
2185,21f3eb634deb9a0bb68dbb18875b09a69cdfa7dbf87ad324eabf2496ab83663a,non_stereotype,goat_harmful,train
2186,8fcf67e595889881c32bcb9556a18f9dc57cf27516ddd782f7268e91ca98244c,non_stereotype,goat_harmful,train
2187,fa9eb779eb77a82f45300107c1d7bdc191c6bae7707dc71fcbdd5552fedc64b4,non_stereotype,goat_offensive,train
2188,bac59fabe22d28611834e1bd503d45b416360324d0d881798b99675e169c2cec,non_stereotype,goat_offensive,train
2189,3b803526c8b0a103a1035ee0c7f7e40487072ac6497108140a91e946de9d7710,kitchen,wbms_kitchen,train
2190,2577de7783a5b0b3e3875869393346264733a83fda85518b0ac8effe1849f63e,non_stereotype,goat_harmful,train
2191,f2ca6b2ef7674a15bca8ecc0ac5952f0af7cf923ef6998c0be6a3b2b49f99691,kitchen,wbms_kitchen,train
2192,a2ddd552634860dfe16d6533d216a70921145741ad0e0992ac54ab4a85ab6fa5,non_stereotype,goat_offensive,train
2193,d20f1cf5493b103e892b5a40d7b33da81085038f93af7894249c241c43825bf3,non_stereotype,goat_harmful,train
2194,6aedca51213a55b0c3083226ebaa0bc34a16d1203b5286e2a55375da0d15a1b6,kitchen,wbms_kitchen,train
2195,c3db87b122149fe2c5141e81c7d613c2f093bc4bc0fd5ffd4062ac80e60dceed,non_stereotype,goat_offensive,train
2196,28893f2f1fc6cba624d50e8db30c8c842cbfe11c449db340e7c769fc80c89d18,non_stereotype,goat_offensive,train
2197,403b7b177857eaf906572903b4f17699fb0d0abf435c875d859ce6b07842d397,non_stereotype,goat_offensive,train
2198,a8774308997c1d4468c3837cccb9ce421b550fdf6aab5e1678a37fae477845de,non_stereotype,goat_harmful,train
2199,15c110717afb9633145e91290b424338b5dbee2e3880da7551c5f3be1c037595,kitchen,wbms_kitchen,test
2200,aba0fcdc6f17cb8ce40e7f5205f77ed2d8a0f5f12b35bddaf662848d552f5dd6,non_stereotype,goat_harmful,test
2201,064b527bfcc9de8082e68c763cd46f04b4e80a06ad669e39f6beb090f2eeb05c,non_stereotype,goat_harmful,train
2202,ef407811acb206564086d95677fddf6ebc99e2f88add9bc7f85654b70c4ca9a4,leadership,wbms_leadership,train
2203,072868012bc485298bc05c6e3c2c9e7973d8cbb380d46f6823bcaf503a3274b5,shopping,wbms_shopping,train
2204,f7e879e034039ff31144f7ebd98999c8d7099a7b8fe6de7b9730fba35ff5e3e3,kitchen,wbms_kitchen,train
2205,97d352f14618c9aede773254494a9067ed40e70ca92cb32bdda2e1b2013ed09a,kitchen,wbms_kitchen,train
2206,308433014de2bbbf1fea4eb6188da94b3285633583601827760640840465ca03,working,wbms_working,train
2207,d3fff00dd6a4fb89a78d03ca68b3f0e8b8fde403cbfc8dc72ff6e5367cd96c2f,non_stereotype,goat_harmful,train
2208,eba71d763cbabe03cc14a0d9ea2c4cb3ac78899f5e66d968ec4c53245ed8ff02,working,wbms_working,train
2209,9a3165518f8e1ea69863048df3cad49abdda88c3724f2825cae356a2954dc751,non_stereotype,goat_offensive,test
2210,84510e2d8f98cd663e43c61599bba258cf49bff32960d00193938fc3c6002759,working,wbms_working,test
2211,721421065e127718f0438661e47d4d564e12181b41cf90bcc3074a23b735e6a7,leadership,wbms_leadership,train
2212,0afdaa29eb991c163f54093086aff958a79d15b170f74d62c66022b93c3d6a7c,non_stereotype,goat_harmful,train
2213,9a72a0bd4a627fc0247c9ebab1013f3a465f2411ed2e72592150f4dd46af5a82,kitchen,wbms_kitchen,test
2214,69da6dc5ae361356319b467f5934cc1fe6ae3a00700a45c23789c2f7c37cfb39,working,wbms_working,test
2215,67aff090a9c980cecdace2f1992a0b4186deea65d1ef6dc71c5764770483cdfb,non_stereotype,goat_harmful,train
2216,7bc05932424e036bac05249917951cd0ba4ebeba7b31a8fd276d69161a04a618,kitchen,wbms_kitchen,test
2217,b7159f56e830ef3db55b7af316d70d21d333ab630022a9f435b7f6b1187073c2,non_stereotype,goat_offensive,test
2218,2ee4b9fa72a352f02cebf29a21ca327ae6d9829c60e06a68cff202e095bdb18a,leadership,wbms_leadership,train
2219,f8d4b6c40ccc9078ff47d5915c11e9537fdb964de35b5b1bc7c0b03f029514c9,kitchen,wbms_kitchen,test
2220,428e792c01aa80e97017640fe1e0469df0e6bfa03ed968d628412f6a51ae17ad,kitchen,wbms_kitchen,train
2221,6c46a93f54f5c0174406450dda7e2b40877600fc1315782928ef2bf65b6ccc7c,working,wbms_working,train
2222,a5a123e144b6af1373ad307e49e2500026b0ea9f7c26355466466c02c4452493,kitchen,wbms_kitchen,train
2223,7ff11304c3ad53bfcfdb9f101cc14f2cd024588c5dff46a15a9819240484bda4,non_stereotype,goat_harmful,val
2224,7caeaa369020bb8ecefdba1800fb7054b4e198afa968aef3af0f51fb89cd450e,kitchen,wbms_kitchen,test
2225,b1fee877372d1c62072e02aeb59a0fc0cfff70e39a9e0efcea50e11b47c484ea,kitchen,wbms_kitchen,train
2226,eb4d61a7418f91e4ec81c1490f5db0ba69ef4b5ef750c3f3bb76cd5a24fa7acd,non_stereotype,goat_offensive,train
2227,8b1f27b05ef5dce6e9410d377d390642b87175059cc6353205211f1a077bbe2a,non_stereotype,goat_harmful,train
2228,d4690346cfeadbc1f1219f80ef8edf7b206a64142a4a5d2002fd75d520508d27,kitchen,wbms_kitchen,train
2229,4d93c35fb7a8c0fc9671ccd4a3c22c189ae2845179e4724885c6ef6ee365c395,non_stereotype,goat_harmful,train
2230,bf1f88496b5b457282fb34d3041462b6dd0399787c11da00bb6aa8731d172552,kitchen,wbms_kitchen,train
2231,72a300af3edf2ea6f96be4594b0de2d9f6e8f6757bc5aa502669a4b7b3bf72d8,non_stereotype,goat_harmful,train
2232,5951148ea4d7a021523ec067be06b3a54dc1cd1c7757f33d4e8d86197c258d54,shopping,wbms_shopping,train
2233,e2a9c1a8b549ba87bc943fbd110546afecc59d88d7d51d9821b653a466e44890,working,wbms_working,train
2234,ff79f4217e36de96d6127e37e77c3e2b65f0e45b7d9d8bb0caf68b282f475a55,kitchen,wbms_kitchen,train
2235,c038eba8340c43bdf65707fb5143236c403a5d4639371a97db043b13b19214aa,non_stereotype,goat_offensive,test
2236,f5f9500794a018bbc353a8407ae0cea08fca53b6706f0e207b791da82f60f7ec,kitchen,wbms_kitchen,val
2237,e46551c54dab9f9510da1d3018f367a6f9ed651cc8b8c2a1dffcda2a150db39f,kitchen,wbms_kitchen,train
2238,2e92d7fdda438331b49b5797f4a002906bc2a33472086bf0490f765f6d931f46,non_stereotype,goat_harmful,test
2239,0f64e1c0f12e70331c783e09d2668ac2fb12b20555a140572b281d4c84d6204a,non_stereotype,goat_harmful,train
2240,0ebe788ec4fe159ab6a4245dccc96ffb3ee16bb0e7ebd9e61d1e2b7baca549ed,working,wbms_working,train
2241,a7f082e730d5108d9e0d250e10b56e41b082a664a976b923a482477636bbf218,non_stereotype,goat_offensive,test
2242,2893f2241e2d523c8095359e02f3e68c541549767125ae18cafed7c0ec3af1e8,shopping,wbms_shopping,train
2243,eb476ac5277537bafb08d8419870e1518f6dbd97d1500e4f8a56df658cebe310,non_stereotype,goat_offensive,val
2244,cb0ff0f2571277914f46050702dec406014eb3e4cec25efa2fd773a9be1b223c,working,wbms_working,val
2245,5c9181b52d0362b64f6c71df5c7bb264de07e70f89b81fa8e1ee8d1bdb607744,working,wbms_working,train
2246,0cc4b41eda80f624bbf635591906f8e579ad171f26564aeca3525d766e62899c,kitchen,wbms_kitchen,val
2247,0c2fd4af477c29a3de5e0bf53f72b5c88392d1b9144e582359ff0c35a0a1eced,working,wbms_working,train
2248,cf9286a2924c7ab0d89b2d68373af4a6d9a4c2b67b5318736d264ef49dd26d9f,non_stereotype,goat_offensive,train
2249,40330e9384d98a1c9444852b060e512c6529fb33e5a4fb7a31f0589c1a4a5347,leadership,wbms_leadership,train
2250,1118aab49dcda07efd281eca689debc0b20c22e5076f381e12e5fc64898efc92,kitchen,wbms_kitchen,train
2251,69b1558d4dee2a406b407ce4080ad251b7d75f78f03c39a42c5d271ecc681790,leadership,wbms_leadership,train
2252,b064a1c14fd363a567b4d3db39e7554ed5ec9d9867a72feda3436f7cfebc897e,non_stereotype,goat_offensive,train
2253,fa09861a9a0f5cb3309be551a80fdad515e228ccbef7ed05f7b1442575bc73e8,kitchen,wbms_kitchen,train
2254,a54b3e181915d5f8d2876d798c653a42a7248da7479d4f621592ac00a64b71c2,kitchen,wbms_kitchen,test
2255,ce47b5c155d72fc1536ca827afad66ad1b792aacc10ee786a721f3cf7e14c74f,non_stereotype,goat_harmful,train
2256,9c62e0c326efbf95d8c017de5cbf64d7bfb905c3d8bf9d156d8824bdc9f3985d,kitchen,wbms_kitchen,train
2257,ec86a85d475b3bd01e35ff6d918ec7e87cb63ac83526bd8d146e08c2b6607955,shopping,wbms_shopping,test
2258,46466d9c917c5f9cdb6336532e2c103dd28396d1ef4dab3561b7b6be9c47f00a,non_stereotype,goat_harmful,train
2259,d7361e64a92ffe7be9e576c754adde8d7d3238dcb874dbdf8a31677801600816,working,wbms_working,train
2260,a149d37db4479b8504493f449daa9b3fc18f3f224b7039d806396fa11dfc57fc,non_stereotype,goat_harmful,train
2261,5875ba1950c024c6b76060a94d67e4f419f79231172c8862e4dded9645e53589,leadership,wbms_leadership,train
2262,b5546f8fdfc087c9aca16871f73468f6b25915d2a902959142ed32cad3401930,leadership,wbms_leadership,train
2263,81cd273fcf5dc1447d54cd17855e1e30c9277e0678136b349d0af171dd211c1d,working,wbms_working,train
2264,4cb58f34aa632989d158f114603603add595dd80185b9a02e975d50918bd8ad9,non_stereotype,goat_harmful,train
2265,f9a0beecb11c7f2e5784ba3bd2feee9300d2c23c0be8b53cf4b1b397f30e5833,shopping,wbms_shopping,train
2266,d098791aab7d9e6480a5bbe0440fd99a2501bdf98e9e38e6ab85d3b8b5f83a68,non_stereotype,goat_harmful,train
2267,b82b06b9f42e4d14c28cf862e4856b45239000f3f311556eb060f6d2839d33cc,kitchen,wbms_kitchen,val
2268,010f1afcf4065a976604800e2a07a399484a75b0cd39ca717c235c6abcab8afc,shopping,wbms_shopping,val
2269,c24c5d2d6d5d95ec30550c2f34b8c013095f7bf002c5460c3bbb731aaec5d579,non_stereotype,goat_harmful,train
2270,25b3a0fe64097f6fb4c425b9a975fa200357e04d7aabab32fee4527f19434586,leadership,wbms_leadership,train
2271,9e47e8778c6176f708db0eaf5575137a56c89629d48c6730b0ae4db2fc11f079,non_stereotype,goat_offensive,train
2272,bbb4fdb59a242d9abb414317959bf78208f64ee89b57406f73b1c33fd0cebd46,non_stereotype,goat_offensive,train
2273,b52bb10c710e14d534bfc5e39462b4c5af900a620a782687993644a9340f5c3a,non_stereotype,goat_offensive,train
2274,5b50cd29e6f8d4afc214f0584e74c6bac42dc503338c0c3973a6f1c8aa34ae7c,non_stereotype,goat_harmful,val
2275,a5c31cf10dacf668b6a3bdb5ece7c11f04156e165b92eaad88bed593810fd95e,kitchen,wbms_kitchen,train
2276,5aaf2aac9ae0b6b4bb6003496ee5d3f9c3068011063cdb377b507068c19796e9,working,wbms_working,val
2277,a7abcb4ce7480dfbbff4dd80acd37d0e2274a8aeca56f479ada27f59cf5edb29,kitchen,wbms_kitchen,train
2278,c243e96fe27dfb630199caba59076badec72887c2350287ce923c8e1c6117bfe,leadership,wbms_leadership,val
2279,74670951704db4470cb0b2f43cefffbd68a771b4570b350ab7ce3cbbf47ebde4,non_stereotype,goat_offensive,train
2280,a18ee535185e01ad7229bd8912c5c4252e6fb95c9998e3faed2447144cc6596c,non_stereotype,goat_harmful,train
2281,522726452f96c17fffe7af192d9d3904f2ff2a8fa4be9fefcca7da0f98d01c0a,non_stereotype,goat_harmful,val
2282,5f666b30c86c55d4437c423a3ecd95450e689017d4aa0ad9afdc6ecd494b7ce2,working,wbms_working,train
2283,6de6fc4d796e74b72ce0343738185589dd619a1c4dc954fd091fbced48f475bf,non_stereotype,goat_harmful,test
2284,c751ab93a33e93121ffbe5c10d4291a7e95de2dd53161aae4578a766672dc944,kitchen,wbms_kitchen,train
2285,f004603743b77794c0e18f2f9d80e0cb68ab2f6f925a364a9eb1276b39b57746,kitchen,wbms_kitchen,train
2286,de3a6a10d488a91d68f2ee6797c91089a20b4652fae841b02076959eea60f664,shopping,wbms_shopping,train
2287,0679d3c36aca689cae7c7335aedf3001ce8233c7ac579b4f94600d581f096298,kitchen,wbms_kitchen,train
2288,dd5c22e3c9462c9744f1a02f9c3430130beb9880b285b016474deed9da3a0080,leadership,wbms_leadership,train
2289,c9db935df8f8dd0122de63cd44e9deb5de0d96eda5066bf0fc037372e5702e00,working,wbms_working,train
2290,d1ac368cad6776c225fee1b12482f9e5beb46c11c75ed293a6abddd5abfa8c29,non_stereotype,goat_offensive,train
2291,350ffd01ea2e177a2ab5e228df351972fdf326f2d2640ecae80eacfcfc3e15f0,non_stereotype,goat_offensive,val
2292,2ece115476c62be016d588d622242326ea95651eac9293611ba930a35b4fcea6,leadership,wbms_leadership,train
2293,76a6eee7358183527b96321aa66aca70d1c1ec213d4df5a9d5f88a35093cde33,working,wbms_working,train
2294,945ac5dbe2edc40417fc22c0406dcd3bfd20c9a9ed7dd03c567707b9591e8bdb,leadership,wbms_leadership,train
2295,8e619578fe5de1e04036ab2201da83ad3c5b3b802bdfb0a8f960dbfcc6341817,non_stereotype,goat_harmful,train
2296,ab0f0045c0aee389f792bf8bcacfac7923a2968320fe14480d9ab12edbecef31,non_stereotype,goat_harmful,train
2297,e39cff0805ea2bb9b300d05f18fe4037a803b1155c84a5c3e87579ab081cdc64,kitchen,wbms_kitchen,train
2298,141e27ea17e69e9019987da3e1b722a97f486234afa0fcda70445ddacc2ee01a,working,wbms_working,train
2299,02528fcc136e576079c4dbf9688b1e159dbcbafb6b8b5884fb98f9f504d41b4c,kitchen,wbms_kitchen,test
2300,c48116e0700456d9ecfc9b4be8285d2a848fd1343f577efbeaa87fbd49f85312,non_stereotype,goat_harmful,val
2301,819063982f3aa2efb45c847028cb434005026bb5cb2d43dc438e102b12ea2c28,non_stereotype,goat_harmful,train
2302,2b06aa2c68775bd21db54b9264c3d2cd91d3a1eac7d5d7bfea1f3f2f34eff315,leadership,wbms_leadership,val
2303,463cc987a35dd84b13c91f7b46d51b69a296b6bc64c09911c18c76fb78d97c42,leadership,wbms_leadership,test
2304,b57b64f6a7d0bd24c0f0fb6b637cb94c6ff739e1435be54f0063647255389dc9,non_stereotype,goat_harmful,train
2305,70cd57693fb762dd50b7f1c0a5b26c3887a2adc1244bba92d42f2a94747204d3,shopping,wbms_shopping,train
2306,fe00939a1cf19b2bb0cd0463e484ad3a7cd47489db1618a6b8e5848b54a06d43,non_stereotype,goat_offensive,train
2307,8aabdb20c8a0ebb6dc2a0c3f58eee136e5329468f99aa70337c66d29467ab558,non_stereotype,goat_harmful,test
2308,7ff11745ab372d0101ddb7a391eaa36c619e523961996bb783206af6191beb84,leadership,wbms_leadership,train
2309,9d34429068e6497f062296c7a26d389ae534941b1515d73135508c30105168c1,kitchen,wbms_kitchen,val
2310,bb8cdab7692f44cece98daa5e3b3b7f4b4f28a981247cd0dc1d398904f14b2f8,working,wbms_working,train
2311,5d26c6ffe25897ea0c9bd186e23b6ac1da121d8684e0edfd27e169134381ceb0,non_stereotype,goat_harmful,test
2312,8a5e1609c936852c14b74d67e8105f47dca4c05a84db85df7cd4c6d000d92057,shopping,wbms_shopping,val
2313,e7f3bac8f700592d7e3eff71c7f0a6c70159840916d6d12acef44261ae7b4802,non_stereotype,goat_harmful,val
2314,d658296fb6878a9708220e8f567d55d5a76769d7d85117939395f6aecf05fbf1,working,wbms_working,train
2315,ad3f9f62fb5196b41974c4cfd602b5482fa7e1acf92ff61e5226ed82af15c8fb,shopping,wbms_shopping,val
2316,0b4d4f41da50999fdfc86604be247cf8c976d15445553639d506ff4d35e3a4bb,kitchen,wbms_kitchen,train
2317,2181f4e83fdc5fcb28e6e67b805db72d6178174523dc1837cece89892a700c04,non_stereotype,goat_harmful,train
2318,522820c46b4ac1364a8cc7e89aaf86318b7d174d7693c68e611950e81748e39d,shopping,wbms_shopping,train
2319,14222733cd1658a80f0b14c94bcfbe6e35daa1e856960723008b5ec34cb32878,kitchen,wbms_kitchen,test
2320,ce223cb7a2c5fd5d0a25865819660bfdc588112ca281f49cf6138f6bf422cf70,kitchen,wbms_kitchen,val
2321,538d7007e77bd3eea80aeb594a0a58714e474bc7f977bfb5b1e2e95d3bf3f6aa,non_stereotype,goat_harmful,train
2322,9fccf84d467910ef4cff5dab5ecfdbe13d3544173b122d412e3d674e7ef363db,shopping,wbms_shopping,train
2323,ee932b0cf43a995e4642cef929435619153a2b5e2e120b601c4e2bb1886115a3,kitchen,wbms_kitchen,val
2324,5db1b3b9d5c9efa8047a3d39696f626fa3b5459aa571f1c8bc3f0954ee0d5b3d,working,wbms_working,test
2325,921ab545a89258a705a2eb43357cd9f4bd57ab0928bc0bd0a3b4d06745aa2bd7,working,wbms_working,test
2326,2b472aa671173dac94cf13ffb2c2dcedf08904458ad90c4626dc1b123e0c06e5,leadership,wbms_leadership,test
2327,f1c22436c2511dde74d25d2ec995dd1de52dbd3e37f1550128a95dcdb3c6890e,kitchen,wbms_kitchen,train
2328,8e4ae52b5ed63f5710c85c29770d17778ccee02d963a4b0a9bc1c720b885d01c,kitchen,wbms_kitchen,train
2329,3e993c4089d2319b9dbecca60b09f9e43c2a42d27807ffac3335a2c1c4c373f0,non_stereotype,goat_harmful,train
2330,5d7bdc1ebf47a02d693c2893a1154a5ef71e438bd57741eceabea5216dafe6c0,non_stereotype,goat_harmful,train
2331,3bf9e3e18133220a181d09b56f357638786e3a9f409e0b3b7cec501eda976c5d,kitchen,wbms_kitchen,train
2332,0e69526d2c2e8641b9bd6ca019cb7aa379c8de3a62af5fbc438c2d0900aca445,non_stereotype,goat_offensive,train
2333,c0649f506878191422cdf07e46988159738beca339db791a841ca4914210c1b1,kitchen,wbms_kitchen,val
2334,8c272e12ee4d4a3283e449aae93fb9f1d7dca49ff679ae238044b873ec28e37e,kitchen,wbms_kitchen,train
2335,63b3d60b5eaf1e71efea9fa793a09da636ae0ea8b88f6fbed4a1542459cbc20f,kitchen,wbms_kitchen,val
2336,6a86b5024486156ff58c06ab05f3e46e9a2001d32b01739a1299bf14f116229c,kitchen,wbms_kitchen,train
2337,c8136dbf65bd6f01cb292f051ac241c89dd5447b31b60083db37de504fa6774a,non_stereotype,goat_harmful,train
2338,ed6ad6a9c04c51a0f139af3f926fbb16592a5d1eb74d08609b6d2f1691f2278f,non_stereotype,goat_harmful,train
2339,da8205f5e1e2a679ea5c60aaa69bd37a675897526193eab6811dc80fbef5423c,leadership,wbms_leadership,train
2340,adf9c22c287980b26c73314c45ecd7139709267b8b59c1a51b62cb6b8ace4ef0,non_stereotype,goat_offensive,train
2341,fc4dac889c0632a401816ee438fc57b9a220b4d97a253d91a96c831f3420f12f,non_stereotype,goat_harmful,val
2342,ac3fa260452c6d79dd17bc46e4d7ce87d743dce9f9eefa8456cbe6190a1efb42,leadership,wbms_leadership,train
2343,8f4379c7bbae6b1bf0980fefc30ef23b3b8cf37cfd83c48b74a70db65346243f,non_stereotype,goat_harmful,train
2344,33b899597965cf5d8f9a7591fa6a1abf6a8e9a93c71ee6356fddc0f93de58878,kitchen,wbms_kitchen,train
2345,6d09d43e5432640a1c84ca6519353b6327ffd4309ace18a204c2d775d8d19589,kitchen,wbms_kitchen,train
2346,08901bd8435ee6a167a8120e04d6ff1905e8dabff18cad55deab09f02bde0565,leadership,wbms_leadership,train
2347,8a8f74504b6066e7284b277ee59fe372d304e94b9deea429ddecd5a0bd613b02,kitchen,wbms_kitchen,train
2348,2094125923d469b6763fbf8da9376786ce84f0114bb513eee20d10c867c8ba21,shopping,wbms_shopping,train
2349,063e70b3799f72112fb38c3ef89aafd4e69642942e0f1e85a60ccbae7b5fe61c,working,wbms_working,train
2350,911f483aeea2c47cd7f233851d9b7b15519753f24741ac68241a1d4440ecddc7,kitchen,wbms_kitchen,train
2351,e345b40e892109793ea5cd2398793a4594b729b75c5ce4f7f50046c590807eb7,kitchen,wbms_kitchen,test
2352,753ce17a0e9223048509cdb401e450b25c7f100425b630afce29134420f2422a,working,wbms_working,train
2353,446393460f4f547e4adfcf3e4f9f45aa49748c73116c447e43d90d3933e31a35,kitchen,wbms_kitchen,test
2354,9243272c6374d9112563bd411fad88d7768f6c7e50058a62770aafb0f767bc7b,kitchen,wbms_kitchen,train
2355,5f9967186ba45e8aa17822d65b6edbacea1044127cedde11890da4659b1b4d49,working,wbms_working,train
2356,dd1c99c7f9afde6fd6c0450e1bf82aa668e3724364af6947875a84ed9a39641e,kitchen,wbms_kitchen,test
2357,94bc4faabc7f61ef9f9f51f485410675cdef6ae3aa9cf45bef1b174c642c6b33,kitchen,wbms_kitchen,val
2358,31cf4db7ce8784ddc07ff6fb975d8c28277cf1b122a70afe59975a2789627a15,leadership,wbms_leadership,train
2359,9d8ca91c0cf2a9134aebbfbf847224b19bf53d4703a0209d38e1b064fc2431ff,kitchen,wbms_kitchen,train
2360,c7b20d1f06316f1d9353867fee5411cc167c35dd946271c096247b9add6db9ad,kitchen,wbms_kitchen,train
2361,8444943a4ce57d00a5677ca850784ed7f8aa29609cfba6c82f4fb514c72590ad,kitchen,wbms_kitchen,train
2362,699e2b4be577b4d55929f5cb6d83a2c2ecdca385c4d6c3e12e752efea80580d9,kitchen,wbms_kitchen,train
2363,bd0dca5645601f6e5aa3b36c9e8813c4ff00fca4a8e972811520d1f10c038b29,non_stereotype,goat_harmful,train
2364,04a7dc92d017c5284d78edf6fe1d57647b75c48eec5652817e68531ac0f993f8,leadership,wbms_leadership,train
2365,4976b602adcd4bc84ed3eda815c1203d3f189db83b5e0e950019a038651b0f66,non_stereotype,goat_harmful,test
2366,0cae0bee32adf5bc7783bd418100149e6925e0bf1ab6d280f1cd4b0de03d6199,leadership,wbms_leadership,test
2367,0226f057cfec42196a2aaebbfe1c87d101a409d3f07036b690309a8d403a0d58,leadership,wbms_leadership,train
2368,fa419df9a630dea45911306cc2d5c3d9d9d22797ecbc1e4d25122b5d02efb077,non_stereotype,goat_offensive,val
2369,c79aa8191dd97f05b66577dd7071879f90e46400541579a727397959d454565f,non_stereotype,goat_harmful,train
2370,4e651efa7caf9cb0afbb870899139a2af9dc6a1d19327ce61b1088cc1c654976,non_stereotype,goat_harmful,test
2371,71d48f7709e1e3cc08fb100e462618501b75f973d83fb701172b800307bb91fb,non_stereotype,goat_harmful,val
2372,c6eb073c0f2f65298f4039399e9f61c4b4a4a41ad8e1462b08966cea64b9d6e4,shopping,wbms_shopping,train
2373,32c3b2aa706b79bb25dd46c3a9cf4b0a071ac1f71b4419afd9170ed0edb8ce10,non_stereotype,goat_offensive,train
2374,85996f9c3124311660054dd2b66b8033b584cc3759a86828797517032297f92f,non_stereotype,goat_harmful,train
2375,73c2a5225f22bae7eb52e9b13d013641879fb4904c0de029a785249b73e53bff,shopping,wbms_shopping,test
2376,945630dad31774335980d869d74203e3bd6092cc81734456f4b9247d2cb98e91,working,wbms_working,train
2377,ed017cf831978d12f4153c8837aaefee21054d9e8a404353c1a0d0dfc2c56ebb,leadership,wbms_leadership,train
2378,acb36a44e6dad670ad60f3bc4a39bb1ee618a32dedcb63d13b2ec49136e1e77e,leadership,wbms_leadership,train
2379,dfb39962851c42bc95ad6b8b8f13818250a03612cc511d1640f2fff63bf2bac2,kitchen,wbms_kitchen,train
2380,877b6e1f2fd9da92db44f3ffd66cc0f2bb3da17f688c37aab2506994e3c009b3,non_stereotype,goat_offensive,train
2381,3af9e097724c371939de4d5441732470afec12188af2af87d5fd8b5afb421527,leadership,wbms_leadership,train
2382,d391e0a20a35498404e2d08b0cf62e59d9b449cc45bec9957444f3b1d2d17b00,kitchen,wbms_kitchen,train
2383,4621936c323ae5cf55c1b5f56ab71ad974fce7fff2279afd327cd6ef819807f0,non_stereotype,goat_harmful,val
2384,77c8db805e84745eb7bd0b2db3a12e6dd1fac44785a2d85d42075ca31b2c551d,non_stereotype,goat_offensive,train
2385,bc3243b53cb173c2e65c25ffab23ac1f88d76fb7d835a3267de2b4ca9bfd49a0,leadership,wbms_leadership,train
2386,f1d3269c9148669aeb8f67aa68ab0a9d3f8d0b4d0f46b0f14945dd8a6d21e2cb,non_stereotype,goat_harmful,train
2387,a1f780cfdb743b49c66a5522106390f87f41b777a8d4399709bd1fdd6b742ca7,kitchen,wbms_kitchen,train
2388,4bd9012f60dd44b0328427a1c467d4d6db187cf4b8dc98466775b0593debfa2c,kitchen,wbms_kitchen,train
2389,23cce31454c23bab3899cd7e75f27f28cb82ce44923ff250bcc9b83ac1703c05,non_stereotype,goat_harmful,val
2390,c26c86992a9b634f36ecdf721262b907053f1bdb6533aa22a1e9e33c9b9ea77c,shopping,wbms_shopping,train
2391,2b53ce6787c100c3eb4bd2b96267c0e85d1a6cb0f5e3f7bf44583b7898b2d25a,non_stereotype,goat_offensive,train
2392,a8371b7f4a94bcbc25df706f616ba3e2f17e965260117c30118d7379a3aa4a06,kitchen,wbms_kitchen,train
2393,e398a8c5b29c2d3c9e33c8820748ca51a335168e2dc8ce667c0db2d07604fafa,kitchen,wbms_kitchen,train
2394,6008744375e5138170064b3df9bb3bcb07140edfc59f4895f2fabbeabad30acb,non_stereotype,goat_offensive,val
2395,8ce7996ec448ddd1fd48165d65850a20b3345362ff22ba14fc265b9ff45957df,leadership,wbms_leadership,train
2396,e535d0070edd917d9877ce0c228876c351c54a3758ec421bd2043be6e233268f,non_stereotype,goat_harmful,train
2397,9ed10ba6277efced2d2f4b44c72e58720ec7e9e782a535d3eaad087fea20ceb7,shopping,wbms_shopping,test
2398,c6cc303ae81a219556d351da1ae29a060e53f348eb54b4599fbe2330a57b0a5e,non_stereotype,goat_harmful,train
2399,f2ee2eb364878a15f40ed06a483696726497d426fed6163c7fcb448452500571,non_stereotype,goat_harmful,train
2400,b4822c39732b2f1668ea8982993fb4ec733688b75b9cfff0e99c28560212f384,shopping,wbms_shopping,train
2401,50d395df2c56b06843729b6716f06c7cee57618b673aa61fe1ff597d17b42a04,kitchen,wbms_kitchen,train
2402,1193ef1a8d8dc61b2e4d58548c79d3838c76f57c67c2b4b1c930e4dfbf993c21,working,wbms_working,train
2403,dba874d3eea8c2788381bbd4c22fea6bfcd8f447eaf1ef0b0f8cf78e6c9ebddf,non_stereotype,goat_harmful,test
2404,b622d88c945a590b2689c1cbb8356ea4dbd1e491f1fb349eae95d0249a5370a6,non_stereotype,goat_harmful,val
2405,0b89d13627d6177a52ef6ad01de9f4191d014cffd3a14b8ffe609fba604559da,non_stereotype,goat_harmful,train
2406,54d5565686529abd2055e7b9a7df30eaba095737d3520e6def56f208e821b7df,working,wbms_working,train
2407,6e5b8e6d5a2a0bb01e02409c2fa33f9d2a57b5a7063e63077d403b1c5c5422f9,kitchen,wbms_kitchen,train
2408,8f01bf7cf711d16611098480d45de5ec565dc653cffe80fb1f9a2f3c9ab73cdd,working,wbms_working,train
2409,a72ed1d80142b2fd7fc7a431ce584d2818696342b012863c56990924dd4bca45,kitchen,wbms_kitchen,train
2410,ed117583c0e354289ac0d2649228c58040524960e97bc7efae1d6fe653e3d5ea,kitchen,wbms_kitchen,train
2411,4815e987ab351ec246f6331858cff1e49827a03989f8e94a119458b807d3d503,kitchen,wbms_kitchen,val
2412,10a1f5ef1fb744377160bbe540600a743df4a8f0fc779749adf5c6cd79c89895,leadership,wbms_leadership,train
2413,6356021aef9156156ee77231ea3b33034f33f54cdc266a035d28857090cc3926,non_stereotype,goat_harmful,test
2414,75ac77c69e879ca5e43c80ef83454593a0a09af132b50255c0af174a2a60e4b0,kitchen,wbms_kitchen,train
2415,642686be39945398114de332899f4f5b6062a09d1271075c6f770d408b0fe53f,shopping,wbms_shopping,train
2416,2e888aba56b0e347d50b264e8c15bc3d505492d897c126df5ec18467b3d0fa53,kitchen,wbms_kitchen,train
2417,35a4c4882c9eac6b9eec947e693f41fdfad3233b09e8a21e9a6b93e6954eb97a,kitchen,wbms_kitchen,train
2418,91fda3514884a3a6fe54f696eeb86625ebcc67016e494653f5cb5289b1f79bc0,kitchen,wbms_kitchen,train
2419,3dbde3cd2fee7f4d4c087f851f7c60191d2c4e08f52fc7c04e17a4fe03c1859f,kitchen,wbms_kitchen,train
2420,82dda4b33f9059dfddb964dbd1d570a1c05239c47a615d68a90790408ce90b00,kitchen,wbms_kitchen,test
2421,99c61cb8edb94e3f7d60392691acb1e8b847188277273a52d94a7a4fa48a5046,kitchen,wbms_kitchen,train
2422,5ac229cb69173321c55032a43ffbb6f61870a7fb3e28f612a0ad6398be45a668,kitchen,wbms_kitchen,train
2423,34199d43ab3fbdc49e39ed2c8c7529c29e5889947095fc03f839959a338b7f88,non_stereotype,goat_offensive,train
2424,570251880a93a5ea31b85a6aed66ecdb308c36d6d15048200ee49a7d78879039,leadership,wbms_leadership,train
2425,94f8ba5ca7f88b78cf96aba9dfbecb93282befb81de0c152d8eb387693b59b29,non_stereotype,goat_harmful,test
2426,38d009017ffd84d4fd16a05dbd1cd1f312f83b5f864c00d69bc689ae667aaa70,kitchen,wbms_kitchen,test
2427,a7c56401f6b0b3e9d4cab1261debf871b429e8834840e9630a369ce6b2387a5a,shopping,wbms_shopping,val
2428,b26d531470171bc0f1c3ab3ac726215cf26de9516a730e14fe55bd61c7e9f8c4,leadership,wbms_leadership,test
2429,46b4a574a48207cb1116d51fb76e08cfcc41fb6a925411a122a936c701dc9ff5,kitchen,wbms_kitchen,train
2430,73f756a7b22d96451b8a8196a8702eba894e95264bd05f1dd7cdc9f286b9e145,kitchen,wbms_kitchen,test
2431,8416a3393bccc80c767dbfb9b8b3582573bb870e66d0892861a63c787b3f5154,kitchen,wbms_kitchen,train
2432,554ecedf0256b8016253916cdfac80beed1d8f2a5cfcf555d4f905e50b67006e,kitchen,wbms_kitchen,train
2433,c369dbe9b76291a2b5e38f7acffc7bd0af28afebdaccad3f4c188a7ed8384c6f,non_stereotype,goat_offensive,train
2434,79c50713f9d036d967dff36d83414f0b22b5fc2c8602c957df0b56b9c01db07a,leadership,wbms_leadership,train
2435,f7c2bde201ae8773da648283fd55b230cf4845f1c707bf2fe20228c717699b11,non_stereotype,goat_offensive,train
2436,4258c017d544eed827727e40372eeb1446cf060f9fcd394c99a37556a1aa85dd,non_stereotype,goat_harmful,train
2437,eeca616dc2a0633bb46d5d3f3f579e758b79a3f2236d152df5351d8831641d76,leadership,wbms_leadership,train
2438,2c39a1ef4749777ccfb467dfa413bea1fbbf485dc697dfcfa804449b50579a05,non_stereotype,goat_harmful,train
2439,5012dc09daa75264eedf3499a813d046fcea74d1c8b69623f09100044ca65de8,non_stereotype,goat_harmful,train
2440,d8721c430f5c3a03e499acff3d13b6ae94ec8a600202ab37d4a363072b69bda8,working,wbms_working,val
2441,14978480dfbd11e3fe10be05e6c34a398e3d9468a9c0d73f48458684d615464c,working,wbms_working,train
2442,f76b619ae8e47c6c21b24f0bd1751f3ec15775a6bdb817b65d46f9318ea2dcf7,leadership,wbms_leadership,train
2443,5b091e1f222ed2e1c7e84c6d78250f567180553854a14c542ce8fac929e31c84,shopping,wbms_shopping,train
2444,d481d0f36d6d2b13f9c4ae074d854f006b891ea7679331e172a09667478c13b6,non_stereotype,goat_harmful,train
2445,662215d01dbb8c8a653913981fbd567e8d64541370bb5704a650affc362ba24b,kitchen,wbms_kitchen,train
2446,3ce88fced1b34aa4017faa29e5ade7420451f9c37e9f9725d0b0dd5311bb3fd4,non_stereotype,goat_offensive,train
2447,4b138c9996a8c4362b08cd6f1a999be411ca1b075fb5eaabfb095c71f62b1278,leadership,wbms_leadership,test
2448,d6d1807823e6d64f9106f0f26ca601a540fed6fb9d28fb1160d17df8cec831ac,non_stereotype,goat_harmful,train
2449,0db6b680879d55d6b6d4a2940d28b6137d364e2f19ebec21b4d84f1140a71bc5,kitchen,wbms_kitchen,train
2450,5db3183d3492b93e003cd924e2b236b266612b196968071cf6d93904bdece490,leadership,wbms_leadership,test
2451,dfcd6fccf8a7361f11bbd2c9aba389690e6a71a819c794c51d1ed2e132bd40e0,non_stereotype,goat_harmful,train
2452,bd4ae571a8dc8e93cece7c6fe10721886f87491305ffd978349540aa1db2d967,kitchen,wbms_kitchen,train
2453,b38f1bcf4c2f42fbc76b13cfd477140ab6a6e34edeb708d2e480464d37ad408e,non_stereotype,goat_offensive,train
2454,a6a2ca175310de1759f4a11584eee9bba80d1db660d2275c2deed91287ca568d,kitchen,wbms_kitchen,train
2455,21ec44353cbaacd4619f2ca1bff50dbdca93da14c3055a3599c7320e3efcaa6f,kitchen,wbms_kitchen,val
2456,88dc020c47c0ef19bb277413c07a98a69294704f33c96dc187a09e2a3b748a2a,kitchen,wbms_kitchen,train
2457,c2061c6946741be793a27a90b93ebc3338169e66f9fa022e1a4584921cae0028,working,wbms_working,train
2458,8d9c5b7cb7e5841cd87a0ca3541d9abea3c104a4a0d74c0eb080b9c320aa21ba,kitchen,wbms_kitchen,test
2459,d1d9ac4d3eebdcff69f7a135c440a48e72efc492f6709c3966717525d1a6ddce,working,wbms_working,val
2460,0875c45cfbb9088d41cc69f5130dad2caed2b2acd79f6e49f12af113387c5d30,kitchen,wbms_kitchen,test
2461,d39f55697bb2dc0b055a72dfc597f51be8dd082e73428aded8ac1d41b03deb8e,kitchen,wbms_kitchen,train
2462,d913a310dd387810d055297bbc27aa0aeda162a6c25211e2b22b05c38c7beda8,shopping,wbms_shopping,train
2463,5590494fe49240022f42ebabbaae687dacc277e1feb7e38d3c2f126ca5891bbd,shopping,wbms_shopping,test
2464,029b4fe5c0026bdc214cf82942bcf85edcc3c1e9c215e4f04c77b1809079179a,non_stereotype,goat_harmful,train
2465,e7203a71f3d63ba5181ec107e31b3f1bfebba8b2c9fbe30762747e0c11dd0b09,kitchen,wbms_kitchen,train
2466,24ae957a447698c869f09685c7a80cc97222a63f08cdf8547c2c261b7098620f,non_stereotype,goat_harmful,train
2467,7d40223e148e7508ae8f0fea6cac648eddb73c4d0c9d7cf206de3b4f5eb9706e,non_stereotype,goat_harmful,val
2468,1dcad115f8a1d8b7df59b3fc38fb0a02d82935e5fd55a44fdb362d9a0672a276,kitchen,wbms_kitchen,train
2469,df6723eaa6e71fcc2ee7ba0e8e833bd4b922b4dd5fce512824ee4ca0bc835705,non_stereotype,goat_harmful,test
2470,017e22791cc27465c8d1cd6945d739978ec3c7b66b41e1dd9fadc1ca7301e1e3,kitchen,wbms_kitchen,test
2471,f0421fed87d1d9c91d328e4e92907ccbd53d2d1784d1752a837d2ee9949d836e,leadership,wbms_leadership,train
2472,dbe9777c1e02e8bab933b7c1121e2093d57949c4969e771bd69505e160234e27,shopping,wbms_shopping,train
2473,d6d2415583c57f41910cc6a934a68952069852fc01d87b14f1ea4be0f0a123d6,kitchen,wbms_kitchen,train
2474,41485d0ee2eb40d90d7823090187b7d93f27e67182fe8cb194db61b60cf961ad,working,wbms_working,train
2475,08ced4a1c1af707f5363b83808ce66db50168fb915aafd0c7c3b452d8217ef19,non_stereotype,goat_offensive,test
2476,84010b02712650070361b1c89a95e5954cbc0fb07176d7285b28bc25c42b3eb4,non_stereotype,goat_offensive,test
2477,0ef442bc0c80ccd9cb121a19b5a12e0dce322fa4751e45d7eaedece0962c0fcc,kitchen,wbms_kitchen,val
2478,1d2b1e42513b20d189a8fbf15c2a3aadf7038b4ed7f34fd867ea6894ae597ff1,kitchen,wbms_kitchen,val
2479,61a3233d40f8d3690a34c9c7f77a3672f7256fbfbc2638b8dd1910946c8d7939,non_stereotype,goat_harmful,train
2480,6f1ffc15eb8a608264ae6922144fa39b42cc4aaf97e1e3d973775b758c8592c6,shopping,wbms_shopping,train
2481,47bf995fa4db6ab47d9ce7a506c896ab1c525f76149560e56e67268ed967ac16,kitchen,wbms_kitchen,test
2482,1811b1382088f705f6db8a7d169100d701138b3bbb235ff51a56023c44a70c74,kitchen,wbms_kitchen,train
2483,76a0ae7c4af8b7c1b0e6d7d83f09950766c7e851def325c0284b235368f47241,kitchen,wbms_kitchen,test
2484,b9cffb92f483eb7e9a3a3d77cac78404e42d2fe71252506a9f4fffe6ad64484a,non_stereotype,goat_offensive,train
2485,106bb0e6ea26d0a626831805be424ca0b8c0b2aee95dd83141082ff704fdd2da,kitchen,wbms_kitchen,train
2486,b93c73d18ad5a9f3203c67a8475853d6bcbbad6bd8bd615649dff215e41bcdda,kitchen,wbms_kitchen,train
2487,f0b797912e2233a4f3dc0f0768f51fc651101c692665011ec71aabcc29a17f31,leadership,wbms_leadership,train
2488,8b9ec639ed9119dc50de1ed7b74d8e00bc139ed1c5d0a98585c3348cccb2819f,shopping,wbms_shopping,train
2489,d4690346cfeadbc1f1219f80ef8edf7b206a64142a4a5d2002fd75d520508d27,kitchen,wbms_kitchen,train
2490,3afc950a04548c1f9a2d5062e4e90a60ce5850d9baeb634c10240568bb90d708,non_stereotype,goat_offensive,train
2491,007ac0f93006a1d7c6bb86d90580a0bb91a3f77f35a0e9a480e4b9a275ccba49,leadership,wbms_leadership,train
2492,2dce2c5b6d1019c722d4fdd184e63824c45751dd1c2b32ab09f8b13070f65c78,non_stereotype,goat_harmful,val
2493,caedd79212dcc868d46ce06db70eec9b0dcc997a6b8092960cf12fae0c1d292e,leadership,wbms_leadership,train
2494,984f6362e833d6049858417e9dc6278bec66e97501f3b4c88ae57ff7e467f1d7,non_stereotype,goat_offensive,train
2495,424fee35b4ee0eb2ef76f56c0d120eceebbdacc2ef402e6744609b0fe00193d8,non_stereotype,goat_offensive,test
2496,5e1659bd62f3ee534a291791cb5ca01766a13ebfe32841a66f9b8a2661a5fc1f,kitchen,wbms_kitchen,train
2497,44404b04cc500ed29f837554cfcf4a25f46d8fd262aee0007a3d321d9e9434a7,shopping,wbms_shopping,train
2498,f88e681dd8c388e2de610d93fe9fa80a9b74d3440a926675ccfdadf9b3c6998c,kitchen,wbms_kitchen,train
2499,46a1fd32b76deaaa5236e386a2cdfdbf20f2a3547ced8a9f9486613bb43452be,non_stereotype,goat_offensive,val
2500,e8b1e1dee51c2927744ea63dd443f2c33543aa26f0a5bdc60fae7cdbf5a74ead,non_stereotype,goat_offensive,train
2501,3b1e6cd97278e8a557399556a7a97718d576f8bd656acfb792f3d2857be11c0e,non_stereotype,goat_harmful,train
2502,c1fa9c3d6d75d7e12952e17c6e970bd0cbe7c9da2268f70c8a5424641e313c56,working,wbms_working,train
2503,aca8afa494549933896242a107ae12637810189ce9f378d3947e9c8901b5bba8,kitchen,wbms_kitchen,val
2504,aca8afa494549933896242a107ae12637810189ce9f378d3947e9c8901b5bba8,kitchen,wbms_kitchen,train
2505,14caccd01228b2388646a6646f90e9fd722392c65b6685bfff80c29733789c89,kitchen,wbms_kitchen,val
2506,d8c90fa791fe4dc3d0ea1521cab70057061cf394c266625032cdb8d83d42d298,non_stereotype,goat_harmful,train
2507,6e7e7ba85afba44818843368c1cf8498aba806a88ab91641235d07dd6c0a75fc,shopping,wbms_shopping,test
2508,6c84b5f2ada5b3811af4ec1c3402eb4c265d9486b5fe64ad9757b106f95def67,kitchen,wbms_kitchen,train
2509,9ca088f264ae709035bd3cf512b6c12f6e71d92f826c2f6f30b6467e9f86af70,kitchen,wbms_kitchen,test
2510,97f9b48d1773e458992f1011e3cde8546210bc9f201a09654c55337a33990d4b,non_stereotype,goat_harmful,train
2511,565c1ba1aabd217464f09a0e2b44bf564a28b71ff74c9614b56b2070567c14de,kitchen,wbms_kitchen,train
2512,76d83e34a75ab1ce5f0f17af6fdfe55e2bb4171b6664ac56b8a9d2c1e11723ef,kitchen,wbms_kitchen,train
2513,528b45ae68cbc25800abd4e69ab97ad340e4cff3feb271dfc39c447ba28ed341,kitchen,wbms_kitchen,val
2514,94edb89b2e07a7e44bdf0682095557b81103878cb0aa094fe24f72524dcabc3b,non_stereotype,goat_harmful,train
2515,2f23faf8e4b8dfd1f79ec02a4c7ebd4fae7cf33546f8d48ed2ce630aeb38b26a,leadership,wbms_leadership,train
2516,9b6c86e87ff36c6ad7851c4f6e8a87eb4c7d1793c4c80da5e56d737210f6b106,non_stereotype,goat_offensive,train
2517,aa758762b6a7722033fa3e190706f5b7fa5b87c91db7326e3e068548fa48f2d1,shopping,wbms_shopping,val
2518,1fe0bbcc0671e12f4ad91b704939869962266346ce211b5468666baa3f34b445,non_stereotype,goat_offensive,val
2519,a6f776d4ea51e6c500c69f439e8174913e267db61dcf8d8a3f8a56e6219e04f9,non_stereotype,goat_harmful,val
2520,f06f59a084ca193b3a56bd903adaf9f463f41d84b5ea447756a198878d2f9b3e,non_stereotype,goat_offensive,train
2521,63308e1beaa54ee946bfcc7a92517838f9ff99c6a189e9baa4515a502e616e57,kitchen,wbms_kitchen,train
2522,6a8ba809255d287884c397a9d1bcdac7a38d312bb5e49bb476ac19fb03d0e1fb,leadership,wbms_leadership,train
2523,2b6de736f4d9bc223e2896d02836f6c8f549ca71341fa018935a2bdd6368d928,kitchen,wbms_kitchen,train
2524,d12bb630f6344ad73ee1e90883ac7d242aecd6cd7096ae80a330caff7c72add6,non_stereotype,goat_harmful,train
2525,52cf3b8b2d52219c1f4ea068efc7c48f3f11802f2fecaa823f4416259661c59e,non_stereotype,goat_offensive,train
2526,5877a8b851a98b4e2b78e6c62ae80d5e8fa2a6278815c1fc98fc80b58850360a,shopping,wbms_shopping,val
2527,055e8a863f3b98b1ab355191e24ad63b6f3872af847ed2433f497b96b2971d26,working,wbms_working,test
2528,4147b6536dcf0127e2bebc645c5ac64f2b371573efc07f35c450bfc9f624dbe4,non_stereotype,goat_offensive,test
2529,510c120852399dbc2f9634b2d346e2e78b1a8fc3d6dcfa6e9807394496f8ba1f,leadership,wbms_leadership,train
2530,f13255388fbdfcb624e2f82980fbdfbdd3b595bb1e0ffdb2256785b7ea55e397,kitchen,wbms_kitchen,train
2531,8388e6e411203f08c3f922826945dd96f929c5d32eb398d2115cc0a22a6eba0b,non_stereotype,goat_harmful,train
2532,2c6fb02ad49a54dc615aa1f994550f2ccd98a6e0ea1b3abc56d3370fba288c46,leadership,wbms_leadership,val
2533,f1a6d01fb99ea494a41399c87ded47fd7ea6d29289a51ad6da20895d5b09065c,working,wbms_working,train
2534,7597d3398373316d87711a8d71067b963a2c48faf4d8c166d07394572ad9cf20,working,wbms_working,val
2535,abbc8f345ada6d50823d0d189edbaf957fbbbe1f54a12b42fd212f26b15a22a0,shopping,wbms_shopping,train
2536,1b870c6c000c0aff07d868c459ef2d721d9c897ae01c9f342179e454ee842b7a,kitchen,wbms_kitchen,train
2537,e7709ffdd7d909bc3ca221a093d859ab5a2fb483d0d15782499767d55da8cbba,kitchen,wbms_kitchen,train
2538,838158b111b814715aa13d94a6274149d75620aa8ae46c50d207259d3b8bb9b4,kitchen,wbms_kitchen,train
2539,f102e4fd181882f0b3656dfb573391ff6f11ae321035fa00bc4ee35ceb22338b,kitchen,wbms_kitchen,train
2540,f39a53fde34019ec1ef7084a6b4895932f6f6dbd5c1d9b808f6fb1e85784db5e,non_stereotype,goat_offensive,train
2541,8cacfd497147242257cb8e88fc0111af779b0e4fa9079333087e60f2f6a2f882,non_stereotype,goat_harmful,test
2542,d0b07e64c47af788e65aef21dd413595b20cc385b17dfd642f529f8193f8d191,working,wbms_working,train
2543,e4ec0116f1db4dc73cf467faed340da1a5975486c0bb34dd2dc5f5b6a14f26c6,non_stereotype,goat_harmful,test
2544,c0aaaeeb44d911036b1182e273783678f7433cca38f4503a27f1041839f74f71,kitchen,wbms_kitchen,train
2545,67552abf79ad47fcd17fde08af8160cc20c4f79f4ca4c3ed74192a88cd5e908e,leadership,wbms_leadership,val
2546,22c47da08b78feccc4fb46315f3b307e99683e80c35c568841cb1620244aa643,kitchen,wbms_kitchen,train
2547,28d1ca25b1a36e3c2b8ec55e691a9005f8b515ae0a2a05e4ee00288877e136ca,kitchen,wbms_kitchen,train
2548,16e928897a5276081cbb721892df044123d62873a8ccd091c8f808616b9765fa,non_stereotype,goat_offensive,train
2549,ba7812fa3aa73992ffb0c339ab07efece3e447579547342a312629ee46cec918,non_stereotype,goat_harmful,val
2550,c3496a8395d1855f5b6e767a000d34c1950c5ce4a7ef5533b62090c6c3e7826d,leadership,wbms_leadership,train
2551,416b370a7c3ee0ce4f21014d6671e26084a39eac74531818a256dde656e2c701,kitchen,wbms_kitchen,val
2552,6d0aeb185f659e5211d52951e8cdac8842bb4e2656555e31bae875bdfb8bb4cb,non_stereotype,goat_harmful,train
2553,5ef5c219de6d21826c0fe8d44d5eb9d377667c75761ceb0e7a3a13106582ad92,kitchen,wbms_kitchen,val
2554,fb87fabbbf24bc97a25a184f4bbf041820bf0f41d6fdf6906c0f5a4b899ffeaa,working,wbms_working,train
2555,6c597deef9d1b17dea72cead40a83d28c6eac61aad90eabd231917d7a560b38b,non_stereotype,goat_harmful,test
2556,904dc4a2465c63eac8ea40dd6d8776c461e8b908ec75350217adb9254b3400d8,non_stereotype,goat_harmful,train
2557,94ecc35952796d03b0c8cf82dd5b703304359de0c2e120ebb115448bb5935dde,non_stereotype,goat_harmful,train
2558,15eea3252e8bca6d99859219f0f277f499cc12a2ee7fb009bcd243cb3eac21c5,non_stereotype,goat_harmful,train
2559,e4ce44bfa304074033ae736ea3cf5e95ce1a40d4fd0a164912e7f5a4c8a35370,kitchen,wbms_kitchen,train
2560,922acc3105c9782dd4e49a082eaa4614bf21d3c2942ec6167f244743e66da2a3,non_stereotype,goat_harmful,train
2561,8c58f55a8659a2e3da1be5ebbc6b370aa225e44632f589b8b9cb07f5a5e2ae3d,shopping,wbms_shopping,train
2562,e59bc955839a7d0ae907007d10e29510eee2827e13b47b0f4d380e0a9ac5e2ba,working,wbms_working,train
2563,35c13c3ef2b619537497c7e0c0465f7a1cdb5d531f8a9e04d98e1510751b3706,kitchen,wbms_kitchen,train
2564,72d36a81571de7f40a32d9661ce0f03e847bedbf97dc352a6b1d851efd2353c6,kitchen,wbms_kitchen,test
2565,bac87f2d980a21499cdda320ca5cf06ff166ae7b487ba6b05ff4e81517cea06c,working,wbms_working,train
2566,a2443566ea53a807fd53f6c07df81f09d67aac37f0b4717607159ad53da7ea51,kitchen,wbms_kitchen,val
2567,beb16387c79796a950205bc039aeb4d0810382c07acba88668863505231d69fc,leadership,wbms_leadership,val
2568,34be556774202f7ce5175a4f120e226a9d623d0b179b78ce0ab00877bc7687a5,kitchen,wbms_kitchen,train
2569,bb416e47b642c32c62b5e3afd2a37e82d88fcd4d9e62f583b89aa65f6a21445b,non_stereotype,goat_harmful,train
2570,b42b1da7a634461fdbc26055d3d4fca4ab4e8402e64e2e15fcd4b028092f8550,shopping,wbms_shopping,train
2571,65150a5ad86553299230ffa250ec93eacdcf36c46ff44956961325ffb6a75ee8,non_stereotype,goat_offensive,val
2572,54d7115706be7fc835d8a34f5b18edf09cfdd69f04708cb5ac469fa25e6e8ee1,leadership,wbms_leadership,train
2573,698cc8a8ddd767463de097331e3a865eaea8559cde5333c302cd9d26d9830d84,non_stereotype,goat_offensive,train
2574,e362b5ae8640d40589db1b6b8c077507d88f4a3918c760e791a0d4603537d318,shopping,wbms_shopping,train
2575,44a524c5caaa9f3af69e6968318996fabda5e32f8878f67052a7fc2e1363674e,kitchen,wbms_kitchen,train
2576,30e76e75d6c9f2b56013cd8c62f14ee570ea86e14739c7644d2274ecd2a716c5,kitchen,wbms_kitchen,train
2577,a99d2010ee89ead0c438503d2222848efe8c23f15ff35d4d4377e67b6b96e437,kitchen,wbms_kitchen,train
2578,5694e3ad1b484a0df0dc64514e8a5e52f026fa99522e5c9c38e796289ea479ad,kitchen,wbms_kitchen,train
2579,a5891f7a45ad47cecd1aba53336702e2b408c00b8e62d22980e917066e1b0f76,non_stereotype,goat_harmful,test
2580,27c5237939a6dd0ae0f1a60e2be738ecb2d9ff9d7735bbf6650e94a88c353d87,leadership,wbms_leadership,train
2581,9b251a9fb8de0d3b276cc9509d82d68cb57814e4e31dbdd30024d374e6642270,leadership,wbms_leadership,train
2582,3fefb12df9ccda85412499193eaeded548807c4f445febf010403a51452ae27c,kitchen,wbms_kitchen,train
2583,9d1ae8f8699dd6a1f30e1b27ea0903766c0f710292bb52564731f490a1f3d375,kitchen,wbms_kitchen,train
2584,cc5d6d65ce4e152f98d3b26e641e74c2227c09c45609f545eccd913fe6f7a72e,kitchen,wbms_kitchen,val
2585,7af9dc4c13bd280ed2c81cef1e5ea611696922db92f8b7e9bc49ba29b97999ba,kitchen,wbms_kitchen,train
2586,66531184c9b62e4d360cc85f35d9383096e0c320614c027b57807aeebbc2c530,kitchen,wbms_kitchen,test
2587,47f46564043d8d1ccf8fd26a4ee053488d0b3ec9dcddc670fc22edafb0fe7355,leadership,wbms_leadership,train
2588,597bde97f78aa391b0d334daa60fb89afb84433a2258826eafab147cda416cbc,kitchen,wbms_kitchen,train
2589,d8ae1961adb413ad9b59b726bc1272589120ed54112600c64dc5a18685f74d59,kitchen,wbms_kitchen,train
2590,e361480c41a4338f90759bfffb29584c2f424bc5f28917f70dcc679f4aab7d4d,leadership,wbms_leadership,train
2591,4bdc0f1624a972e36718bc5048619f00c44244ec9f0ab38811b4db665d13f8ad,non_stereotype,goat_harmful,train
2592,ddb1fc0d6c60a9e432cbeaf64397868a88e97fe9cdb4c962afa39e319f2a002e,leadership,wbms_leadership,train
2593,5ff3204214f491d101615919749a7ff47601adb7a4c7d2f5d19eebe2a7ca831f,leadership,wbms_leadership,val
2594,620d56abc8f83e0ea55ae7b4bc6b6432c319435cdf1cadd799dac8d4f083908b,shopping,wbms_shopping,train
2595,613fb01083379bba1297e80fce47e8d5322667f50dbbc4cc0a5089a1a80f1e19,leadership,wbms_leadership,train
2596,e6161cbfb2baf7f8b8ad6dea23bae984d9ae53c45eb52b1d0c0e17fd7a38ee1e,non_stereotype,goat_harmful,train
2597,927856c0e900a344170e788a79864387bc034ac455fe4b3c7880cad7fb1044c7,leadership,wbms_leadership,train
2598,5b10ba02b45142d822bbf9272a083802b28cf82beeb255d33967ab46cf93ddb3,working,wbms_working,train
2599,5da7385ca837db3d917b2ede7a772344ca47a32054a9c6d387d97a9c9a38ee5e,leadership,wbms_leadership,train
2600,41bd2863202e7013f1f1e173dd93fc7c664608a1e3364b528f6b8731c0e960ea,non_stereotype,goat_harmful,train
2601,7ec1661ba1619e8d75a88836312992d28b9beb15b4439e50220445cec0356495,kitchen,wbms_kitchen,val
2602,48910310a722728f457d603300d2939699984eea3da1b8db163e8febaffdd81f,leadership,wbms_leadership,train
2603,540586fcad364bb97d5241940777bcf16a30ef1d5fdd76ba794b3fab6162252c,kitchen,wbms_kitchen,train
2604,3404576fdb8bbb38b097cab38bd91ecad52afce9a9a45b435a75b23c90cc7a57,working,wbms_working,test
2605,c6668588aba47748739880feb20e69861d024d7dffd09936ace31c820ff79a2b,non_stereotype,goat_offensive,train
2606,16c3b77bea4c92429b6d49f4e3b7c5551e5c7d462d2dc4167953e1e7e2bcccb3,non_stereotype,goat_harmful,train
2607,14275c8d03bfaa21e855e654ae045b6a8b996a2a1d199776449f38e0bdd5bf9f,shopping,wbms_shopping,train
2608,0578df1a6600a067f575774a089aa01ec39c37d53ddab73ed7fcee859ca52a81,kitchen,wbms_kitchen,train
2609,0e1d9bb3f3ad8fa7759c90b0fadd85ba6b60fecfc1f29f2d69624a7add662b67,leadership,wbms_leadership,train
2610,3bedf86c3d35edfc81c506bb2a9372ca5bb3c042cf972c1157c750c4de477ac8,kitchen,wbms_kitchen,train
2611,7160c7e7f03ce92e656d101869ec07ce9fb95c5d04ed6a9d976b57332b37348b,kitchen,wbms_kitchen,test
2612,69b0bb111e6789ffeaead61865f2a47db62d9bf449e13c8ef6c747c3078b8cb9,kitchen,wbms_kitchen,test
2613,9a5fdca0449645ca1085aebf392e43172b668717671100803d4a73770147d005,leadership,wbms_leadership,test
2614,efd4adc1b184afd0ca3d7aa77d729881a1f9ea9a1957599467cd805aa6026ebb,leadership,wbms_leadership,train
2615,dfdd8319940e88748f914fab913d9735760b4ae1495452cf70a7f928884c67e9,kitchen,wbms_kitchen,train
2616,6c577cff76ee668b1e8313c1f9da0fa370ebcdbc5092a26f228e83e6a5c04e9e,non_stereotype,goat_offensive,val
2617,a528c5286b79a85021e1e82fe9b2942d52be157b58375b6c5171966a81dda33a,non_stereotype,goat_harmful,train
2618,b01dec7db375794754fb4b7d5e3205f587580382106533b59ff4355d122aadfd,shopping,wbms_shopping,train
2619,1b75ce5a3921bff608cf4d6ecfe99f8ca3a69d165c038b0e2e2322c5a959ac0c,non_stereotype,goat_harmful,test
2620,66ed72256266f0c4943b44b83f6ea95540cf87ad5791b1b732b371ddd70043ae,shopping,wbms_shopping,train
2621,544608a8b6aa1fe4cc4dc03a1d98d9dd37583c192c08315782527d8b0b5379f5,leadership,wbms_leadership,train
2622,160f90d4fcab03ae042f57142d95bd3ee475bf9181b2902d08df17deabc24b90,kitchen,wbms_kitchen,train
2623,686c5c379510746d04c448837d83a475a7ad6c00b965b3f2425a96c58db73a03,kitchen,wbms_kitchen,train
2624,9809fe69621b4bce7f176a935b127438d8e84e35f8845043cb7bbfcc7a878b61,non_stereotype,goat_harmful,test
2625,805deae4806c8322dd0701fc3299e3de9f5add11e3f877bf70c34ec451e93bca,non_stereotype,goat_harmful,val
2626,b7592066b016f00cef3697f6363bab021759e450a4f7c6df9b1549bba3039a0c,working,wbms_working,train
2627,49ed3303d4e7a3ec848d250cad09c526cc26aab7ca38e9bc645e26a52a1cb093,non_stereotype,goat_harmful,train
2628,ea2724c19466dfe33801b9596453dd1663dae504b9f3b76c6234512416a5289a,non_stereotype,goat_harmful,val
2629,78701a132aeb2c59a4da2be24ed19226f7180dc3e05b975819356b44af01697a,non_stereotype,goat_offensive,train
2630,961d53687422a5f899d9e4ea1b1403111ba8b768dc2ba22e5584ee153db13e10,kitchen,wbms_kitchen,val
2631,488b6453de3d0bde413cc8d31eb4a899d020e3a39bdcf2bb5bfd239dd961a9e2,kitchen,wbms_kitchen,train
2632,63d1835efcd7578e27174e0716a7e47d75376b579a6afa26a00aa29afe5c95ec,kitchen,wbms_kitchen,test
2633,80faec9cdce43c95500223ae54d6b95df777eef8cf2153e93523d8ffb03eec65,non_stereotype,goat_harmful,train
2634,0c6fc95f8fd1e12a3cbfd8f305fd2dd5e18ff3b40db9bc311be6b8d5cf10e68d,kitchen,wbms_kitchen,train
2635,46f70fbf1d812e12fdf619a89e645d714e06c047f1e59b8b08f2a937d34c4077,kitchen,wbms_kitchen,train
2636,a24dd58d548b0a399946c90bf2d1a2a7d9ffda926dd0f098ba9d7d5a27936cc4,non_stereotype,goat_harmful,train
2637,b594b9c3ec43e2355ab2a351e66933aa9223ad4ec1771288bfe4b6956e66e05f,leadership,wbms_leadership,test
2638,a080ec1ecc8d576c970e112bef0f53a3d64a976f1446c6031479aa32e8fc13a2,non_stereotype,goat_harmful,train
2639,05fd15c0e3edb1f9168388f6ef0dd6f0fbd8ee7fc02f273c09fb24bb1f3c31a4,non_stereotype,goat_offensive,train
2640,c842e82f311c9de8e0266e77ced489d28fe1e0f5c8e91dcb2109f97451b625ba,working,wbms_working,train
2641,2abc32ed8a98a26952cde64e616e0d6b4ee0741b46d704c9bbdf8ab0c7ed4ec7,leadership,wbms_leadership,train
2642,115de44c23e23a1e623be7874bf924216fcef08d2a84634d3b5f927e0486e1c3,leadership,wbms_leadership,train
2643,c32f789920ce2a820c925443bb4381bf50dbe775e3a7dc25f74163daf8c337b7,kitchen,wbms_kitchen,train
2644,2fa33571e561b22fc71cced1bcfd835dafd2b4f34d8fb2194aeadd1f6a15fcd9,kitchen,wbms_kitchen,train
2645,3fe61e5ddf145655f139b5bf37d1eb681ce34bb32d3d1f190d676ec13cc3f23a,working,wbms_working,val
2646,9fcc47a84f4209455c1852dbdec81990b5984a862bb070bbb1d147c0c900ec76,kitchen,wbms_kitchen,test
2647,7ab26a0687e527c85317984e3844ca45f588392476ac7886144834b5e07c0e07,non_stereotype,goat_offensive,train
2648,5600080e1fe9fd8dbe709a51d06141a119b3e2864091d8b53fc5d526086515c4,working,wbms_working,train
2649,49e8d350033b0bc1226fc055e9e960055a5b2372ede231b44cfe92498e764e58,leadership,wbms_leadership,train
2650,abeff8eeb0813932eb04024cf6cd72bbc5ac81547350c1e45a0f1273d904229b,leadership,wbms_leadership,test
2651,92db13a9f27182dcb26f7aa73b8b1067854065656cc1b5f4aebbfbf678f865cc,non_stereotype,goat_harmful,train
2652,136d3ba81353cdc720ee61076a46d11c25f8b848123ff1c371bf34667c7da576,non_stereotype,goat_harmful,val
2653,19be49c18c02f98d898e03c85b5d839a4afe2c57c5d4142993561f4b535f0c99,shopping,wbms_shopping,train
2654,dfddc6d6ef9483959a0c6e2884c1660a799497fcdaba634a5df66653b02aebfc,leadership,wbms_leadership,train
2655,981c44edea6acb28ada099747a6b93f999a7472df3730da7f73c54314070e3dd,leadership,wbms_leadership,train
2656,8289a905937334e3022aaea7746dac23dac902cd1b7bc9375ef7f6ece7ec2d49,leadership,wbms_leadership,train
2657,e076ca51d865db69ce9a8d75c453d7e7fc3a27800c4f239b56963a564adc44d1,non_stereotype,goat_harmful,train
2658,2b64e76579400499abef73cbf42b091a7137eeeb94f75ccb5b68558061f928d5,non_stereotype,goat_offensive,train
2659,f34c08167832f50656094382749c6ddc4da4eef43b6730e33ca64437f28a3000,working,wbms_working,train
2660,58f2126f26b92c57531eddec2a78ac5cff30a67f386694a4d958852c6070a08a,leadership,wbms_leadership,train
2661,2c1fecd95164d9d5db80d16403857a204ceefe9675e0713edf5f61b4f846f113,leadership,wbms_leadership,train
2662,d6b8f20891bdf02475c550a3aa6e5cd0d600db08db194a51958be44c78a3df00,non_stereotype,goat_harmful,train
2663,b81a0c71413884fb2612a9473e06375758aac7ec19b7275e4c8502bdce24af65,kitchen,wbms_kitchen,test
2664,1eb362b1dadf4603d2af4fd1877bd4cf57eb943a84fc95d886e983f79baf1fe1,non_stereotype,goat_harmful,train
2665,ed13cf329cf3f5d8d86a551c1ed21ba58a6ca58dfe24094a5b54f5201a9f829e,kitchen,wbms_kitchen,train
2666,dea5995a2ceda5ce34cbddb6f66b61bfa72920f4c4439a6c295e7eeec69c3844,kitchen,wbms_kitchen,train
2667,68be47b6df0997e9a90d2dc34a516b3a4b2d4fb4d0072edd86f9c8e3ed921286,kitchen,wbms_kitchen,train
2668,36eec702e6efd33e2fc640157181ca3bda9c9354def1583c848fd1641cf4cb97,non_stereotype,goat_offensive,train
2669,3c1c7a71c8b4219df32115cf2aa11fd7bc4ac060b6ba7f6acf33dddf98fc9317,leadership,wbms_leadership,train
2670,ef8a88d537a604e1b0130b4bb34f33abb4468d69cb91d435ad9780a13035175d,non_stereotype,goat_harmful,train
2671,e615af6bd264ad76a13530d9b580ec62bfb5e6f326e27f22b9d881d111029aac,non_stereotype,goat_offensive,train
2672,795f9c6afd091534b910b81f3b2e1724c9a68621e5ec7eacca2c04b589e349ff,leadership,wbms_leadership,test
2673,0cd0568035f72ca94308c551e4e38bcaac4d584d77f7c329ad0fd8215e3b770b,kitchen,wbms_kitchen,val
2674,25672840025975ff8a19b380776581304e21e8d5b507ce6ff5c16e9b8fab8f40,non_stereotype,goat_offensive,train
2675,f0298b013621a2e3947ff1bc0e6c5dd1d9be38c51ec0e5bd8635c6e3d7b0cd1a,kitchen,wbms_kitchen,train
2676,7acfe93d984a970008debfbb333e2a76147c1706f7387a627d10508fa339792c,non_stereotype,goat_offensive,train
2677,8b1c06771b7562d2c0edc658f5ccb459d3b88779fd40440135c47490b4fa37d8,leadership,wbms_leadership,train
2678,845896bb98ef279463c1e0a9d38bf96fad72d4f11c367871cf40be0bb95edaf3,leadership,wbms_leadership,val
2679,961f91322a17eeeb61f4ea2ea35db6970aaa6eb250a808174dc009ba931e412d,non_stereotype,goat_harmful,train
2680,981d7676767d083491615c8ccac64daafb2a08bafadaad7777c5f0b5ea0513dd,kitchen,wbms_kitchen,train
2681,463977f677a2aea164d07789891d83505d03993bf5d1d9686e76fb07e47057ec,kitchen,wbms_kitchen,test
2682,e7457e45cdd4aacbd1db1370309be5ce80ac6fc2dff9c4f0acfc8b86aaa7b31f,non_stereotype,goat_offensive,train
2683,2699bafd26b8a5d5e110ad96db7fc183adf893f6d072892a8efc531f177611f7,kitchen,wbms_kitchen,val
2684,e87f5c9542a265a42512a3a37e3513187480d7a59a4bf23aa2c91cbd49c1dbfb,kitchen,wbms_kitchen,train
2685,a010ef352fac22bf5aac9e01b90be96f07ab607591c14107822ad32f4511175e,non_stereotype,goat_offensive,train
2686,03caf126e4880c6a8a6134ecd293975bfd5160df173ab5a2f479288c426d650e,non_stereotype,goat_harmful,train
2687,cb3eaed91d57f7388d5fdbc40a817575b9652730534a47c98c2289baed7412e9,kitchen,wbms_kitchen,train
2688,3ab24e6952cdd30f97616df3295607bec426ee412949c599478e08d1bdca6310,kitchen,wbms_kitchen,train
2689,de17fdb2a7ad197db5b7701f10c7e2bbbf2fe8de6f7a595067496a24e8a4769e,non_stereotype,goat_harmful,train
2690,418200789ee0c9eea992482ef63973823e86020ead421d18a31878c39c98e307,kitchen,wbms_kitchen,train
2691,51aee36c08a1f6b0ad54c71f65e263df15ded3f63cff57a2fe9c52eaee6ecf5b,non_stereotype,goat_harmful,test
2692,192f2527ca86f3a7f1f804b5e9b7978797c26c345080ba9993b6d129b36393af,non_stereotype,goat_harmful,train
2693,a54f154dfecefe33f1007d8b90bfb74a0ec09e45e08978f8c2d32b3b4a4d0f94,non_stereotype,goat_harmful,train
2694,04b026521275c6dc8a551289a1980877838511d68c405bd9ea228c81899dbcfa,kitchen,wbms_kitchen,val
2695,8eb736673a7718c641d53b00331b7d79df4cbbdd9202aa08580801b0487e0512,leadership,wbms_leadership,train
2696,b2c74afded46fa5a3da7c2541cbfc1c7e8ee9ef16feb2ff6c3b0481bd1a5a5e3,non_stereotype,goat_offensive,test
2697,7ad1246521b13599865dff776b0252c8a0f7a2d38dc8ac64ce7543d9ef65354d,working,wbms_working,train
2698,845209e15446140b97670563f43cbb78cf96212934f55d5a504f9f8f1bcb4df9,kitchen,wbms_kitchen,train
2699,81cc5d5648a06351f8b66748f689bb3c07a09c663819b49b9a0c3b257b318af0,shopping,wbms_shopping,train
2700,913311d4466906989f5373a9699dc608271fe9f2a39d0166b33879a2112b63f7,leadership,wbms_leadership,train
2701,3445ddd64ae5cf97c79bc58e9812186846e08e932cadc238bfa0d788379595aa,working,wbms_working,train
2702,ee2ce317be57f2e2024ebabf61221c5c253d4cffd3879104a8acb11b84f19fe1,kitchen,wbms_kitchen,train
2703,a5a857c0c59cfd5ab550b76406c41eb5f725842f4a6bf5f8ec14c0d77127acff,non_stereotype,goat_offensive,train
2704,a87a63563305400f926130ea05891182f85b0b3f1f4050e0da1b15eaf34e7456,non_stereotype,goat_harmful,train
2705,d81258c478d4c8ebba635af600598d950356601ad4c80017e13713db10b2a3ca,leadership,wbms_leadership,test
2706,c2431809473d89c1cb1569e57b7c851aa86f11bb3af195410590bb1eb75fddf3,kitchen,wbms_kitchen,val
2707,368edef8b19bedf39de836184b901674a968be5dbbbdbaf2b634085d9dc6b040,non_stereotype,goat_offensive,train
2708,a4a7e73b82e03b900ffe7879bd00bca75f30f9ff116eb3fe0f1a177dc22f3ed2,non_stereotype,goat_offensive,train
2709,2409bf3c756a96068c96759d0b9e67b90ebd077435b094809b9d523f201e5f9a,non_stereotype,goat_harmful,val
2710,01ddf4aff77fa914cda9dd9d2e366d5a8c6cace65db503ac07ef35347034a539,kitchen,wbms_kitchen,train
2711,d41462c75769f8d7a4a7de8fdc0c0454ddb3cf4bb79f20334385d988a77e7516,leadership,wbms_leadership,test
2712,feb7bb9badff2df33006193e1626d8a14ed3c159987ee79f80d8a4898e3acf08,leadership,wbms_leadership,train
2713,e3d54fdf7d9fdcea0936a01d00f4a87d27d32886afbb6e6798506750848ca21f,non_stereotype,goat_harmful,train
2714,a2642a945ba7744545bb76674972b4dc1532992d99b033a268ba956d2bb2f907,non_stereotype,goat_harmful,train
2715,76bed62f2eff0549a28e04dda68701ddc67126ec2d769a0d08ed85c0a67c7ab7,working,wbms_working,test
2716,ca217ec87fdf023057d45e814b234feec70f70a8e9b969bea4b50aa57ce0fba7,kitchen,wbms_kitchen,train
2717,35400d3d0646f3a63e2b0fba380ff25452c5356948535eb91d5f292fcc97acb0,kitchen,wbms_kitchen,train
2718,fcb9edc0245a6a34c617aefb9eb2b880a314c3073f7462bbd10a192ebe4e085a,kitchen,wbms_kitchen,train
2719,f4f161b46c2bf42ad50b6962b80b0c84102fbb8d4d438f2bc4d07ddab1818930,leadership,wbms_leadership,train
2720,687896b1996e074b8ebedc7d7016081291b858e470ec2e0fd8939b2bae2740c0,working,wbms_working,val
2721,e4781e307203ebcb61f8ef005cf3eb3135c50c4f70422af14edd0417bc2aa106,kitchen,wbms_kitchen,train
2722,1d9f14058c6bcbfe8ec298cbf50aef4a5a503e471718c09fd09176e98772f945,kitchen,wbms_kitchen,train
2723,f13721e728951717161ae8693a3af74be390dbec1e5c64b286345b0f1abc5528,kitchen,wbms_kitchen,train
2724,120543efc2a2f0b13d007ee028f60cd83e721360d95fe840383a917908897eeb,kitchen,wbms_kitchen,train
2725,5065e463f04fa2decfc2ed4a1e54bd4f5a52e80da9db2a2b8ccaac944a471114,working,wbms_working,train
2726,542eca2382baaa3169f872dde081f3d966b4dcd47c06d4ffc853125771ab5914,non_stereotype,goat_offensive,train
2727,690c06253be67dcae94ecb26e9241ce5b9f4bf5f870340805a75e2e9395bc34b,non_stereotype,goat_harmful,test
2728,2f0cecc98a9c49a7f8c84ca5296cfd851c8e5313368e36754e1c24a343d785f4,kitchen,wbms_kitchen,train
2729,458cc42eda8bd20ef0b62b3876fbace0b5d2334dded88134ee1ad902ca7b9a4c,shopping,wbms_shopping,train
2730,a1bdd00bb20bf6d096614ca84930b8f82a10219cdf3d1f2bc0a651771a7abce1,kitchen,wbms_kitchen,test
2731,63f2b5249814c30ab0339aa8d89f51e48c1324f85e91d8cf04aa164fa7b91e4b,non_stereotype,goat_harmful,train
2732,090d15aa77c0af69a45d0107a550f9efea14ca75ceea640d8969ef3a00496b4d,working,wbms_working,train
2733,2e625834174e752983d0e0e313176811f19fc6b232b95b9a82d2103417e5f338,kitchen,wbms_kitchen,train
2734,57aebf26bf6eb21bcbe1b279ffa00fdc8df7b5c35b560e4ca89d78f9ca798fca,non_stereotype,goat_harmful,val
2735,5c88bf1595b306349c72225dbcba6b6b02a17aebef5c3536fd1bee434cc62834,kitchen,wbms_kitchen,val
2736,80687617af3728a23ccc7d432fc27fb6e313e175ba5529305de0fc72327f9865,kitchen,wbms_kitchen,train
2737,d9c7d2292198c92db175cac7e0cc473b305e902429d4af6c45e3fbf66a1c7eaf,leadership,wbms_leadership,train
2738,fd23ab898225f8beec9ce555dca05c8835e8ea40c16a25777569ddaa16174156,leadership,wbms_leadership,test
2739,72d5a7175957306d928e1340f0d804b59c2012d1df4927898625ef8f231ff032,non_stereotype,goat_offensive,train
2740,0fa50eb8f93c76bf8e9b3fe504fbd651ed82c2100586cdaf26dca36cfd89c09b,non_stereotype,goat_harmful,train
2741,50910e7deb36789f110343adb0c310fd159f8091155b82f8b7bcccd452798ece,non_stereotype,goat_offensive,train
2742,a120c75469ecc73bcfdc60e3b3f52024157426fdb4f306784df665346ddf536f,non_stereotype,goat_harmful,test
2743,851ee2c65bde81db685a0551e82f603b5f0b891a28161f5badb40383375fffa3,leadership,wbms_leadership,test
2744,f1d48c4f3aedc955c2c0063a675d806bb619cc5d988713b37c781402833661ad,non_stereotype,goat_offensive,train
2745,a49faf01ce7c7ea35f94af3a11937c2a1d1442f75b014e791234b0bbd923dbbc,non_stereotype,goat_harmful,train
2746,225a836c9142537f743ab82618df2f640df987166ee8cf2b20754e61355702f0,non_stereotype,goat_offensive,train
2747,fd7f8831d3af629fa51196cbee4cb80fd3281ac4d666675754f278546c12b29a,working,wbms_working,train
2748,708903b209e4d7513c45fbc46f9ab4f8a677678bde049d5dbcacb1a8943b5ebf,kitchen,wbms_kitchen,train
2749,7889e48afc2caabcee930f6c0560824c6ffd20584202cbcb73a1bc4ca2fbd485,non_stereotype,goat_harmful,train
2750,cf68d15f197c164c582e518163f104f6468262f412c4e6862c31e4aff17e6472,kitchen,wbms_kitchen,test
2751,fa5a292a85dbbc12287e41129b346d555e750de39d36c3765969c780c7ed8cb8,kitchen,wbms_kitchen,train
2752,2a862abc6a3cd7f4da0fe3c0f76c3a1ad3b054fdc1c8defa6fbb83eddf8bbe7b,non_stereotype,goat_harmful,train
2753,f1eca80fab68c026b47fe2f5975313d71c692b7290fa560d4099339255c8fe8e,working,wbms_working,train
2754,24dbab813ae55d0c94426f887b01607f579a4eb882be6b4bc1a6de2493b807a2,kitchen,wbms_kitchen,val
2755,aa2f8d3eb3e0f99ce389dca73e84fd6ea653efcb0cc2bc20c4f8d26270d839f8,kitchen,wbms_kitchen,train
2756,1038b885ec513f7d731cc02db4255ba63af9fd787cf1d7305563986af2dc2279,leadership,wbms_leadership,test
2757,731430de262ff3df585683ec164f8ace0a1def5ab851cdacf7abc9d9ee533706,kitchen,wbms_kitchen,train
2758,93d6e66d925f92858df97580da262839fbfd2cb7f6bd54f6ed2938c66ad29535,non_stereotype,goat_offensive,val
2759,0e5bb9aa5f7f2027bdc01b6a6c62e35dfaa68f37a7211d0a6ab5f35bfc228260,non_stereotype,goat_offensive,train
2760,4871bf50a6cb2e47f5d488f9c8def67cef7d62eccf3730cc0f32dd80025ec2ff,working,wbms_working,test
2761,4815349425da232e58b6f2fd73a99a4153221d8cbc0d02efc69b4d49c28dd58c,non_stereotype,goat_offensive,val
2762,09f9651bb968b4abfbaeea41525b32162b0cd639da6420f13e8a42309d35847a,working,wbms_working,train
2763,ee79d039849d3c6d00e99243a795261c347b9f823a48b1f63174a6f90ec28954,shopping,wbms_shopping,val
2764,d4489c248c1b4301074ce74ef93b681c26dfd24062a5054548ae74d5c19c9002,kitchen,wbms_kitchen,train
2765,3c4a43c114c048167e5eede0fb5acba3d59149ac866563d3b6ab714584d74b38,non_stereotype,goat_offensive,train
2766,32248c33611d1f76ee7b3b25279bb2f9d4ca9a039961dd50b328dba86b7312d2,leadership,wbms_leadership,train
2767,a71f1a26226d0cc91d3b975c80886a65adf101b7d2ad337df2055dbc26873e80,working,wbms_working,train
2768,88a25ff65b92af39c4213613ddf49193a0cf8fffd62b4d5996195a1fc36d4b92,kitchen,wbms_kitchen,train
2769,af2de4de5b9aca73e687e43865048893cb49197f967d857f00bef0270eeaef23,non_stereotype,goat_harmful,train
2770,2095ca0e6592a5586266fec67b17d945b0ab699eac1625ec17e28f575b9a6fe7,non_stereotype,goat_harmful,test
2771,1d12d2d6320224619aab86e0f3bab2dd1f33b61afcf52a1bca042faece4c3226,non_stereotype,goat_harmful,train
2772,636dd333c6bf033e0c609af926720599c6a88b638e30a6afd98baf413a7f897f,non_stereotype,goat_harmful,val
2773,9330c150f2768352155a8328047cf822d7f7d3bca993f99114a5073c41ace816,leadership,wbms_leadership,train
2774,717edc0636d2e154126d29607ea3f04bd752907f439ae8c447bd2798df5e700c,non_stereotype,goat_offensive,train
2775,24365b7fb0d2ce2da9b34d32b0899aa192032bdcc028bb89ca58a2dc4059e804,kitchen,wbms_kitchen,train
2776,b584ef70879b0474df4ae7a5f5001c96f8a225771c84c225f80f039b4d366bd6,working,wbms_working,train
2777,85274ba8a8b5ab14d103df39be03ffcb942238982d99451c8062b6664cf0978e,non_stereotype,goat_harmful,val
2778,e56ddfedd29a6a6263499de479539f3422f046f0b9f24b409d14c9f4f57770c7,kitchen,wbms_kitchen,train
2779,b664a08de4bd918f32911e175179066e8a287467fdc46135865ac0ee0d15acb6,leadership,wbms_leadership,train
2780,02ac2ea5eddf1c85c10c990631b4c0b38274df7c3889afa66192e580277c4aad,non_stereotype,goat_offensive,test
2781,bd8cbac4c2d968b6ceae0f1736d77ed84e8c1348531f56df92a97cb2d44c32eb,non_stereotype,goat_harmful,train
2782,47c39888040405619a8e4f4bf3fe6f56600db3b47010ed7458ca97e7a3c57258,kitchen,wbms_kitchen,train
2783,3a64576191ff837e66470d726439f5160584bb3f3b8ffc68f35a831592af2ab6,working,wbms_working,train
2784,45febd1c5a034073b5caf1d8319cf21b85017885c7e5842d94baa46a9b20f9f4,kitchen,wbms_kitchen,val
2785,b8bcfa16f48fd3e8eb39a566862a3655b79a4f5c713ea2f9100808f280f11d6e,non_stereotype,goat_harmful,val
2786,7f46344b07c07ac93c09afb4558460794739e552fb463eba1339bd6a35a99f74,kitchen,wbms_kitchen,val
2787,46352981fff7c6c8e6172016de8dfa0bc1dd349c67d009655f8f2075d2eb5be3,leadership,wbms_leadership,val
2788,9942a439c65012c66dd0a92c52180cfaed86e7c5e200bd1fac959b9d3142dace,kitchen,wbms_kitchen,train
2789,44a9422516192b3407be7113a5b29200662e7d4d84bfd11f4b991992e92603f4,leadership,wbms_leadership,test
2790,b6b1f581ae08bc56a820291792cb3aa0a8af62d732ea80d7e998303a8137f458,kitchen,wbms_kitchen,train
2791,98bf750cec38a22cfde27e02ba995b5dd930a283eea543dc3ea310618db73d7a,kitchen,wbms_kitchen,train
2792,f96226e04d7e06ecb1d49a23f1e44cfcb2195356efbc634dbb2cd0ef638fb013,kitchen,wbms_kitchen,train
2793,340fafa166deb1ae65d80bc48b09bc4cc0aac77503427418977cc1630699adbe,leadership,wbms_leadership,test
2794,0764db027ed62b1cde68591c950bd04f9bccd9b3acd653f34db440c11c779242,leadership,wbms_leadership,train
2795,6da9e70ea1044c192290352e9fe6c325a8c2e6dc941ce45af3c1ac7f51047f50,kitchen,wbms_kitchen,train
2796,e237c75fc58843c51150c1677664a7e26c9dd36bdaf0a3b7e98ce613958aed16,kitchen,wbms_kitchen,train
2797,90f000b7134390ab78bd855e66a230d7cbb8371c86f7bd16cdc696fa7faa1be7,non_stereotype,goat_harmful,train
2798,8b040e74959c431f11ec6df6f48ff051719a02f769872bf5d34eb7367be51a20,working,wbms_working,train
2799,244820c621e8cc557401aae4c53169bad9fe383b06ef7294c99ac36090223057,kitchen,wbms_kitchen,train
2800,4157746efd7ff9c5d75619cf5132440d86607a42bd3ede2fa7b06acf6d13a6c2,shopping,wbms_shopping,val
2801,8150b5709ae9c54a29949d6c8fec5f15756b6551f5b90e68b1ec0188a12c43bc,leadership,wbms_leadership,val
2802,0c3394cc8e2f0f1ae98e93bc306f7a0638eacdde374e8c1d576e3272ae799b78,non_stereotype,goat_harmful,train
2803,d0a39cdd5f72d6ac02b5c27b766742d299ef815c216a98bd3634c3e09e184721,kitchen,wbms_kitchen,test
2804,7fa23e83172712f0a023108947b81b6e584b1f8005e16786b61f03711bac76f3,kitchen,wbms_kitchen,train
2805,af64e8b2a5b4bb15bc3960a6b1187539a276c467518b5db810c8a78ac1fd607f,non_stereotype,goat_harmful,train
2806,daf7be7a6ef11f28a7cd87e88d9765f6e9283b3a288861ee9fb285962fd65c4c,shopping,wbms_shopping,test
2807,79369dcafc86acbe4b020da000cafb81e61ac2ee0a2fa45d36cbfc788157c288,leadership,wbms_leadership,test
2808,9e21f956e5619e04d151c03325e1bb814cd4983836dcf516173803e97cbaaf4f,working,wbms_working,val
2809,9889c615fa4d4d5b0b98a32591eec95c3f468a07a5536451edf0e1d5f6767bd8,kitchen,wbms_kitchen,test
2810,14b33110be4aa4605687bcb3b30e81ecf2441982624c922ab10529001412d45a,kitchen,wbms_kitchen,val
2811,7b59e605c8f63f54b819efd7c5c3bdec87af377f4916e9bfb1ae71255a69f47a,kitchen,wbms_kitchen,train
2812,8be5879e30be730ccd8e95773ac49c1a1f01085fef163753a8d0bd31b9f5a885,non_stereotype,goat_offensive,train
2813,f7366b7ca8ba55df72ea071543fb99edf4f2ad72b851530ca1786d1c1b555ac3,non_stereotype,goat_harmful,train
2814,85b66c4440bc64623c6a1db6c662dee324a15298796a29830445c4bd170a4899,non_stereotype,goat_harmful,val
2815,07b94607d5ff404953edad3a9490547d5e75b5a0f393ce0924dbef53b02ea60c,kitchen,wbms_kitchen,test
2816,ae32ba0e1053f4a31e076e15e491a1738a22ae6fbb2db7f5711d9b99287ce2bc,kitchen,wbms_kitchen,train
2817,3baad2e9e87229a140f1a03edfd752ec03c618a5f4fad1e74c2ef18c17216bff,kitchen,wbms_kitchen,train
2818,a7b2256fd39783928fd82dcc6580429c449db8b3c87b7f2c6e8eee86903e13c9,non_stereotype,goat_offensive,train
2819,2d6ef4ea0b3f3115db9e6112d729e485aaf41cb966661d82fb7bb81c894ed913,kitchen,wbms_kitchen,train
2820,ac0d15c8bbf3c51d14b9c956676c8d92e32ac1ad38625b29a5f54c491135ebaf,kitchen,wbms_kitchen,train
2821,abacc2bf48c96437a5e49a4860d33689690dcc4d7ad0b0ab7316eb26154e46ed,kitchen,wbms_kitchen,train
2822,9d74bac37c94d2cbc4833f854c106dca94f795550e73dd1fc575e0ec3938523d,kitchen,wbms_kitchen,train
2823,d17f8cb1abde25d94f3567c0f5df9c00918425eed6453626e423b464e5d010e4,leadership,wbms_leadership,train
2824,d975781316a83d06aae0c0e33d94df58ee2fd9c5face030da8e75192b722612d,leadership,wbms_leadership,train
2825,64b923525daa882430c6b294b85395e99046f6b5b735a86cdf0dbc33afe0ad26,kitchen,wbms_kitchen,train
2826,e5f2badf7f47f1a4185548df128ca15c9fad25913f90dcf359fa527f4597b0b1,leadership,wbms_leadership,train
2827,810ff93df262386f9c835f8ab3ec9e61aa842dc5a80dc8a638cb84c250422b02,non_stereotype,goat_harmful,train
2828,3048a4b229b07860e95cf9cdd8cea9b2f396b0fe4bad0c7c767f83c4ddd5555b,non_stereotype,goat_harmful,train
2829,87f8031d5ec93f60ceea3a06e8744d32b120b400710ae7b1cd81662f59cc7b5b,non_stereotype,goat_offensive,val
2830,ce5d34d182a72ed181ae2a197f5bd41929e08316c066eb94d77f505b9171d33e,leadership,wbms_leadership,test
2831,4c105697795aa6778046ac7be2c8515ba24e3e0117ad1ed2f70086758dbb1404,kitchen,wbms_kitchen,test
2832,8d370195ad68f0cd3d7c8f0d015f66bb79a6f57aa98de8ef72031f419989c9d9,kitchen,wbms_kitchen,train
2833,564721c5058ea35db5a6169537d50c21c90878de763ee554990b7018063375eb,working,wbms_working,val
2834,ef71ab87fa52d1f3fa74ba65561b37970660ea880917fefcddffc0481f5b2cb7,non_stereotype,goat_offensive,train
2835,3e787e7a4260771a389860ca9d75b7df428a62cff8f1ef7c322607456d0fda63,non_stereotype,goat_harmful,train
2836,98a5c7c27fb55bb72229c401c26607624d07eab727838a258417fbc04cf58aad,non_stereotype,goat_harmful,val
2837,b00c8cc7aec97346efbd4a8f610caadfa05575ffe9781aca9d9ec2f26fe014ec,non_stereotype,goat_harmful,train
2838,75936c49202c6de0f5196d401586cbf0919f56dd8cf338c7f9d3bb4494d30593,leadership,wbms_leadership,test
2839,32a64ccc0c98b54b43ceb13b15f4eccf2f266f43c34dd619210489a62c262759,kitchen,wbms_kitchen,train
2840,5f1974bfeac1ed88421671cc234f7eca6c207d3f939d47c9a26cd708aaf173da,kitchen,wbms_kitchen,train
2841,2155615d94feb0a152558b3905d618cdacc76f0985ae0ece5c1cc5bf8970c419,kitchen,wbms_kitchen,val
2842,f8d65518673e72eb8d30d144613360d3833a011c8ce941d27b35c1a1202b451a,shopping,wbms_shopping,train
2843,9e9f588f42779efbfdad01074e642dac232f4155200a9b515c9dacc3a045eab7,non_stereotype,goat_harmful,test
2844,e95396505b196a7db7a27473f6eff9f11c13113f620be958ae4641bdac7887da,working,wbms_working,test
2845,c7280c2bafb362d04ba485069f894a0649241f9bca2c81501e677e57baceb000,kitchen,wbms_kitchen,val
2846,48351a6ac08f8aacce249a1f85d0efb117ba0032869edce0e358b14462d33fd0,leadership,wbms_leadership,train
2847,231f335f808cb34d6c36b99c25ed6a6e763b437961b6b40916998c419708a662,leadership,wbms_leadership,test
2848,b747e1390025239ecd7d043155f01b344a21bd84ac179348dd2469715e84372c,non_stereotype,goat_harmful,val
2849,20ca3f41110149fa4db6ea80e8442783cfa75911d396e98b4a4d92a40c4bd79a,working,wbms_working,train
2850,eb24174349808fdccfa7c46f4fcf416870eeefdba222a6865bf37f17f784e1ab,kitchen,wbms_kitchen,train
2851,166711b384a3c5e58712d5524c382e0a65327fb4dab5725ac6495d2aaa6b686d,non_stereotype,goat_harmful,train
2852,0ed4b5c0978f88b48634c9a4444f458c422ef5e3c973a20027e61d53ecc47c0a,kitchen,wbms_kitchen,train
2853,2e3dbe347688c7388a5dbbcc140e368e5094d0dd1baf950e67b4754c073739f6,non_stereotype,goat_harmful,train
2854,121cfb51c93dfb5b91f30033ab988021053399860e666c465e43494ceefbcbf6,non_stereotype,goat_offensive,val
2855,973944e5f53cd3ba97858de624abe45d0b098b156f9720395f8da43b0b7bf24e,kitchen,wbms_kitchen,test
2856,a800fae88774a4c1a56e063372f3ff9fc151647aaf3792b0b1f2431202be6428,kitchen,wbms_kitchen,train
2857,7b21ec4354cfbfaa306ee1fd9c80bb1245a32ccb94643602a60673af1b05f632,kitchen,wbms_kitchen,train
2858,6e61c4be4172a1ba914b86c134905975761726d176afdac17f85f9769ac30929,non_stereotype,goat_offensive,train
2859,07fe12f8e85975f83806db70d68d4c2461c3ae35ef4e3c6dcc3670c2b25e51bb,kitchen,wbms_kitchen,train
2860,4c86e7400481fde56d7d45ecc08c036ccac83e9e36d1b47c44b65ec99d66677a,non_stereotype,goat_harmful,train
2861,8a68edf9a096d43635942c4837b941305f8d5ef90485eaf48f31258b985acb3d,kitchen,wbms_kitchen,train
2862,e7d0cf2680bc6c9cb7b3b1d3188641d16078397692e51f96eeca11fa8c46b78a,working,wbms_working,train
2863,cf3ace6995ba0939d254ed415d1fc9535cb230aba5641db1489a81224d7e4340,working,wbms_working,test
2864,cb25040ac7566343e9f04542b981856c400efaced94c8998fe8c863604be1570,kitchen,wbms_kitchen,train
2865,a72f35d1287978a65a5d7bc63a23fa40b90f4711bf7d52ec2a44ed8c36e7cb32,non_stereotype,goat_harmful,test
2866,0b8df2e2ff8d5484806a4f706347be25735eeaaf1520121cfdeb0471cd73ccb0,working,wbms_working,train
2867,b3e4af71254dda8860bbac39b717713eac08e19e709a9665263377f7cf822369,non_stereotype,goat_harmful,train
2868,f6de8e643139489108df95c6822a1eb63bee6ea88a5c393861108bd5923b623d,kitchen,wbms_kitchen,train
2869,3ca65e027ee1cc08dcfb23be333607a742e067861ff4cce5f23dd7ff12583ce1,kitchen,wbms_kitchen,train
2870,af306087ddd870f900239ac16e5bb487730f2c5e87ebabfb8002d898a189d3ab,leadership,wbms_leadership,train
2871,d9913372625a6aa1642cae7db329434c027a279000fb1b1ef60539ba0727b71e,non_stereotype,goat_harmful,test
2872,c5f84d8af3e1527a93d03a3554115e55e0592f228c2023653dc919618d6cb589,kitchen,wbms_kitchen,train
2873,dfa4ddca7b1a5f79fa6c46025843cc4a30d93a354be935e47e6caafa4835dd81,working,wbms_working,test
2874,e7f1eea801b0c2417a86db1999730f5e3dad5e1aae91e4ed31d5a004cd531916,kitchen,wbms_kitchen,train
2875,8a12f600e553ae4b456141212791e0389ba59c53386789a1a7d930622f3a4436,non_stereotype,goat_harmful,train
2876,d7b0ab8a8e64ad17168e2e8c6078fe1bf8f116481a41f75df359f14cb9208504,non_stereotype,goat_harmful,train
2877,d43ca974011c6866fd01a524657025c28c4c9d00e724047e68e015b66fb3d447,leadership,wbms_leadership,train
2878,0dbb61e8ce2bf757b2ab1555fb24021e27cb99d66279607d688411ebbaa1f25e,kitchen,wbms_kitchen,train
2879,88fee9503291c3de14e7ede4f224f15f24d17cab7a0f8e564b716e6db54910e1,non_stereotype,goat_harmful,train
2880,f1760ed4e5937064dcd8a8b502502dcbf97cff32ba0ecbc48fc8059c893644a0,working,wbms_working,test
2881,01741de8447d059ba0b050091500d7562cb3f7576193c40cbd149421fe2f370e,working,wbms_working,test
2882,5b197e2ab06985ffed2dd1ccdbf502aec4038e6b232699d2ebe490088410db41,shopping,wbms_shopping,train
2883,e37264941653c2bc012ddcb4b2fc27f40db142d4e959660678e0fa0cf9cdd756,kitchen,wbms_kitchen,train
2884,c44dcb019bf14a7e815fb3e12a830449fef8ef8c8f19d79cc75be2c3f6f50297,non_stereotype,goat_offensive,train
2885,f7e6fa3da35d2d37a6f7e8695c14ba29675d88eb124ce8d3ec4d8db38d7f3783,shopping,wbms_shopping,test
2886,3032381dbbc310b4e9b9068ebf46de791d8fa74b99f946faba0cf08008c35246,kitchen,wbms_kitchen,val
2887,bf1f7af40f6881d40f230cfeda2b1701120d2588ed1b6e157cb9d0e89e88bcd8,non_stereotype,goat_harmful,train
2888,9be4b19afd60ff0e9326aff60e67cf903aa01d5e253d8a06036d24ba87e78ee9,kitchen,wbms_kitchen,val
2889,51fdec2c82b12870cc21d21f852ea250b7309a094032f39449e7fde677955ab3,leadership,wbms_leadership,test
2890,95a47a9aefbfa0e81a017489c19dfb8f6997e3b90a248dba46750109f728e71b,kitchen,wbms_kitchen,val
2891,a36c6b2d690adf05a12e582922621b4eceb4a20df294fc382d36807e5ed20f6e,kitchen,wbms_kitchen,train
2892,d0d241709d1fab7f815433107f49b272910d73a812882c3e7397295d3bc756b2,kitchen,wbms_kitchen,train
2893,cde04e088bd2e2b1f68b44451e7b178b8679d5144438109d1b8b30c1287bc391,kitchen,wbms_kitchen,train
2894,a7fb410fa5ccd05546b2efd7f79b1637d4e4eeec4fea289f402df1cedcef77a2,kitchen,wbms_kitchen,train
2895,0505993384e837e5039d18078036d6b4a4b70b48746d770a0aed947aed62fc89,non_stereotype,goat_offensive,train
2896,a2fba117da73123ec24b9c74156cfe0f50bc703bfb4cd6a96a1af349c35524b8,non_stereotype,goat_offensive,train
2897,51423adbc0247d3f7bd08bd0488e5af699753560283d9f3a62d1fb41578f18da,kitchen,wbms_kitchen,train
2898,a7d88018181dbc06deceb9742bde6b0cbbdd2ca5253fc9c73faedbd5536cae73,non_stereotype,goat_harmful,test
2899,6ea6448e1cee50f3969eb87e944d0216649326728035122ce27f7ffbc46c2a0b,non_stereotype,goat_harmful,val
2900,c1023e14c4b480031546ce6507cb5b0caa1756996d699e7a6f4f6c13646bb4cb,non_stereotype,goat_harmful,train
2901,270ae316ab42bd52bf524d1c04a5bcdf56fef5765d46d6741c5603d5e4c36e23,kitchen,wbms_kitchen,val
2902,6ecb04ce37e2a0eb7b0cd987b58034a1f8d526fc7cb0eb963a44d0ada7e0fce3,non_stereotype,goat_offensive,train
2903,516d2dae4f313ea8d7470d2714a7ec17c873d6f3dba756986099ffa03a61895a,non_stereotype,goat_harmful,train
2904,06a042ff257b091a95c02df3a8641cf8fc4d0fabd70c0b4245612328f69ebede,leadership,wbms_leadership,train
2905,0f5f06eb69b852f8b607e0a7ef3a332003c1be196e359903b10f53b4b11b6c41,kitchen,wbms_kitchen,train
2906,18abc9cdb53c62f23420bbe4cef754333fe42ffba105a8fd6452724e38cf8a8b,non_stereotype,goat_offensive,val
2907,0cb78d9b37078695b8ad3dee2c30c477dc59c1524513fb44fb29ca3ffdf36af7,kitchen,wbms_kitchen,val
2908,1c9e94345466b80b355604e659b417d0c19f5b66f3d627ac68b03d3160e3f014,kitchen,wbms_kitchen,val
2909,d566af844289e8973fc93f2d94622e3a284763be733171cae22cd997b15f9dc4,non_stereotype,goat_harmful,train
2910,d193a7bafd25c465aba5206b03e6c9a0f37abb723bd9a49dc2e926199af3c52d,non_stereotype,goat_offensive,train
2911,22e6839352cfae201ec29cda1b4e6aafe13744d977c64e9f886bfd1dca32a53b,leadership,wbms_leadership,test
2912,d4af5e074cff314ba01bfe5613fac0bcc07ae021cbc53a25000d63feb0b98484,kitchen,wbms_kitchen,train
2913,1da975976b050817826e7c3c79384320b6944fbe10fc135cc132c13f033c0d49,non_stereotype,goat_harmful,val
2914,936eab8934646d89958a514ea6b81a96c5bf073a6f4282da25d529d041e84406,kitchen,wbms_kitchen,test
2915,2562f7c0d7eb5edb7660d20e487b57af49237f983d1c477a1210c44e68edb99d,kitchen,wbms_kitchen,test
2916,f799bbf44a2192372c05e412533dc0e57a6df8c1de84a43d21414af3bc90368f,shopping,wbms_shopping,train
2917,a5069f87577dc6303543112467ede794c644336d46da5aed63e34bbe6c87ff26,working,wbms_working,val
2918,269584cebe73c2651d35c60e46faf17069743432de980de1d2c17e4b9756af67,non_stereotype,goat_harmful,train
2919,e09405ea89b671fdfe5283736847134b49dd868173f1ceec3ad3475fc83df183,non_stereotype,goat_harmful,val
2920,82a1b95f8151aaeb998d0797236a94e0abbf52cd73b5eeb34813797c86b1304a,non_stereotype,goat_harmful,train
2921,c3bd3013f12f14176a31f3e2121560bc6a15fdcb71059a26ea026a71f5912024,shopping,wbms_shopping,train
2922,b7193e03f67fb4ae02097b853d305e17ec8824da74009f2d95de316b3322b415,working,wbms_working,train
2923,156429d561e79703022e1c7533be899a26c04fac2fb4cb5f25a36b08f97a514b,non_stereotype,goat_offensive,train
2924,5f6f9b23714df92e2b4ed8f496e2cf3ec8075efbb57b1533e2a0051dc8371b14,kitchen,wbms_kitchen,train
2925,70ee4df6668c68a39d34395cf73a10a855242fabacb707045ec2f50215bbe89f,kitchen,wbms_kitchen,test
2926,ffa7c3ee1030053e3359f42cd02022c554806e0a41464bdb436554833083d376,kitchen,wbms_kitchen,train
2927,3f9ab52b9db4848e305e6930ac6d27295470efe39686969a1eb0c256720ca2a4,non_stereotype,goat_offensive,train
2928,2e7480ce2685634f609b33ebc2f8697c4ee5a62978127796e6970bf3eb0380e0,non_stereotype,goat_offensive,train
2929,cff8ee938701ba547e60898cf3005bb0d85501c798b414eaa97025eecf5edd07,kitchen,wbms_kitchen,train
2930,ec0703c17751e1b5ca4c45914f80fe52010a291781b90bc4159e2f1fa1d79e93,non_stereotype,goat_offensive,train
2931,eec5b5a9df6584100e07d7c0b9ca43124dc9d75a39765f93631a72f2ce84e738,leadership,wbms_leadership,train
2932,d4a0d3112e25b6894be77846d1ae3d4afb34543221e31be6617b0a27fc38bfb8,leadership,wbms_leadership,train
2933,9c65be76a8aea0213b450d42a351a9e1f792ab460c4c23836aacf98c9e105632,leadership,wbms_leadership,train
2934,37b17a3b48b622fa97efc82e505bf07ebe9d9b60b28d52c4995f43b75b44a7e4,non_stereotype,goat_offensive,train
2935,4d1e831a5d43f298ebf129e8ffef4115e194b344460ecc54377e95e81e11b69a,leadership,wbms_leadership,val
2936,1e9c424adf057cee6a8b1516d53463c19964515b9e2be66bfce45fded2d8ae29,non_stereotype,goat_offensive,val
2937,07e86a80f10e845562add9a067387828eeb054f3ee6bf0f5a073c96cb9206238,leadership,wbms_leadership,train
2938,174796ae3be9169925bd9f00a0846d470f792a61619338556cf6e8e78f764071,non_stereotype,goat_harmful,train
2939,50f2d9032a2f68aa0414c7aae90214e21678cfc2e976327af18ab9faa3add463,non_stereotype,goat_harmful,train
2940,0c7f7408257b78eff83940aeaaec0d5b2d13f5fa56b1d7efa0958d596404e991,leadership,wbms_leadership,train
2941,fa6518a546be516205c01bdae35812b343032f13edda472b303cdc552b6ec26d,kitchen,wbms_kitchen,train
2942,10a0f605d607f55ddd43e78bed7a3fc80a0c9676f6333a9db0c3435029d2b872,working,wbms_working,train
2943,f375d8263a72041759d2489631e1b63868afb2390436cf3f0afe2e96523e0824,kitchen,wbms_kitchen,train
2944,36780a357fdab83dbd9a1d17c7484818227fefe00e409387fee7ed14f09d6445,non_stereotype,goat_offensive,train
2945,71f8f7b3c3645f9c47fd62644da0f220e5bf01c2b5d496f653b86cb395245c00,non_stereotype,goat_harmful,train
2946,22fee537d92e625b5a09629e427f6ee3c2c5e164ef457ed332523775f4e9c37a,kitchen,wbms_kitchen,test
2947,7c12f8fc269bf6a4b2779eb42e44ef0df052d5873d849e0eedc7f9a6f0088ce0,working,wbms_working,train
2948,4dd0262dc7d25e8ac5eba8c1c8378d5ebfa32e99603c3318ce207e6a1b36c41f,working,wbms_working,test
2949,88f42466f5083418ee5014d37c5c91781f782a94cf325b9331396787380f28b7,non_stereotype,goat_harmful,test
2950,d8b1e8961dc37ef1b97b1c12ee677473ae51bbf81b9ee2c6ba1453f9f6e096a3,kitchen,wbms_kitchen,test
2951,6d3ce22f2c3d139a65f7d8eb0263df4d2b7a288d6d7e00e641be658dec411b1a,non_stereotype,goat_harmful,val
2952,b02674c5f8fc08b65bd516197e5724b5beab559b38e0d21d5573933b7680a651,non_stereotype,goat_offensive,train
2953,b603f3f8a13440ccc150f89d5655e2789041edd40c20dd4c2eed5ac6f5a3a5ba,kitchen,wbms_kitchen,test
2954,557f70946df005c7e0e39f1f546d3864bc62f688f34b5f1dd1b9d247bccc04c7,kitchen,wbms_kitchen,train
2955,79d9f3e795d2754a41f7636bed23f638137c887bf6b8bb945ffdd3b774ec28a4,leadership,wbms_leadership,train
2956,c38c806fe732291848d6cfa66bd52772c2bab73c8cf03e69ccb689a32d8875f8,leadership,wbms_leadership,train
2957,0a169632bcdc8739dbae924b3d5e1a863b1e2810a487131b8f7ea3a586f89578,working,wbms_working,val
2958,3dd2231556bd9d1e9752aaae2ab334273751f566016ae4a0c9542b6d1490009e,kitchen,wbms_kitchen,train
2959,83812df8a6660a559f4cfc97898b79b689cc156477a803363deef3c64a658971,kitchen,wbms_kitchen,test
2960,1d918af8a106fcddc57aad9cb840abe9575efb984e1e148de48ed24ab7688851,working,wbms_working,train
2961,a6af79e405c168d7ec063420a1b561dcf2144bea0e661f14bc3180bd22e45a09,shopping,wbms_shopping,train
2962,6d7dd902195759ccdd9cd9b61df00ec4953bb77a2b1a181c1662456f86808eb3,non_stereotype,goat_offensive,train
2963,0009e36bca2cf75ffdd9dd8aa34df93e897f7b9b3707fc6a3cf7dfb8b3a61fde,kitchen,wbms_kitchen,train
2964,0f1eca7b0a9c48715c701bce870af4b3e512784942379feb0594152c23ef6455,leadership,wbms_leadership,val
2965,e0e97a8ab1b6b31a819f5a010eb362bfa5d9796aae90cc2526aa765d220780d1,non_stereotype,goat_harmful,val
2966,cbc48f7018d186fa35169e84532cde77c9f753ae3b61b092a587b38b479aecc3,non_stereotype,goat_harmful,test
2967,c46ac8772cef0260b025d9df8075edfc3e729d16c9f4db0be51ed31121b45fa4,working,wbms_working,train
2968,11b10227f37ae34c534db7c7713203e8b975e5c0a679714fc2cd1c637e19080a,shopping,wbms_shopping,train
2969,5b49c53e01b8287522cc6d509a1c16dbf075f98181634c4ad24d960b1e131cd7,non_stereotype,goat_offensive,train
2970,78524c6b82085ad88ea44e67919472223117d47beae56a7e5dd5132f85f9a56f,kitchen,wbms_kitchen,train
2971,e1ec20223651a8b577d9eaa1669b476f9c70cca636cf89697adea472afb763e2,non_stereotype,goat_offensive,train
2972,58a8332032d58e66860043d249bff0ab521bf0cf662ac782162da617108708e2,leadership,wbms_leadership,val
2973,ca0a8699cffe0c15c31e75e5e6e815cc95f831df8553f191762959d5e31abf44,non_stereotype,goat_harmful,test
2974,5eced34bffee1d1320e17fa9837d049ba99bc609582948c944d7c238d17baafe,shopping,wbms_shopping,train
2975,0858ad62dd207f638cc9be2e15db7a35b4f6d4d221bd96afe24a2fe7cac130da,kitchen,wbms_kitchen,train
2976,5e0e5f62015591926f6859e1e653ed2701b3e769bbe830c11a9122eae9ea8f11,non_stereotype,goat_harmful,val
2977,80bb98bb6a1a0aeda7165bf3b93f2551fdfa9072ff423af412188d8a9ea0a498,kitchen,wbms_kitchen,train
2978,52dc9298197599b2ae29d5bc0381336ebef177ca3aaddececc737d0988fc593f,non_stereotype,goat_offensive,train
2979,93c81fcf2dbd6ebb38e39029ca21930bf362414f8077c8e50e168bae87e695e9,non_stereotype,goat_harmful,train
2980,b928318e41346fabe4a4ab5628e1c42400284c1f988ad35d85346fdda798122b,working,wbms_working,train
2981,4f9232fbd412f94e7df87b3baefd8a42be646128805a49b7e3c2d1d88519c5a6,kitchen,wbms_kitchen,train
2982,af192a35eb271b7e82030e899466ab9174f153cfd20849d3b433a7b84a59923a,working,wbms_working,test
2983,177fc5ff8ece1abcc039b29e96a47943391a8ea126577baafab92bedee24880f,leadership,wbms_leadership,val
2984,df491c51786e6e42e91e33929a536ab6dc439c41c6acc8b451048462804d864e,non_stereotype,goat_harmful,test
2985,50e6403bdbb525bb0259881186cbfb09da3c56036366faa97f19c2ceda5cfdac,shopping,wbms_shopping,train
2986,d074bed81f9112b7ea25555ef75f3cdd32c1f2b93514e833e08328e6e09b601e,non_stereotype,goat_harmful,test
2987,19542c1c207d48def05fb89fbdf05fd5701882f87221165615940d23a125f5c2,working,wbms_working,train
2988,ab30e66d8c5319552dfba67cf498b77bf025be3932afbbc5cc6021bc44e26a28,kitchen,wbms_kitchen,train
2989,9d2f3f74c1179e90a094582bfa9e4422b671dde3d5030e63a15f007dae673701,non_stereotype,goat_harmful,test
2990,eec73cc06ed4bbb395f31beb43a049e8fe329eaa237d3b5faebe5a936dd99cd9,non_stereotype,goat_harmful,train
2991,c13bf15759c8f0aa1513b1f33fb1c9a471bb92ddbc7f937c1a722f2b3a8e9429,non_stereotype,goat_harmful,train
2992,70c87f62c993680443e5b7de0895f1437b2179758244424bdfe0639dd17bf45a,non_stereotype,goat_harmful,train
2993,d007f3b50f9685630dbc7ab844c18fae605cd3f3ae138ec65707936532d57f7a,shopping,wbms_shopping,train
2994,c40778e9bc9437a0a15bed41c8c2f8d62956d82148553f4fc13bcf32f63c0c99,non_stereotype,goat_harmful,test
2995,87be896e84adb3d8f417888b81aefe3b9449b335b8bd6eb30fd6750e11c3926b,kitchen,wbms_kitchen,train
2996,491ef41f775a54445e22892b7779cefb2dbc325ec5bdc5e5ad564d456099a8f3,working,wbms_working,train
2997,8b83cf7d17d6de1851de2d657c0162e5fc857127f0e9d3a54e7276a9d5586527,working,wbms_working,train
2998,637c59c07b2c7d270162241b1708d38696db85a983f4aed790fb6ef10f75f612,non_stereotype,goat_harmful,train
2999,15dbf7ca31d74f614122f160b138f2bd3ec0715ac77a548c2f40bb20a813bdf7,kitchen,wbms_kitchen,train
3000,b46d97c014dc9e49fa82ad92ccbfed06e825e4728d2115d777460cdb6798392b,leadership,wbms_leadership,train
3001,967462e5d6462b20a0d5e4f8aa661840c3b79b3ff5d2af3bf2b5e3a5a8d90d79,shopping,wbms_shopping,val
3002,bef46a5e3c2f75fe410d756cfa3843d1990590cc0366f584c7c6c24c83782da5,leadership,wbms_leadership,val
3003,0c57f9e64c42a3d775f1e600ee836fe11168b298115119e55c3b4e4409d609e9,non_stereotype,goat_harmful,train
3004,b851465777510b3dea3ae5b5113ae6f7732d5f5ba0fb006c4c27e7f1fbaa2c90,non_stereotype,goat_offensive,test
3005,a0d92178f385f95b247f2fec11543d225f0fda4a24a5480b84c8be3c0b7ba0b8,non_stereotype,goat_harmful,val
3006,b3af35ad00370cd9040df9e507dddad73e269e9858376a5659dc2baf7771d524,non_stereotype,goat_harmful,train
3007,dbb7439b8034bb0517de8d86af88b64ed12428152268a0530eedcaed01302fb9,kitchen,wbms_kitchen,train
3008,787e8a4a48c24dc7db04eb62cbc1989425eac6c79d0a687f44a481c1d917b496,working,wbms_working,test
3009,950ae3c0ae8a159dc9465b632683e28957ff6c4679821b32dc53360036060d87,non_stereotype,goat_offensive,test
3010,2acda58b9d8c36b7683d18a8ba839dec819eb843f240b7ac65f591a42e65331e,kitchen,wbms_kitchen,val
3011,46eeba59e541eb3c37b342bde9cb7f6579216d65a9f602b56c1db5dac030255e,leadership,wbms_leadership,train
3012,6e2daf9951d0b70e062b17db205853042fd3eee388405e162056c8eb27307743,kitchen,wbms_kitchen,val
3013,c8a2ffd499b652f2cc256d55fd371c46f0c9c67a1bbba4540f27a67b9f82a50c,non_stereotype,goat_harmful,val
3014,215e6cd3c44835156f7267b550af2d7e70298141db91615ef1af2188655eed2c,non_stereotype,goat_harmful,train
3015,0d4468c52e4a5b67aa6211e9d95ca0a8cde4fd33cd9c5547a9a9cd0aa6e349c1,working,wbms_working,train
3016,13c5427b2b3d1b76cb79da27de7d61ab8045de22d5772023f0f26eb6677fc6f3,kitchen,wbms_kitchen,train
3017,58452f8c85de109b3d9449c37822fb6aebe394b224f249426064f591a93cbf35,non_stereotype,goat_offensive,train
3018,e70d3eaba072b93f3cdc5fce30a779cb452337b16779c71f13a2b0ed78a23086,non_stereotype,goat_offensive,test
3019,70511950defabd6ec687952be975d469438edb2bbb5c8838aa8d367e7be295d4,kitchen,wbms_kitchen,train
3020,c8ba78e608cef47b2a92a3654ab35a956b887528313173f32b6a02c571dfccf1,kitchen,wbms_kitchen,train
3021,bb414fbb0051a7e3da4b6253ab263a05959f08380082492151f468620c79ce83,kitchen,wbms_kitchen,val
3022,0be974d049e27b78eb7630c5680d025b2aee4513125400a32f22c5cdec747c91,kitchen,wbms_kitchen,test
3023,aa91feedb785e86ed0fe2583ce710756b1c691183974e21770d4631f079ec44a,kitchen,wbms_kitchen,train
3024,ea21c274880beeadcb1a55797ba93d2afe7972d1b0904433c557393e746e37c1,kitchen,wbms_kitchen,test
3025,0bfa6b6590e0d9a7ae13ba54138dc09dd1b352a820d4e6bfa910dd6de276c21f,non_stereotype,goat_harmful,val
3026,257fbcc50b6a573c2c69dc799d0d84c556978d90703ea1059fbd636d68443ef4,leadership,wbms_leadership,train
3027,2f4b3ba38b497b5b01c9ff1b9bff561753bcd9d51ab0911f5540a6800471ee97,working,wbms_working,train
3028,188b79b0e6aa5d35f5e2818cd7644ecbe4a67a92b4839f39adc54254bf367b5e,working,wbms_working,train
3029,2794093b519ee98d306af9a8cd766ff28fc0316c2b2b484da73d4b18f2c7eee5,non_stereotype,goat_harmful,train
3030,cc6ae189e5c45f0f4ce4b048a662007b7e5b718cb77984fd98e093ac0191f248,working,wbms_working,train
3031,3a625eedb16f77a7385737754978390efc9711e57491c6a90ced407386486047,non_stereotype,goat_harmful,test
3032,204fb4915a1f792bd2be0651ece970a4e01a9341c5b11d4b54631ff73220a26c,leadership,wbms_leadership,train
3033,588e2ccbde71c6a0c0edf1fd2c973a64c1fd68e766cda09df5dedebdb60effb9,working,wbms_working,train
3034,db39e1d740a033cf51c07273c6b3bb751707620b2bbb9bb217b844609e9f725b,non_stereotype,goat_harmful,val
3035,b39fb4c0225b049b5f31817302308cb72d842b0a9fb8767caac307b07b44c5be,working,wbms_working,train
3036,cfca29ad8642fd361e14db8cdad99fc7ab450f9d5833a06013208d2a5aef11b6,kitchen,wbms_kitchen,train
3037,e259b782f65133033f91a42c60a032ff316080eed8919fbdbe4d9ab89103284e,leadership,wbms_leadership,train
3038,ce79def4f1083d79ce0b343377bfbce7c8c42192f0e89d3d4139fdbfb81d1592,non_stereotype,goat_harmful,train
3039,360188e188b9c554f5984cf13b1dd65eaf96dee4b9a31d434838842d41f53988,kitchen,wbms_kitchen,train
3040,33f1397a609c18b8a6e154a3519043761b471c561c5181b4e2442def92512a18,kitchen,wbms_kitchen,test
3041,a07173c07acec81ad1f065ad2ff484f9824a9f9a3bec8ebcfd554d50fdddb320,non_stereotype,goat_harmful,train
3042,71eaa066962c4a4a7b0d20d8c55159f2afca7659e30a67827a1a98fe77b7bde9,kitchen,wbms_kitchen,val
3043,bd5ed2cf65336e5488fb896d30753c5d90cd150cdcfb3c44fb2435883334bdac,non_stereotype,goat_harmful,train
3044,c51839a7907664b3955ed74b737093de5bbdc3ad2e097f3792eb7828210e7dcb,working,wbms_working,train
3045,bd26a3bcf7972318d74d46e970ac33f5d9461641659784e333d527b5712a5407,leadership,wbms_leadership,test
3046,5d9f163082c7c1d205635e116c00e1f208e31144de21f2f1429802634f573d62,non_stereotype,goat_offensive,val
3047,2ce324f5c4ca389e76981fd584934d20f1d5a35ea1c729069d2f80914fb7d955,non_stereotype,goat_harmful,train
3048,5f4afb4213bc3ec43e186ebf592004647c5ebf7c9617f3aceea6ea3b5b7d61ae,leadership,wbms_leadership,train
3049,8b5f16130f2e2c395183fde88245c171b31f8e5924afd018de02ee9ee5c1b225,working,wbms_working,train
3050,f95a262c36fad3902ad955ebe8d1d018099812983ea42343c5234bad1f3007a4,leadership,wbms_leadership,test
3051,e8f832fc2bf659125fb408f2dc5191eca09c3c2665683d366a1f211f0186b3f4,non_stereotype,goat_offensive,train
3052,df30c7389c375b6ea0db0b0546e5e1896df2c70e6752666ca42bcf16a88edefc,working,wbms_working,train
3053,017a123c5e72207db5e72a6294633c74c949a675ebc7bc02010858b98de8c4de,shopping,wbms_shopping,test
3054,3c73ecb7f537d0c2acd655a6e21fdff3f656b25c666bf3215b744df8242646cd,kitchen,wbms_kitchen,test
3055,06d3541a50fdaba02cfdd5c009302eb60cde6693ebd195e4792a198ab0f43f00,kitchen,wbms_kitchen,train
3056,83d98d072add9f9b56e8a4a6cc045aec5c2950945e1c462b01721234f83210bb,leadership,wbms_leadership,train
3057,b6f5c3e907b2b4c4b8c171dc46da1bf6d607b168446283e57add08c9610ed2a2,kitchen,wbms_kitchen,train
3058,8c4ae7fec8c76c6f40b34c2a769446d207f13b1adee64262047a1536efde6dc8,kitchen,wbms_kitchen,train
3059,dba6f2d853a28f8be4c0e4fc07d9573cbc81f01ce2e51aee5cec136d9eff8031,leadership,wbms_leadership,train
3060,0a985be437e36189d35da60dc8b9ac704b7dcf583dc93ebbe395766e08cec61f,leadership,wbms_leadership,train
3061,8d950eebe55aa8343edde631519282bd45edd41d83391dfbc04880127ff8265e,kitchen,wbms_kitchen,train
3062,656902b8464aba6e7eda88a4ec82da4922a39db717c57e8ed06e2e6c7d14c7af,leadership,wbms_leadership,train
3063,b4def59cbb9431eeedb6cb4ab3a9fc9bdd42fb974db7573adb2fe04db49c0cd2,working,wbms_working,test
3064,92bcd61f80dab34f896ec6fa4abbc94da6b7de13b1272801468e5cf80d4c5a93,kitchen,wbms_kitchen,train
3065,a4e750d6a7e5bea9ab95e586bcfad8ea855193a8243ea8f829fc43fd2958e95c,non_stereotype,goat_offensive,train
3066,fec007f8dfa7928f1dcc141a145e3d34225632fe8d7116fd53f1faf4b629f3d9,non_stereotype,goat_offensive,train
3067,fdaec6532ce32c1c271a4373ea6eb5303113d7919150f58e69f853732d719da1,leadership,wbms_leadership,train
3068,c0f4161cfe52e0fe48013e3d028117c79bc3c33a8713b96a9a5447ce2870cb54,leadership,wbms_leadership,train
3069,612a185679613dfbc1e0fc6b24746d83a3a27591c6e7fb8704bebd37f5ea9f53,leadership,wbms_leadership,train
3070,f77c03a6df2443b665e7c40f174663565677f3cac6331b8c6228555783e3abd8,non_stereotype,goat_offensive,train
3071,e090d3c8d3536ecef2e59d02778e709f9e3df2d1f37b56f502dc8bca48889597,leadership,wbms_leadership,train
3072,aa13c1e2b914891910ef4102ce12dcc38ef14e266a96222f989341f04cc8f0b5,shopping,wbms_shopping,val
3073,2e650045092b6dea95a1565f5b59784c40b75c7391a3e5ca9109e5c7f0a19a74,leadership,wbms_leadership,val
3074,1dc98a12949e99491182105e541d6e93e8dede5956b3bd07c8759e85e9f27089,working,wbms_working,train
3075,076885ca9d0e71ae6023f38e9e74b300a212c38ce3b02a158f32206515335040,leadership,wbms_leadership,train
3076,ddee6a9dc3a5c932f2f2b35d71295660d376224e562308314533a8e12e3b605e,non_stereotype,goat_harmful,train
3077,508194e504eb975180d966ab3c90db4fc9f480a341dae44087748567fc575d38,non_stereotype,goat_offensive,train
3078,1f3404f03c48be108020ab0ad0856dd0e88c86a47b44e9b4afa617a81cc0d90e,working,wbms_working,train
3079,419c32801234f309cabd623c7a4dbf9c65086504bb03562a5cf03b180bc0826b,kitchen,wbms_kitchen,val
3080,5a10bf006ee3965fdea3a68e6019350b37382dc27609e0e1718f95db09a82461,kitchen,wbms_kitchen,test
3081,a0eb4dc25f1874906286659a3fbef45536df692a5e9697a1cd5b5e6621e0ed19,non_stereotype,goat_offensive,train
3082,e6e4dfa7d11372abf98ca3db54041c6f6cccfa53c1ed7bf793447dc77709d389,non_stereotype,goat_offensive,test
3083,76a31e77d1bed5ed5d378355f7d407966a35f564d017030b30fffa2f26dd9c66,leadership,wbms_leadership,train
3084,45b984f506c8fee2a3966b7c1691d9899967c51c38b76c336215def41c204364,non_stereotype,goat_harmful,train
3085,044ccb9390765baeae511821e9c2106920c533515c05a1e4cf3f50d36ce12167,non_stereotype,goat_offensive,train
3086,3f3bba04f1cf12fc00308cbec82749637e45d776caa1e68ea8693bed670aca49,non_stereotype,goat_harmful,train
3087,d325d6a7bbbd7afb1e16b8d923adcfe5abf1635867c036d250913eaf82f72fff,working,wbms_working,train
3088,a02da29a03068e41c70081431f6c9cf9dd1628bdb69d28674c4a036bc2cf244f,working,wbms_working,train
3089,20cc7a5e21387635c3075897417aa85fd8ecf3bfbadea732232a3cdbb1a1a619,leadership,wbms_leadership,train
3090,c60562d47a57e28d1f47ce9fd4d8dbbbd791150671360f066c59a237d14726a8,non_stereotype,goat_harmful,test
3091,ecab3aa85810b91c5a8b2b4cae3aa56416b459a0a81983ec0d85341e127dc699,kitchen,wbms_kitchen,train
3092,a69926eea6496ee99aba2210b921902f88a24bbb8960a6098ce22dde0b5b6e52,kitchen,wbms_kitchen,val
3093,c9064b21ded191ecb811b737f385776ab5f8551f80bbe1c0527546bd6711fba2,working,wbms_working,train
3094,6fb2e07032b40af581241952d0b7a75827a745eb7796741d5be7f3a70a2e6980,non_stereotype,goat_harmful,test
3095,a07c20ff7d51d7a19fbc25dc84d837e06b0f866042aafb512404fa3910857cb9,non_stereotype,goat_harmful,train
3096,217232449f0c5999f1d698a3200970195a8390d723635c0ac20b139070575580,non_stereotype,goat_harmful,train
3097,60bfe977067e5f542d4fe27a99c6a1565dda0d82fd884337865bc6b7ac515c1c,working,wbms_working,train
3098,9f0595684f03bcd902180f6bd9da72a08987f4a476f254ec9952357b9b1020c6,working,wbms_working,train
3099,2c6ee3eafb50f159e7435755006b04b67a90189e5727f850d5a78564a8c87065,kitchen,wbms_kitchen,train
3100,5484e284132e0d93b554e84293059a55759ae68c752dcd14cd5ec58c802ed313,kitchen,wbms_kitchen,train
3101,e81fc2d3d56d341212a684d8301efed11f1e00aa5c72b2ee3378cba46113671e,kitchen,wbms_kitchen,val
3102,9c77c91e6eb3fc13ec59d90de57c1edccf3de2139c1393c0340fd2344de35943,non_stereotype,goat_harmful,test
3103,dac8298ea57814f1a35041cf0fd5fd75495db0b18e04a322ef377d586064c865,kitchen,wbms_kitchen,train
3104,95745bc9c965ebf67200a924f4098dc6a61bd5e056e693f4dfdf0b3fc1b10529,leadership,wbms_leadership,train
3105,18e321506c8b236ff357368f0a2117355a1c43f4602a4b3c4da3bd53fcc15a6f,non_stereotype,goat_harmful,test
3106,69d87873db904c358a05f7c834474a053ae22635843020baec67c4a70b613865,working,wbms_working,val
3107,720787bbf6659dc027186bc9dd8417f2c99c8e21dc20baf2ca08dd84a900d85c,kitchen,wbms_kitchen,val
3108,26a7cd031cd114eec3ef70d801eeb6c2255312b08967bf0fc6d0b0b7c251ffa7,kitchen,wbms_kitchen,train
3109,6e40fa95fbc529c16cf8d1ca31164945c4c26501b8fe9ffd4f6169f5f7fbbc75,kitchen,wbms_kitchen,train
3110,78dccc7565d09ebea4a6aa592a021cd61181ece62f352c996d143bdb6147c085,non_stereotype,goat_harmful,train
3111,a6cf84016dcb97161e19e12ef2fcc61bc7cfe1dacb760e834deff7cad9635587,kitchen,wbms_kitchen,val
3112,d9a7fb930705097375888833dd02c91a3db0802dd5f0d876f524223a561fa9d9,kitchen,wbms_kitchen,val
3113,f83e67c17abf07673c6a689f840b452d8f4c42e065f3780ceb27fde9a57e72e4,non_stereotype,goat_offensive,train
3114,1678d7de926ea0bc9fe4a44d53a8def2143c8633d716042cbde576bb852ec5a4,non_stereotype,goat_offensive,train
3115,16afc1ff9920d6795143e130df907cf136794f840da3d2e9cc40e3ed44c30c38,kitchen,wbms_kitchen,train
3116,c87fe3993e35e12246ec040e3774b6a8714d694459611653d321c35e26ac3d5d,non_stereotype,goat_harmful,train
3117,73eeb13290368b2481ba545282244a720877bbe8a59f72aeb848792c1dbda9f7,leadership,wbms_leadership,train
3118,3ed97808ddc820cdd07492a997ad579acf8808c190fc81c3589a71fd428fb958,non_stereotype,goat_offensive,val
3119,9557216aa012e09114102a854277901606f4ae57c4ed6e65fed90ed99db6eb68,kitchen,wbms_kitchen,train
3120,0b1b85351c738c0b4ddafbbdb865815c7086e784d9af88348d25850803a6eb7d,leadership,wbms_leadership,train
3121,e0fad3f54cc34d4219073db53d3947ec8198d33838583ecb8f549d2bd5470b92,non_stereotype,goat_offensive,train
3122,7ab634d3dea429fcc13451afa951006e86a487eb2acffeccbfdb6bc9806a9858,working,wbms_working,train
3123,3778876c4679c531015d00e76d48b1863da9ad14d2d9656e6fcafe2773914fa2,non_stereotype,goat_harmful,train
3124,f6238e2f3d086b16f6fdbdc7b00c0c27535ca039213434da0ca3d02d8babeeec,non_stereotype,goat_harmful,test
3125,066db8832d121d0bfc3e9721eb5e6dd047e6993a18f2c0dcd143d474351c7466,kitchen,wbms_kitchen,test
3126,ee07a2c1b9de9522c42f6baefcb4e2e68066b975ec8f32f59fa3c8c7a4aa344b,working,wbms_working,train
3127,e17d27bb926b57ed2898bf8d8ab1bcf83793885cfac97cffebe3bb2bb6edbaef,non_stereotype,goat_harmful,train
3128,44ad99fb389662e950773792c37e0ba5bf036084fd4f880bd9a083b5b82c9936,kitchen,wbms_kitchen,test
3129,f0bab6902a33b5a17738d7d139e9ba0e0b894b8c209c3932fb27c0c2acf501d4,non_stereotype,goat_offensive,train
3130,eab9c9b5b37f14a27cb63d1cbe0a7e2dbb6db3282eb2cf7beeca62e7e95794c9,non_stereotype,goat_harmful,train
3131,0ec2966ec084372f8d72fb067e12d75b54f62e768c94b759cdbee811f066be86,non_stereotype,goat_harmful,test
3132,3f305a5a40c1f412083fdeb5713d4e4ef471a87ea2406430456f16fa37048f60,kitchen,wbms_kitchen,train
3133,6a0436dbcfa8851c36ba1b915ed877af583cfe56079ca5ea892dbf28ffafb509,working,wbms_working,train
3134,fd1d9f3df711b4bb38ace27996f89e5518df6eb861bdbf59484711717a57f77c,kitchen,wbms_kitchen,train
3135,9a91fd0a4e89bc2b6792b5076043c832510b2761261f58a01ec07fa884a29056,non_stereotype,goat_harmful,val
3136,2966fd07c5811bb5f7e5cba8984b396d5ba5852de1c886a0d270db8d3c83b0e4,non_stereotype,goat_offensive,train
3137,a0555bfc87c49a07c73a9d8508d17378c8be658efa01b07d50cc724b8f1fbba3,shopping,wbms_shopping,val
3138,d98f44012238f1cf2e3d3995b6cd745a40be0e4cffcc59a85c1361a04ba44a55,non_stereotype,goat_harmful,val
3139,18fdb8ef0af64835ecc8902566a9aba1e2e689758079e571ce239bee216cef88,non_stereotype,goat_offensive,train
3140,58a9111004fce84fb14da45fbe3ce8f70c3c2d18fb231dcc26f7497a796c4a41,working,wbms_working,train
3141,fffa810c3a0756ed67e5816b5cf8eced1381c512b984222a8de513758ee3ca5b,kitchen,wbms_kitchen,train
3142,f8140e39d968ce92e4fe89f92824f59902d92378165d791c29c3849050654962,non_stereotype,goat_harmful,train
3143,3c9f4cbb4198df047d04b590305dc5f05c69f1598ea905e17852a505d5483c57,kitchen,wbms_kitchen,train
3144,9e8150768ee59b837e4121f7e17123de51cec380630a1d0b6458650c1b412cc8,working,wbms_working,train
3145,9b5a7d919f27769272f5b493f58d9c53ceb8d9674d56f3fe23859f76c3b2ccad,kitchen,wbms_kitchen,train
3146,5fc640abd8885fb653073e4bb335013df6c0dfcc34150f80185c56872c377b77,non_stereotype,goat_harmful,train
3147,4d301ec01174230fff61cf9432eccb8d44cabd88c3bca75c02bbc9d0086d685f,leadership,wbms_leadership,test
3148,40f16dbfad7cc7a1814d5c98cbeb972382d9c952686d07f7cbeef4aabbf5683c,leadership,wbms_leadership,train
3149,6cfe38190adb7413d9a0adb7c75531b600b0a3b58eba8d3b361f1da175367956,non_stereotype,goat_offensive,train
3150,c27f1ba4cc08d9c62d95c7e30bb0cdb722b3cd5c0f45fc4f9b5fe7168f5d36ad,leadership,wbms_leadership,val
3151,042f27adcc971fc519b2ca4e1cbc935e466d2d0eb4848adda8e789153f4e0823,non_stereotype,goat_offensive,train
3152,5818313f6ed80838ff3207a85f093992dcc06263b766115dbb8fcebfac5dc89a,shopping,wbms_shopping,val
3153,caab78fb80ac7714f2db690c9fb41105a867a20f4f8e346b34bd329ead9984e8,leadership,wbms_leadership,train
3154,fe7623aa3cde3828f7c2fccbe7a83abc1b4310927f712c97a11feaeac9350b42,leadership,wbms_leadership,test
3155,5e52ab09caf75667bfa669193385011c3e348b2697e5505b6af80e0aaec50f21,non_stereotype,goat_offensive,train
3156,69d9f118c4cc2cfb317ab0fb323372464af8659192971460f48788e06b725ec9,kitchen,wbms_kitchen,train
3157,3f723533c09561d25623a829b63dfe4495e0904c7abc91b26d95093e4b5eb0cf,shopping,wbms_shopping,train
3158,f43984d67d87cad41341557ea9515cdbd171a9dea14622456ca906b5c58d2a19,leadership,wbms_leadership,test
3159,cc391b41948bf75f199e36023a092e4986d3c4e972c7f31e8dc3b3a3ab23ab2e,non_stereotype,goat_offensive,train
3160,324e50d22437b5b0c27409c7f74eae8ec6005b1c79be22eff53d2924581641a7,kitchen,wbms_kitchen,val
3161,08411698b853e55a02f0c6ff72c7f2336b815d517ba42948e8d6fb2814af9d9b,kitchen,wbms_kitchen,train
3162,2e7962c7af2709a9736fe96fc090976aee43ed5e7a69f652624e0853f6e11a5b,non_stereotype,goat_offensive,train
3163,d523d4c67a5a61cb19bb135f7233b5f4a637d98a4b1a5d203f4f496186a1d3c2,kitchen,wbms_kitchen,test
3164,5be514a234d0bb938d82e85f14c68a0376df662aad4a41c55998fb5c6cc0c9ac,non_stereotype,goat_harmful,train
3165,0bca4b0fa988c033d63290a7db426619017d2e5783fefd94122fc070ba7c399c,kitchen,wbms_kitchen,val
3166,783f8523daa56bac07dc8ae449da520bc52e53a4448786d570f59cd1d3669f1c,leadership,wbms_leadership,train
3167,d2c1f668c457501a2d1bffdaf43062db9bebd933dd3f9e752438661f84f70c9c,kitchen,wbms_kitchen,train
3168,80b21d7b623521b426806cc4dd7e07d75e27e3506ae873ef378fcb394fdd2b27,kitchen,wbms_kitchen,test
3169,3029c225e48c8c0d2944bd3c201c241e0a0840f2c95ef3989bc68f9e766b4b19,non_stereotype,goat_offensive,val
3170,affcf06378e04c56aaaa4d9cc07d0c767acff124e49b0dabc5d52775734095dd,non_stereotype,goat_harmful,train
3171,2f5f7c276e510870e0792bc5c3621e0ba4b0892cefadc73f3f1031e13dc0ed0c,kitchen,wbms_kitchen,train
3172,ff9b27904afd1ad3f4a9c75ee71e9395b1fea1d3e9b34f125ce0cc7c67091abe,leadership,wbms_leadership,train
3173,b4e70d6d53320126327ec79090b8aad4eacc4137efabba42ebf9150365dd7fc3,kitchen,wbms_kitchen,test
3174,1a2ae37099f42738e871e3d912c67a7bd3c46bb6e830e548ff6b454ef858b1c3,kitchen,wbms_kitchen,val
3175,aaa73b66fe4280560c9923c9a2f2f72d90f972f8af78e0a58dbadad5d243dfa4,non_stereotype,goat_harmful,train
3176,d0bd1b055452afa817b44d88ba571d96cfd1168147894a4b924199c7a9214b10,kitchen,wbms_kitchen,val
3177,275c919120ea2420a34e6561540d8019a9629dc5fb103e3791baf37b4a0ad318,shopping,wbms_shopping,val
3178,21334858ccbcf956bf58e083122036b512c49695770700ba341577aca3f7aba4,kitchen,wbms_kitchen,train
3179,ea634dc9affa59838f7179d5c73850bfe9a554d64689188caeee6ff6bdf17e26,kitchen,wbms_kitchen,train
3180,2deecc0e2618dd584edd9bf75b4af207a3111af35354bedc11f0ee7861099899,leadership,wbms_leadership,train
3181,cac2da0a63f2cca8d9d2056b15751fb09c50d1c9055a9a9f324c1cd36f2b428f,non_stereotype,goat_harmful,train
3182,9ed284459eb7e02665c8aee0e9f8b8ebff0a280a7e2ad8396a8e8baad53b81ff,non_stereotype,goat_harmful,train
3183,d38ff4fb2032c96607904d39133ad67f850b4efcbc7e9cf77b83f9ad051bcd49,kitchen,wbms_kitchen,train
3184,34e88b2c7ef10719f994015e8aa4da91c69cddd9198753ac760dd94621af3139,leadership,wbms_leadership,test
3185,d1c2daf374a9e9a0b81cb053126ee89611c3924f3bc7d932d3b0e069bad8ad30,leadership,wbms_leadership,val
3186,d29cd6c719fc827d097d35a7ee7611d23a513afee11dbf3b22f40a104434122c,non_stereotype,goat_offensive,test
3187,5ea93ccb9df8d68936eb7986f57c5927cf3cbc2bdd1bc4d929db2857fa833d7b,kitchen,wbms_kitchen,train
3188,04000c88e6109abaee92c10bc02ba0580f3dee265bd3adbce642796e923237fb,non_stereotype,goat_harmful,val
3189,cff48faf3089e0f9e6a4b5ad21810286be411cece02825a75fa96d318425364d,leadership,wbms_leadership,train
3190,c04a3bfc74e480682ec92f97ad8bb845de53189e60b15814879c62dcedf6f755,shopping,wbms_shopping,train
3191,5fb09ce4ef2ffbae02fdf9aa3d9fe0daa82a935f45f4a35093eb16ae83f19e16,non_stereotype,goat_offensive,train
3192,d176726c900e9181de6132ce2d1894209e5d1b2db307b7448d607b529620dc6e,non_stereotype,goat_offensive,val
3193,b7190e278c25f383e9c3dcfb5950e820c8418570d23aa2d0f2fcb54cceccdaad,kitchen,wbms_kitchen,test
3194,35af9f7a10e32f43a05b648a4d3d17242eaae6845658c54cb0dfae518af0bc32,kitchen,wbms_kitchen,train
3195,0c58cdbaeaeb9830a8ab05ab3ecbcbd80ff6e22433e083a5b4f03a32b173546d,non_stereotype,goat_offensive,test
3196,21b08fb137af61d3d8d7dac821031193a3393d3872dbdd58ea9327a3fb114cd0,leadership,wbms_leadership,val
3197,9b6640225cd9a7003fcdbf332cc870799a5e2ba29d3abbdcf72c35ebbe81b31d,non_stereotype,goat_harmful,test
3198,5a78a6ed71fede1de39ad83f10ad8706befee3520142c58ac4b1c88fb70d77ca,leadership,wbms_leadership,test
3199,858fa0b084d3abc17594af03d56b2157c0cbb6bb7bfe15c483135343e3e78067,non_stereotype,goat_offensive,train
3200,35cf4e253447392acab170dd317e0f0d1a6f3dbe26f4c2d2ca7998ec3724e504,leadership,wbms_leadership,test
3201,9e3340df29cfc02e4b1c4dde08debf4cdb4ef08c95bd749b8433b159cc9f8eaf,non_stereotype,goat_harmful,test
3202,973d205e65c13ba95475ef2f79c3a014a551092580afd90ccdac1f2bfd75642a,non_stereotype,goat_offensive,train
3203,33050f61e5ff666a2522cb5718bba6483b70ee9cb5b6a40f90f9af6ddcf65787,non_stereotype,goat_offensive,train
3204,33fa4374a5447bc4f81487d7d2e60ee12ea2cde6af55051d5dc484411839583a,shopping,wbms_shopping,test
3205,5c7c116d3e6abccdacc7700510622bb4da1d4e6c5c77f849e20a58af34b6ca3f,kitchen,wbms_kitchen,val
3206,903095770623e8bf98627f76dac2079845686a7c0fa209d3cbd804f5be187144,shopping,wbms_shopping,val
3207,79b3eea5b7ca3bdda58cc9dcdf863e64d028365bc550c2eab0ba2b8d2f32d826,non_stereotype,goat_offensive,train
3208,8e92bf5bdd6fda5cf0fd59e94038360175d84ef47cfeefb93792c71cb01d2291,kitchen,wbms_kitchen,test
3209,102aba1c22db89be79d14220d9dd9d911c1f65133b359403731c03efa1be5541,non_stereotype,goat_offensive,train
3210,5f3db590a8dab92721f344672e976827e20d783f96252933e3fe109a52ca85e7,leadership,wbms_leadership,test
3211,e98795c4c5942fd9f1a99823bb3c1e7b9cf62957117741695121a703db50a698,non_stereotype,goat_offensive,train
3212,71e562e94ad793169f3a38ad6440d5072ff3a6e7eac07b4e2b32663cedc73204,non_stereotype,goat_harmful,val
3213,b838a554006d4cef688ea48aa46d0e0f9c42e4adda6cd9c6522f45c7a0b6f62f,shopping,wbms_shopping,val
3214,c542d4702bea1eed432e46916b4368844e9a4e3b1cd64ff632dd842d447d8cbf,kitchen,wbms_kitchen,train
3215,7309469e776a003f23c37f8ea3ce78413b27d5ca75cb4722b79d7e1d711b0c76,non_stereotype,goat_offensive,val
3216,a2c2d939eacad455a761248df3e2548a452b68634611a88833b7cbc693c76614,leadership,wbms_leadership,train
3217,94d5ac97c9966856312ae4ae573a5c9f61874c2ee9b64dfb46b83f7bce391479,non_stereotype,goat_harmful,test
3218,992e37ccd5622d33a1e76f4282d964292ad8955bc38157686d9bb9a3c7176120,leadership,wbms_leadership,test
3219,3d37b88207191dc5a6bdcefeb5bbab880415cf87f94ed980cd9b4deaaec9189d,working,wbms_working,val
3220,dacbd6aa7261018b57b398ea9b1f2127a15c2709b29af5628b8142d08b382a7f,kitchen,wbms_kitchen,train
3221,e7650bb450aae00495ee6a0daf62cf9edfe68854a6c74741a80a7f5a3b428c4f,non_stereotype,goat_harmful,test
3222,99aff668a6885671c6bc8a73bdfc2ad8122e63475aa844f88934f1dd3e2bcf8b,non_stereotype,goat_harmful,test
3223,3d4cb232b7714b7273f699a51a026489e3960bcfc01ad86cb9588dcd07fc0277,non_stereotype,goat_harmful,train
3224,c048fc592ab9108864e6bec466216f1778f6909d772b21dc452f5c02a241ceb8,kitchen,wbms_kitchen,val
3225,1278b305a49c5e8e2874274a545b4f3ede2bf7b35c39817a06cb6dd6eda4abb1,working,wbms_working,test
3226,9fe47b304f041eedf374399b2fecab86c6eef2b033cafdf7b2605b17c5ce2622,kitchen,wbms_kitchen,test
3227,3e0e88159f47bac738b10f9fd03cc2e69f810f1cc1cd9601fb42443c44666d43,non_stereotype,goat_harmful,train
3228,501a3a4a3c134dc9495d533b3c336589744ae23fc598645f49441a81fecb455b,shopping,wbms_shopping,train
3229,7d710cc1502c2931410753c402e1cc1af565d3f3bc43437f663ae22591b14c09,non_stereotype,goat_harmful,train
3230,9db9212e92180dfb2ba862c2eb4e001e0751b545db35f4febdabdb93b92f73cc,leadership,wbms_leadership,train
3231,0a57e8de464623ee43c693d2caf72131defe4a4b74a90d9a9ae785c93d87402a,kitchen,wbms_kitchen,train
3232,a249294e7648ea421e0fc92b418f993b1ad4ec0435128d987a8582d2cce49896,non_stereotype,goat_harmful,val
3233,afb4d07bb5aff105afa2392d502ebf30ba48569ed98228c254b5a5b7b698a3ca,kitchen,wbms_kitchen,val
3234,f007088ab5916254be5f94d4da1f499da8907b06052805e83f124934eb4cac96,non_stereotype,goat_offensive,val
3235,847ee43095351d310d201c06e61e47259d8b63919cccd6b5f0afe041caef7fc5,kitchen,wbms_kitchen,train
3236,e0b8a5e3138b194ddaa90f29ba87635b60ed44b5f16b1c1b3a756d01fae0b8ed,kitchen,wbms_kitchen,test
3237,0087ca75247884f7b48a9c0aafe9616a1c194586c31c89f61c64aeb0bfbdcea6,leadership,wbms_leadership,train
3238,55f2a7e858c9bad341f763e179eb9535ac1a16e174241e6320abe32c2de593dd,non_stereotype,goat_harmful,val
3239,8b727e035eb49878fbd78e667b721a90c5eb3c28577733a42724621530c83f82,kitchen,wbms_kitchen,train
3240,0ca6d627882698193d7a289c51f4055fd15b267c2ddd81594012141aa5a9a017,leadership,wbms_leadership,train
3241,90c5cf051a210cf2845b5bc1bd1f2a50b04427a924fd96a38256c8b3ea5621a2,non_stereotype,goat_harmful,train
3242,2a6b97ae646cddc7d4f65de9e35d31ec06c4476b9fff8628826986b47d082319,non_stereotype,goat_offensive,test
3243,2901cc17986a00d9a81866c2915a88cdf89b2067bb8bde974067b3142ec83980,leadership,wbms_leadership,train
3244,77e2b12c6ee68af907260e619dd634a23d18b02b657154c3f4637fd10876510b,non_stereotype,goat_offensive,test
3245,2aada6c849bce8df4351eb96e7a65dcaeb562927d71e6712610919591b68f6fb,kitchen,wbms_kitchen,train
3246,6d4809f8b1954615c1fbcf99c88bce3ca8ffe3c1e9b590829df36b5b5d08f74b,working,wbms_working,train
3247,8217c1270dc2d68bbc119b8bcae35f32e1ce6da72b76d5a5177090993edf7b46,kitchen,wbms_kitchen,train
3248,a6b9d32fe0b0b4a9f5d33aedd7bc3f3c3caad83af07a948269479806e9a57028,non_stereotype,goat_harmful,train
3249,02a3f5f16af4c78cee26f4199fd925011772745a9789b094cb0cacd5c90a29c4,non_stereotype,goat_harmful,val
3250,09a88dabf27ebf95d8b2a2299a8626f43415bb834a1237e0d8053e10cb19ad2e,non_stereotype,goat_offensive,train
3251,de087dcc1fe190a0ff1386038673ac6d5fb273b198c194ec8c444bdfe38cdd63,leadership,wbms_leadership,train
3252,ffd44663bd4b6ae125d1ba031149dfdcbc054506fe8fa968fffa5a5a5a6d51d1,kitchen,wbms_kitchen,train
3253,c231a68b74e124a7195d3a24016fcc6b4256ff6ce908c5599bf4bd239aeeadc1,leadership,wbms_leadership,train
3254,ab6ba1fd9ef2cd1a4ddea92d7154b0a9c88bc955f682d99842a49753f44d2fe9,kitchen,wbms_kitchen,test
3255,1406177c6827b4a447485ad9231c0a983f330670026b0c3043f5b7be528341f1,non_stereotype,goat_offensive,val
3256,56fe03b06cd78f17de6e10ed9807d7a0d4a53511a09bf3695de99859a80e5a1a,working,wbms_working,train
3257,e9d5505f6f224f9c17d57fd24f8ea874d80ca7f94901ae67b121fc29f4aa25a8,non_stereotype,goat_offensive,test
3258,b1a867298cd5ac9cc8dc6151f10f2a1f9d15106ea0f444ac8825fc4f608a15ae,leadership,wbms_leadership,train
3259,631ad5aac5ed9d85188b14bb39d787832a0c53fb97a2267a5eb33573bc5c6236,leadership,wbms_leadership,val
3260,0f7e7ae47a8e528cbed5df97101e0c950366d72c361af369bf2b3632c8d35140,leadership,wbms_leadership,train
3261,cfd34b155b3155d03084f1db8253affaf9e4656af2ed7e4fe795417f1966f8a7,kitchen,wbms_kitchen,val
3262,9a8726ec8bc9e159eaf4b14bd16019b0b4ad9eee0b4439843809d62898aa742a,non_stereotype,goat_offensive,train
