file_name,split
1.jpg,train
10.jpg,train
1000.jpg,train
10000.jpg,train
10006.jpg,train
10007.jpg,val
10008.jpg,val
10009.jpg,train
1001.jpg,train
10010.jpg,train
10011.jpg,train
10012.jpg,train
10013.jpg,val
10014.jpg,train
10016.jpg,train
10017.jpg,train
10018.jpg,train
1002.jpg,train
10021.jpg,train
10022.jpg,train
10023.jpg,train
10025.jpg,train
10027.jpg,train
10028.jpg,train
10029.jpg,train
1003.jpg,val
10030.jpg,train
10032.jpg,train
10033.jpg,val
10034.jpg,train
10035.jpg,train
10036.jpg,train
10037.jpg,train
10038.jpg,train
10039.jpg,train
10040.jpg,val
10042.jpg,val
10043.jpg,train
10044.jpg,val
10045.jpg,train
10046.jpg,train
10048.jpg,train
10049.jpg,train
1005.jpg,train
10050.jpg,train
10052.jpg,train
10053.jpg,train
10055.jpg,train
10056.jpg,train
10057.jpg,train
10059.jpg,train
1006.jpg,train
10060.jpg,train
10061.jpg,train
10063.jpg,train
10065.jpg,train
10066.jpg,train
10067.jpg,train
10068.jpg,train
10069.jpg,train
10070.jpg,train
10071.jpg,val
10072.jpg,train
10073.jpg,train
10075.jpg,train
10076.jpg,train
10077.jpg,train
10078.jpg,train
10079.jpg,train
10080.jpg,train
10081.jpg,train
10083.jpg,train
10085.jpg,train
10086.jpg,train
10087.jpg,train
10088.jpg,train
10089.jpg,train
10090.jpg,train
10093.jpg,train
10094.jpg,train
10095.jpg,train
10097.jpg,train
10098.jpg,val
10099.jpg,train
101.jpg,train
1010.jpg,train
10100.jpg,train
10101.jpg,train
10102.jpg,train
10104.jpg,train
10105.jpg,train
10106.jpg,train
10107.jpg,train
10108.jpg,train
10109.jpg,train
1011.jpg,train
10111.jpg,train
10112.jpg,train
10113.jpg,train
10114.jpg,train
10115.jpg,train
10116.jpg,train
10117.jpg,train
10118.jpg,train
1012.jpg,train
10120.jpg,train
10121.jpg,train
10122.jpg,train
10123.jpg,train
10126.jpg,train
10127.jpg,train
10128.jpg,train
10129.jpg,train
1013.jpg,train
10131.jpg,train
10132.jpg,train
10133.jpg,train
10134.jpg,val
10135.jpg,train
10136.jpg,train
10137.jpg,train
10138.jpg,train
10139.jpg,train
1014.jpg,train
10140.jpg,train
10141.jpg,train
10142.jpg,train
10143.jpg,train
10144.jpg,train
10145.jpg,train
10146.jpg,train
10148.jpg,train
10149.jpg,val
1015.jpg,train
10150.jpg,train
10151.jpg,train
10152.jpg,train
10153.jpg,val
10154.jpg,val
10155.jpg,train
10157.jpg,train
10158.jpg,train
10159.jpg,train
1016.jpg,train
10160.jpg,train
10161.jpg,train
10162.jpg,train
10164.jpg,train
10165.jpg,train
10166.jpg,train
10167.jpg,train
10168.jpg,train
10169.jpg,train
1017.jpg,train
10170.jpg,train
10171.jpg,train
10172.jpg,train
10173.jpg,train
10174.jpg,val
10175.jpg,train
10176.jpg,train
10177.jpg,train
10178.jpg,train
10179.jpg,train
1018.jpg,train
10180.jpg,train
10181.jpg,train
10182.jpg,train
10183.jpg,train
10184.jpg,train
10185.jpg,train
10186.jpg,train
10187.jpg,train
10188.jpg,train
10189.jpg,train
1019.jpg,train
10191.jpg,train
10192.jpg,train
10193.jpg,train
10194.jpg,train
10195.jpg,train
10196.jpg,train
10197.jpg,train
10198.jpg,val
10199.jpg,train
102.jpg,train
1020.jpg,train
10200.jpg,train
10201.jpg,train
10202.jpg,train
10203.jpg,train
10204.jpg,train
10205.jpg,train
10206.jpg,train
10207.jpg,train
10208.jpg,train
10209.jpg,train
1021.jpg,train
10211.jpg,val
10212.jpg,train
10213.jpg,train
10214.jpg,train
10215.jpg,train
10216.jpg,val
10217.jpg,train
10218.jpg,train
10219.jpg,train
1022.jpg,val
10220.jpg,train
10221.jpg,train
10222.jpg,train
10223.jpg,train
10224.jpg,train
10225.jpg,train
10226.jpg,train
10227.jpg,val
10228.jpg,train
10229.jpg,train
1023.jpg,val
10230.jpg,train
10232.jpg,train
10233.jpg,train
10234.jpg,train
10235.jpg,train
10237.jpg,train
10238.jpg,train
10239.jpg,train
10240.jpg,val
10241.jpg,train
10242.jpg,train
10243.jpg,train
10244.jpg,val
10245.jpg,train
10246.jpg,train
1025.jpg,train
10250.jpg,train
10251.jpg,val
10253.jpg,train
10254.jpg,train
10255.jpg,train
10256.jpg,train
10257.jpg,val
10258.jpg,train
10259.jpg,train
1026.jpg,train
10260.jpg,train
10261.jpg,train
10262.jpg,train
10263.jpg,train
10264.jpg,train
10265.jpg,train
10266.jpg,val
10267.jpg,train
1027.jpg,train
10270.jpg,val
10271.jpg,train
10272.jpg,train
10273.jpg,train
10274.jpg,train
10275.jpg,train
10276.jpg,train
10277.jpg,train
10278.jpg,train
10279.jpg,train
10280.jpg,train
10281.jpg,train
10282.jpg,train
10284.jpg,val
10285.jpg,val
10286.jpg,train
10287.jpg,train
10288.jpg,train
1029.jpg,train
10290.jpg,train
10291.jpg,val
10292.jpg,val
10293.jpg,val
10294.jpg,train
10295.jpg,train
10296.jpg,train
10297.jpg,train
10298.jpg,train
10299.jpg,train
103.jpg,train
1030.jpg,train
10300.jpg,train
10301.jpg,train
10303.jpg,train
10304.jpg,train
10305.jpg,val
10306.jpg,train
10307.jpg,train
10308.jpg,train
10309.jpg,train
1031.jpg,train
10310.jpg,train
10311.jpg,train
10313.jpg,train
10314.jpg,train
10315.jpg,train
10316.jpg,val
10317.jpg,val
10318.jpg,train
1032.jpg,train
10320.jpg,val
10321.jpg,train
10322.jpg,train
10323.jpg,val
10324.jpg,train
10325.jpg,train
10326.jpg,train
10327.jpg,val
10328.jpg,train
10329.jpg,train
1033.jpg,train
10330.jpg,train
10331.jpg,train
10332.jpg,train
10333.jpg,train
10334.jpg,train
10335.jpg,train
10336.jpg,train
10337.jpg,train
10338.jpg,val
10339.jpg,train
10340.jpg,train
10341.jpg,train
10342.jpg,train
10343.jpg,train
10344.jpg,train
10345.jpg,train
10346.jpg,train
10348.jpg,train
10349.jpg,train
1035.jpg,train
10350.jpg,train
10351.jpg,train
10352.jpg,train
10353.jpg,train
10354.jpg,train
10355.jpg,train
10356.jpg,train
10357.jpg,train
10359.jpg,train
1036.jpg,train
10361.jpg,train
10362.jpg,train
10363.jpg,train
10364.jpg,val
10365.jpg,train
10367.jpg,train
10368.jpg,train
10369.jpg,train
1037.jpg,train
10370.jpg,train
10371.jpg,train
10372.jpg,train
10373.jpg,train
10374.jpg,train
10376.jpg,val
10377.jpg,val
10378.jpg,val
1038.jpg,train
10380.jpg,val
10381.jpg,train
10382.jpg,train
10383.jpg,train
10384.jpg,train
10385.jpg,train
10386.jpg,train
10387.jpg,train
10388.jpg,train
10389.jpg,val
1039.jpg,train
10392.jpg,train
10393.jpg,train
10395.jpg,train
10396.jpg,train
10399.jpg,train
104.jpg,val
1040.jpg,train
10400.jpg,train
10402.jpg,train
10403.jpg,train
10404.jpg,val
10405.jpg,train
10406.jpg,train
10407.jpg,train
10408.jpg,train
10409.jpg,val
1041.jpg,val
10410.jpg,val
10411.jpg,train
10412.jpg,train
10413.jpg,val
10415.jpg,train
10416.jpg,train
10417.jpg,train
10418.jpg,train
10419.jpg,train
1042.jpg,train
10421.jpg,val
10423.jpg,train
10424.jpg,train
10425.jpg,val
10426.jpg,train
10427.jpg,train
10428.jpg,train
10429.jpg,train
10430.jpg,train
10432.jpg,train
10433.jpg,train
10434.jpg,train
10435.jpg,train
10436.jpg,train
10437.jpg,train
10438.jpg,train
10439.jpg,train
1044.jpg,train
10440.jpg,train
10441.jpg,train
10442.jpg,train
10443.jpg,train
10444.jpg,train
10446.jpg,train
10447.jpg,val
10448.jpg,train
10449.jpg,train
1045.jpg,train
10450.jpg,train
10451.jpg,train
10452.jpg,train
10453.jpg,val
10454.jpg,train
10455.jpg,train
10457.jpg,train
10458.jpg,train
10459.jpg,train
1046.jpg,train
10460.jpg,train
10461.jpg,train
10462.jpg,train
10463.jpg,train
10464.jpg,train
10465.jpg,train
10466.jpg,train
10468.jpg,train
10469.jpg,train
1047.jpg,train
10470.jpg,train
10471.jpg,train
10472.jpg,train
10473.jpg,train
10474.jpg,train
10475.jpg,train
10476.jpg,train
10477.jpg,val
10478.jpg,train
10479.jpg,val
1048.jpg,train
10481.jpg,val
10482.jpg,train
10483.jpg,train
10485.jpg,train
10486.jpg,train
10487.jpg,train
10488.jpg,train
10489.jpg,train
1049.jpg,train
10490.jpg,train
10492.jpg,train
10493.jpg,train
10494.jpg,train
10496.jpg,train
10499.jpg,train
105.jpg,val
10500.jpg,train
10501.jpg,val
10502.jpg,train
10504.jpg,train
10505.jpg,train
10506.jpg,train
10507.jpg,train
10508.jpg,train
10509.jpg,val
1051.jpg,train
10510.jpg,train
10511.jpg,val
10512.jpg,train
10513.jpg,train
10514.jpg,val
10515.jpg,val
10517.jpg,val
10518.jpg,train
10519.jpg,train
1052.jpg,train
10520.jpg,train
10521.jpg,train
10522.jpg,val
10523.jpg,train
10524.jpg,train
10525.jpg,val
10526.jpg,train
10527.jpg,train
10528.jpg,train
10529.jpg,train
1053.jpg,train
10530.jpg,val
10531.jpg,train
10532.jpg,train
10533.jpg,train
10536.jpg,train
10537.jpg,val
10538.jpg,train
10539.jpg,train
1054.jpg,train
10540.jpg,train
10541.jpg,val
10542.jpg,train
10544.jpg,train
10545.jpg,train
10547.jpg,val
10549.jpg,train
1055.jpg,train
10550.jpg,train
10551.jpg,train
10552.jpg,train
10553.jpg,train
10555.jpg,val
10556.jpg,train
10557.jpg,train
10558.jpg,train
10559.jpg,val
1056.jpg,train
10560.jpg,val
10561.jpg,train
10562.jpg,train
10563.jpg,train
10564.jpg,val
10565.jpg,val
10566.jpg,train
10567.jpg,train
10568.jpg,train
1057.jpg,train
10570.jpg,train
10571.jpg,train
10573.jpg,train
10574.jpg,val
10575.jpg,train
10577.jpg,train
10578.jpg,val
1058.jpg,train
10580.jpg,train
10581.jpg,train
10582.jpg,train
10583.jpg,val
10584.jpg,train
10585.jpg,train
10586.jpg,train
10588.jpg,train
1059.jpg,train
10591.jpg,train
10592.jpg,train
10593.jpg,val
10594.jpg,train
10595.jpg,train
10596.jpg,train
10597.jpg,train
10598.jpg,train
10599.jpg,train
106.jpg,train
1060.jpg,train
10600.jpg,train
10601.jpg,train
10602.jpg,train
10603.jpg,train
10604.jpg,val
10605.jpg,train
10607.jpg,val
10608.jpg,train
10609.jpg,train
1061.jpg,val
10610.jpg,train
10611.jpg,train
10612.jpg,train
10614.jpg,train
10615.jpg,train
10616.jpg,train
10618.jpg,train
10619.jpg,train
1062.jpg,train
10621.jpg,train
10622.jpg,train
10623.jpg,train
10625.jpg,train
10627.jpg,val
10628.jpg,train
10629.jpg,train
1063.jpg,val
10630.jpg,train
10631.jpg,train
10632.jpg,val
10635.jpg,train
10636.jpg,train
10637.jpg,val
10638.jpg,train
10639.jpg,train
1064.jpg,train
10640.jpg,train
10642.jpg,train
10645.jpg,train
10646.jpg,train
10647.jpg,train
10648.jpg,train
10649.jpg,train
1065.jpg,train
10650.jpg,train
10651.jpg,train
10652.jpg,train
10653.jpg,val
10655.jpg,train
10656.jpg,train
10657.jpg,train
10658.jpg,train
10659.jpg,train
1066.jpg,train
10660.jpg,val
10662.jpg,val
10663.jpg,val
10664.jpg,train
10665.jpg,train
10666.jpg,train
10667.jpg,train
10669.jpg,train
1067.jpg,train
10670.jpg,train
10671.jpg,train
10672.jpg,train
10673.jpg,train
10674.jpg,train
10677.jpg,train
10678.jpg,train
10679.jpg,train
1068.jpg,train
10680.jpg,train
10681.jpg,train
10682.jpg,train
10684.jpg,train
10685.jpg,train
10686.jpg,train
10687.jpg,train
10688.jpg,train
10689.jpg,train
1069.jpg,train
10690.jpg,train
10691.jpg,train
10692.jpg,train
10693.jpg,train
10694.jpg,train
10695.jpg,train
10696.jpg,train
10697.jpg,val
10698.jpg,train
10699.jpg,train
107.jpg,train
1070.jpg,train
10700.jpg,train
10701.jpg,train
10703.jpg,train
10704.jpg,train
10705.jpg,train
10706.jpg,train
10707.jpg,train
10708.jpg,train
10709.jpg,train
1071.jpg,train
10711.jpg,train
10712.jpg,train
10713.jpg,train
10714.jpg,train
10715.jpg,train
10716.jpg,train
10718.jpg,train
10719.jpg,train
1072.jpg,train
10720.jpg,train
10721.jpg,val
10722.jpg,train
10723.jpg,train
10725.jpg,train
10727.jpg,train
10728.jpg,train
10729.jpg,val
10731.jpg,train
10733.jpg,train
10734.jpg,train
10735.jpg,train
10738.jpg,train
10739.jpg,train
1074.jpg,train
10740.jpg,train
10742.jpg,train
10743.jpg,train
10744.jpg,val
10745.jpg,train
10746.jpg,train
10747.jpg,train
10748.jpg,train
10749.jpg,train
1075.jpg,train
10750.jpg,train
10751.jpg,train
10752.jpg,train
10754.jpg,train
10755.jpg,train
10757.jpg,train
10758.jpg,train
1076.jpg,val
10760.jpg,train
10761.jpg,train
10763.jpg,train
10766.jpg,train
10767.jpg,train
10768.jpg,train
10769.jpg,train
1077.jpg,train
10770.jpg,train
10771.jpg,val
10772.jpg,train
10773.jpg,val
10775.jpg,train
10776.jpg,train
10777.jpg,train
10778.jpg,train
10779.jpg,train
1078.jpg,val
10780.jpg,train
10781.jpg,train
10782.jpg,train
10783.jpg,train
10785.jpg,train
10786.jpg,val
10787.jpg,train
10788.jpg,train
10789.jpg,train
1079.jpg,train
10790.jpg,train
10792.jpg,train
10793.jpg,train
10794.jpg,train
10795.jpg,val
10797.jpg,train
10798.jpg,train
10799.jpg,train
108.jpg,train
1080.jpg,train
10800.jpg,val
10801.jpg,train
10802.jpg,train
10803.jpg,train
10804.jpg,train
10805.jpg,train
10806.jpg,val
10807.jpg,train
10809.jpg,train
10810.jpg,train
10812.jpg,train
10813.jpg,train
10814.jpg,train
10815.jpg,train
10816.jpg,train
10817.jpg,train
10818.jpg,train
10819.jpg,train
1082.jpg,train
10820.jpg,train
10821.jpg,train
10822.jpg,train
10823.jpg,train
10824.jpg,train
10825.jpg,train
10826.jpg,train
10827.jpg,val
10828.jpg,train
10829.jpg,val
10830.jpg,train
10831.jpg,train
10832.jpg,train
10834.jpg,train
10835.jpg,train
10836.jpg,train
10837.jpg,val
10838.jpg,train
10839.jpg,train
1084.jpg,train
10840.jpg,train
10842.jpg,train
10843.jpg,train
10844.jpg,train
10845.jpg,train
10846.jpg,train
10847.jpg,val
10849.jpg,train
1085.jpg,train
10850.jpg,train
10851.jpg,train
10852.jpg,train
10853.jpg,train
10854.jpg,val
10855.jpg,train
10856.jpg,val
10858.jpg,val
10859.jpg,train
1086.jpg,train
10860.jpg,val
10861.jpg,train
10862.jpg,train
10864.jpg,train
10865.jpg,train
10866.jpg,train
10867.jpg,train
10868.jpg,val
1087.jpg,val
10871.jpg,train
10872.jpg,train
10873.jpg,train
10874.jpg,train
10877.jpg,val
10878.jpg,train
10879.jpg,train
1088.jpg,train
10880.jpg,train
10883.jpg,train
10884.jpg,train
10885.jpg,train
10886.jpg,train
10888.jpg,train
1089.jpg,train
10891.jpg,val
10892.jpg,train
10893.jpg,train
10894.jpg,train
10897.jpg,train
10898.jpg,train
10899.jpg,train
109.jpg,train
1090.jpg,train
10901.jpg,train
10902.jpg,train
10903.jpg,train
10904.jpg,val
10905.jpg,train
10906.jpg,train
10907.jpg,val
10908.jpg,train
10909.jpg,train
1091.jpg,train
10910.jpg,val
10911.jpg,train
10912.jpg,train
10913.jpg,train
10916.jpg,train
10918.jpg,train
10919.jpg,train
1092.jpg,train
10920.jpg,train
10921.jpg,val
10922.jpg,train
10923.jpg,train
10925.jpg,train
10926.jpg,train
10927.jpg,train
10928.jpg,val
10929.jpg,train
10930.jpg,train
10931.jpg,train
10933.jpg,train
10934.jpg,train
10935.jpg,train
10936.jpg,train
10937.jpg,train
10938.jpg,train
10939.jpg,train
1094.jpg,train
10940.jpg,train
10941.jpg,train
10942.jpg,train
10943.jpg,train
10944.jpg,train
10945.jpg,train
10946.jpg,train
10947.jpg,train
10948.jpg,val
10949.jpg,train
1095.jpg,train
10950.jpg,train
10951.jpg,train
10952.jpg,train
10953.jpg,train
10955.jpg,train
10956.jpg,train
10957.jpg,train
10958.jpg,train
10959.jpg,val
1096.jpg,train
10960.jpg,train
10961.jpg,train
10962.jpg,train
10963.jpg,train
10964.jpg,train
10965.jpg,train
10968.jpg,train
10969.jpg,train
1097.jpg,train
10970.jpg,train
10972.jpg,train
10973.jpg,train
10974.jpg,val
10975.jpg,train
10977.jpg,train
10978.jpg,train
10979.jpg,train
10980.jpg,train
10981.jpg,train
10982.jpg,train
10983.jpg,train
10984.jpg,train
10985.jpg,train
10986.jpg,train
10987.jpg,val
10988.jpg,train
10989.jpg,train
10991.jpg,train
10992.jpg,val
10993.jpg,train
10994.jpg,train
10995.jpg,train
10996.jpg,train
10997.jpg,train
10998.jpg,train
11.jpg,train
1100.jpg,train
11000.jpg,train
11001.jpg,train
11003.jpg,train
11004.jpg,train
11005.jpg,train
11006.jpg,val
11007.jpg,train
11008.jpg,train
11009.jpg,train
1101.jpg,train
11010.jpg,train
11011.jpg,val
11012.jpg,train
11013.jpg,train
11014.jpg,train
11015.jpg,train
11016.jpg,train
11018.jpg,val
11019.jpg,val
1102.jpg,train
11020.jpg,val
11021.jpg,train
11022.jpg,val
11023.jpg,train
11024.jpg,train
11025.jpg,train
11026.jpg,train
11027.jpg,train
11028.jpg,train
11029.jpg,train
1103.jpg,train
11030.jpg,train
11031.jpg,train
11032.jpg,train
11033.jpg,train
11034.jpg,train
11035.jpg,train
11036.jpg,train
11037.jpg,train
11038.jpg,train
11039.jpg,train
11040.jpg,train
11041.jpg,train
11042.jpg,val
11043.jpg,val
11044.jpg,train
11045.jpg,train
11046.jpg,val
11047.jpg,train
11049.jpg,train
1105.jpg,val
11050.jpg,train
11051.jpg,train
11052.jpg,val
11054.jpg,train
11055.jpg,val
11056.jpg,train
11057.jpg,train
11058.jpg,train
11059.jpg,train
1106.jpg,train
11060.jpg,train
11061.jpg,train
11063.jpg,val
11064.jpg,train
11066.jpg,train
11068.jpg,train
11069.jpg,train
11070.jpg,train
11071.jpg,val
11072.jpg,train
11073.jpg,train
11074.jpg,train
11075.jpg,train
11077.jpg,train
11078.jpg,train
11079.jpg,train
1108.jpg,train
11080.jpg,train
11081.jpg,train
11082.jpg,train
11083.jpg,val
11084.jpg,train
11085.jpg,train
11086.jpg,train
11087.jpg,val
11088.jpg,train
11089.jpg,train
1109.jpg,train
11090.jpg,train
11092.jpg,train
11094.jpg,train
11095.jpg,train
11096.jpg,train
11097.jpg,train
11098.jpg,train
11099.jpg,val
111.jpg,train
1110.jpg,train
11101.jpg,train
11102.jpg,train
11103.jpg,train
11104.jpg,train
11105.jpg,train
11107.jpg,train
11108.jpg,train
11109.jpg,train
1111.jpg,val
11112.jpg,train
11113.jpg,train
11114.jpg,train
11115.jpg,train
11116.jpg,val
11117.jpg,train
11118.jpg,train
11119.jpg,val
1112.jpg,train
11120.jpg,train
11122.jpg,train
11123.jpg,train
11124.jpg,val
11125.jpg,train
11126.jpg,val
11127.jpg,train
11128.jpg,train
11129.jpg,train
1113.jpg,train
11130.jpg,train
11131.jpg,train
11132.jpg,train
11133.jpg,train
11134.jpg,train
11136.jpg,val
11137.jpg,train
11138.jpg,val
1114.jpg,train
11140.jpg,train
11141.jpg,train
11142.jpg,train
11143.jpg,train
11144.jpg,train
11145.jpg,train
11146.jpg,train
11147.jpg,train
11148.jpg,train
1115.jpg,train
11151.jpg,train
11152.jpg,train
11153.jpg,train
11154.jpg,train
11155.jpg,train
11156.jpg,train
11157.jpg,train
11158.jpg,train
1116.jpg,train
11160.jpg,train
11161.jpg,train
11162.jpg,train
11163.jpg,train
11164.jpg,train
11165.jpg,train
11166.jpg,train
11167.jpg,val
11168.jpg,val
11169.jpg,train
1117.jpg,val
11170.jpg,train
11171.jpg,train
11173.jpg,train
11176.jpg,train
11177.jpg,train
11178.jpg,train
11179.jpg,train
1118.jpg,val
11180.jpg,train
11182.jpg,train
11183.jpg,train
11184.jpg,train
11185.jpg,train
11186.jpg,train
11187.jpg,train
11189.jpg,train
11190.jpg,train
11191.jpg,train
11192.jpg,val
11193.jpg,val
11195.jpg,train
11196.jpg,train
11197.jpg,val
11198.jpg,train
11199.jpg,train
112.jpg,train
1120.jpg,train
11200.jpg,train
11201.jpg,train
11202.jpg,train
11203.jpg,train
11204.jpg,train
11205.jpg,train
11206.jpg,train
11207.jpg,train
11208.jpg,val
11209.jpg,train
1121.jpg,train
11213.jpg,train
11214.jpg,train
11215.jpg,train
11216.jpg,val
11217.jpg,train
11218.jpg,train
11219.jpg,val
1122.jpg,train
11220.jpg,train
11222.jpg,train
11223.jpg,train
11224.jpg,train
11225.jpg,train
11226.jpg,train
11227.jpg,train
11228.jpg,train
11229.jpg,train
1123.jpg,train
11230.jpg,train
11231.jpg,train
11232.jpg,val
11233.jpg,val
11234.jpg,train
11236.jpg,train
11237.jpg,train
11238.jpg,val
11239.jpg,val
1124.jpg,val
11240.jpg,train
11241.jpg,train
11242.jpg,train
11243.jpg,train
11244.jpg,train
11246.jpg,train
11247.jpg,val
11248.jpg,val
11249.jpg,train
11250.jpg,train
11251.jpg,train
11252.jpg,train
11253.jpg,train
11256.jpg,train
11257.jpg,train
11258.jpg,val
1126.jpg,train
11260.jpg,train
11261.jpg,train
11263.jpg,train
11264.jpg,train
11265.jpg,train
11267.jpg,train
11268.jpg,val
11269.jpg,train
11270.jpg,train
11271.jpg,train
11272.jpg,train
11275.jpg,train
11276.jpg,train
11277.jpg,train
11278.jpg,val
11279.jpg,train
1128.jpg,train
11280.jpg,train
11281.jpg,train
11283.jpg,val
11286.jpg,train
11287.jpg,train
11288.jpg,train
1129.jpg,train
11290.jpg,train
11291.jpg,train
11292.jpg,train
11293.jpg,train
11294.jpg,train
11296.jpg,train
11297.jpg,train
11299.jpg,train
113.jpg,train
1130.jpg,train
11300.jpg,train
11301.jpg,train
11302.jpg,train
11303.jpg,val
11305.jpg,train
11306.jpg,train
11307.jpg,train
11308.jpg,train
11309.jpg,val
1131.jpg,train
11310.jpg,train
11311.jpg,train
11312.jpg,train
11314.jpg,train
11316.jpg,train
11317.jpg,train
11319.jpg,val
1132.jpg,train
11321.jpg,train
11322.jpg,train
11323.jpg,train
11325.jpg,train
11326.jpg,train
11327.jpg,val
11328.jpg,train
11329.jpg,train
1133.jpg,train
11332.jpg,train
11333.jpg,train
11334.jpg,train
11336.jpg,train
11337.jpg,train
11338.jpg,val
11339.jpg,train
1134.jpg,train
11340.jpg,val
11341.jpg,train
11342.jpg,train
11343.jpg,val
11344.jpg,train
11345.jpg,train
11346.jpg,train
11347.jpg,val
11348.jpg,train
1135.jpg,train
11350.jpg,train
11351.jpg,val
11352.jpg,train
11353.jpg,train
11354.jpg,train
11355.jpg,train
11356.jpg,train
11357.jpg,train
11358.jpg,val
11359.jpg,val
11360.jpg,train
11361.jpg,train
11362.jpg,train
11363.jpg,train
11364.jpg,train
11365.jpg,train
11366.jpg,train
11367.jpg,train
11368.jpg,train
11369.jpg,val
11370.jpg,train
11372.jpg,train
11373.jpg,train
11374.jpg,train
11375.jpg,train
11376.jpg,train
11378.jpg,train
11379.jpg,train
1138.jpg,train
11380.jpg,train
11381.jpg,train
11382.jpg,train
11383.jpg,train
11384.jpg,train
11385.jpg,train
11386.jpg,val
11387.jpg,train
11389.jpg,train
1139.jpg,val
11390.jpg,train
11391.jpg,train
11392.jpg,train
11394.jpg,train
11395.jpg,train
11396.jpg,val
11397.jpg,train
11398.jpg,train
11399.jpg,val
114.jpg,train
1140.jpg,train
11400.jpg,train
11401.jpg,train
11402.jpg,train
11403.jpg,train
11404.jpg,val
11405.jpg,train
11406.jpg,train
11407.jpg,val
11408.jpg,train
11409.jpg,train
1141.jpg,train
11411.jpg,train
11412.jpg,train
11413.jpg,train
11414.jpg,train
11415.jpg,train
11416.jpg,train
11417.jpg,train
11418.jpg,train
11420.jpg,train
11421.jpg,train
11422.jpg,train
11423.jpg,train
11424.jpg,train
11425.jpg,train
11426.jpg,train
11427.jpg,train
11428.jpg,train
1143.jpg,val
11430.jpg,val
11431.jpg,train
11432.jpg,train
11433.jpg,train
11434.jpg,train
11435.jpg,train
11436.jpg,train
11437.jpg,val
11438.jpg,train
11439.jpg,train
1144.jpg,train
11440.jpg,train
11441.jpg,train
11443.jpg,train
11444.jpg,train
11445.jpg,train
11446.jpg,train
11447.jpg,train
1145.jpg,val
11450.jpg,train
11451.jpg,train
11453.jpg,val
11454.jpg,train
11455.jpg,val
11457.jpg,train
11458.jpg,train
11459.jpg,train
1146.jpg,val
11460.jpg,train
11462.jpg,train
11464.jpg,train
11465.jpg,val
11466.jpg,train
11467.jpg,train
11468.jpg,val
11469.jpg,train
1147.jpg,train
11470.jpg,val
11471.jpg,train
11472.jpg,train
11473.jpg,train
11474.jpg,train
11475.jpg,train
11476.jpg,train
11477.jpg,train
11478.jpg,train
11479.jpg,train
1148.jpg,train
11480.jpg,train
11481.jpg,train
11482.jpg,train
11483.jpg,train
11484.jpg,val
11485.jpg,train
11486.jpg,train
11487.jpg,train
11488.jpg,train
1149.jpg,train
11490.jpg,train
11491.jpg,train
11492.jpg,train
11493.jpg,train
11494.jpg,train
11495.jpg,train
11496.jpg,train
11497.jpg,train
11498.jpg,train
115.jpg,train
11501.jpg,train
11502.jpg,train
11503.jpg,train
11505.jpg,train
11506.jpg,train
11507.jpg,val
11508.jpg,train
11509.jpg,train
11510.jpg,train
11511.jpg,train
11512.jpg,val
11513.jpg,val
11514.jpg,train
11515.jpg,val
11516.jpg,val
11517.jpg,val
11518.jpg,train
11519.jpg,train
1152.jpg,train
11520.jpg,train
11521.jpg,train
11522.jpg,train
11523.jpg,train
11524.jpg,train
11525.jpg,train
11526.jpg,train
11527.jpg,train
11528.jpg,train
1153.jpg,train
11530.jpg,train
11531.jpg,train
11532.jpg,train
11533.jpg,train
11534.jpg,train
11535.jpg,train
11537.jpg,train
11538.jpg,train
11540.jpg,train
11541.jpg,val
11542.jpg,train
11543.jpg,val
11544.jpg,train
11545.jpg,train
11546.jpg,train
11548.jpg,train
11549.jpg,train
11550.jpg,train
11551.jpg,train
11552.jpg,train
11554.jpg,train
11555.jpg,val
11556.jpg,train
11557.jpg,train
11558.jpg,val
11559.jpg,val
1156.jpg,train
11560.jpg,train
11561.jpg,train
11562.jpg,train
11563.jpg,train
11564.jpg,train
11565.jpg,val
11566.jpg,val
11567.jpg,train
11568.jpg,train
1157.jpg,train
11571.jpg,train
11572.jpg,train
11573.jpg,train
11574.jpg,train
11575.jpg,train
11576.jpg,train
11577.jpg,train
11578.jpg,train
11579.jpg,train
11580.jpg,train
11581.jpg,train
11583.jpg,train
11584.jpg,train
11585.jpg,train
11586.jpg,train
11587.jpg,train
11589.jpg,val
1159.jpg,train
11590.jpg,train
11591.jpg,train
11592.jpg,train
11593.jpg,train
11594.jpg,train
11595.jpg,train
11596.jpg,val
11598.jpg,train
11599.jpg,train
116.jpg,train
1160.jpg,train
11600.jpg,val
11601.jpg,train
11602.jpg,train
11603.jpg,train
11605.jpg,train
11606.jpg,train
11607.jpg,train
11608.jpg,train
11609.jpg,train
1161.jpg,train
11611.jpg,train
11613.jpg,val
11614.jpg,train
11615.jpg,val
11616.jpg,val
11617.jpg,train
11618.jpg,train
11619.jpg,train
11620.jpg,train
11621.jpg,train
11622.jpg,train
11623.jpg,train
11624.jpg,train
11625.jpg,val
11626.jpg,train
11627.jpg,train
1163.jpg,train
11630.jpg,train
11631.jpg,train
11632.jpg,train
11633.jpg,train
11635.jpg,train
11636.jpg,train
11638.jpg,train
11639.jpg,train
11640.jpg,train
11642.jpg,val
11643.jpg,train
11644.jpg,train
11646.jpg,train
11647.jpg,train
11648.jpg,train
11649.jpg,train
1165.jpg,val
11650.jpg,train
11651.jpg,train
11652.jpg,train
11653.jpg,train
11654.jpg,train
11655.jpg,train
11656.jpg,train
11658.jpg,train
11660.jpg,train
11661.jpg,val
11663.jpg,train
11664.jpg,val
11665.jpg,train
11666.jpg,train
11667.jpg,val
11668.jpg,train
1167.jpg,train
11671.jpg,train
11672.jpg,train
11673.jpg,train
11674.jpg,train
11675.jpg,train
11676.jpg,train
11678.jpg,val
11679.jpg,val
11680.jpg,train
11681.jpg,train
11682.jpg,train
11683.jpg,train
11684.jpg,train
11686.jpg,train
11687.jpg,train
11688.jpg,val
11689.jpg,train
11691.jpg,train
11692.jpg,train
11693.jpg,train
11694.jpg,val
11695.jpg,val
11696.jpg,train
11697.jpg,train
11698.jpg,train
11699.jpg,train
117.jpg,train
1170.jpg,train
11700.jpg,train
11701.jpg,train
11702.jpg,val
11703.jpg,train
11704.jpg,val
11705.jpg,train
11706.jpg,train
11707.jpg,train
11708.jpg,train
11709.jpg,train
1171.jpg,train
11710.jpg,train
11711.jpg,train
11712.jpg,train
11713.jpg,train
11714.jpg,train
11715.jpg,train
11716.jpg,train
11717.jpg,train
11718.jpg,train
11719.jpg,train
1172.jpg,train
11720.jpg,train
11721.jpg,val
11722.jpg,val
11723.jpg,train
11724.jpg,train
1173.jpg,train
1174.jpg,train
1175.jpg,train
1178.jpg,train
1179.jpg,train
118.jpg,train
1180.jpg,train
1181.jpg,train
1182.jpg,train
1183.jpg,train
1185.jpg,val
1187.jpg,val
1188.jpg,train
1189.jpg,train
119.jpg,train
1190.jpg,train
1191.jpg,train
1192.jpg,train
1194.jpg,train
1195.jpg,val
1196.jpg,train
1199.jpg,train
12.jpg,train
120.jpg,train
1200.jpg,train
1201.jpg,train
1203.jpg,train
1204.jpg,val
1205.jpg,val
1206.jpg,train
1209.jpg,train
121.jpg,train
1210.jpg,train
1211.jpg,train
1212.jpg,train
1213.jpg,train
1214.jpg,train
1215.jpg,train
1217.jpg,train
1218.jpg,val
122.jpg,train
1220.jpg,train
1221.jpg,train
1223.jpg,train
1224.jpg,train
1229.jpg,train
123.jpg,train
1230.jpg,val
1231.jpg,train
1232.jpg,train
1233.jpg,val
1234.jpg,train
1235.jpg,train
1237.jpg,train
1238.jpg,train
1239.jpg,val
124.jpg,train
1240.jpg,train
1244.jpg,train
1245.jpg,train
1246.jpg,train
1247.jpg,train
1248.jpg,train
1249.jpg,train
125.jpg,val
1251.jpg,train
1252.jpg,train
1253.jpg,val
1254.jpg,train
1255.jpg,train
1257.jpg,train
1259.jpg,train
126.jpg,val
1260.jpg,val
1261.jpg,train
1262.jpg,train
1263.jpg,train
1265.jpg,train
1266.jpg,train
1268.jpg,train
1269.jpg,train
127.jpg,train
1270.jpg,train
1271.jpg,train
1272.jpg,val
1273.jpg,val
1274.jpg,train
1276.jpg,train
1277.jpg,train
1279.jpg,train
128.jpg,train
1281.jpg,train
1283.jpg,train
1284.jpg,train
1285.jpg,train
1286.jpg,train
1287.jpg,train
1289.jpg,val
129.jpg,train
1290.jpg,train
1291.jpg,train
1292.jpg,val
1293.jpg,train
1294.jpg,train
1295.jpg,train
1296.jpg,train
1298.jpg,val
13.jpg,train
130.jpg,train
1300.jpg,train
13000.jpg,train
13003.jpg,train
13006.jpg,train
13009.jpg,train
1301.jpg,train
13018.jpg,val
1302.jpg,train
13021.jpg,train
13027.jpg,train
1303.jpg,train
13033.jpg,train
13036.jpg,train
13039.jpg,train
1304.jpg,val
13042.jpg,train
13045.jpg,train
1305.jpg,train
13051.jpg,val
13054.jpg,train
13057.jpg,train
1306.jpg,train
13060.jpg,val
13063.jpg,val
13066.jpg,train
13069.jpg,train
1307.jpg,train
13072.jpg,val
13075.jpg,train
13078.jpg,train
1308.jpg,train
13081.jpg,val
13084.jpg,val
1309.jpg,train
13090.jpg,val
13096.jpg,val
13099.jpg,train
131.jpg,val
13102.jpg,val
13105.jpg,train
13108.jpg,train
13111.jpg,val
13114.jpg,train
13117.jpg,val
13120.jpg,train
13123.jpg,train
13126.jpg,train
13129.jpg,val
1313.jpg,train
13132.jpg,train
13135.jpg,train
13138.jpg,train
1314.jpg,train
13141.jpg,val
13144.jpg,train
13147.jpg,train
1315.jpg,train
13153.jpg,train
13156.jpg,train
13159.jpg,val
1316.jpg,train
13162.jpg,train
13165.jpg,train
13168.jpg,val
1317.jpg,val
13174.jpg,train
13177.jpg,train
1318.jpg,train
13180.jpg,train
13183.jpg,train
13186.jpg,train
13189.jpg,train
1319.jpg,val
13195.jpg,train
13198.jpg,train
132.jpg,val
1320.jpg,train
13201.jpg,train
13207.jpg,train
1321.jpg,train
13210.jpg,train
13213.jpg,val
13216.jpg,train
13219.jpg,train
1322.jpg,train
13225.jpg,train
13228.jpg,train
1323.jpg,train
13231.jpg,train
13234.jpg,train
13237.jpg,val
13240.jpg,train
13243.jpg,train
13246.jpg,val
13249.jpg,train
1325.jpg,train
13252.jpg,val
13258.jpg,train
1326.jpg,train
13261.jpg,val
13264.jpg,val
13267.jpg,train
1327.jpg,train
13270.jpg,train
13273.jpg,train
13276.jpg,val
13279.jpg,train
13282.jpg,val
13285.jpg,train
13288.jpg,train
1329.jpg,train
13291.jpg,train
13294.jpg,train
13297.jpg,train
133.jpg,val
1330.jpg,train
13300.jpg,train
13303.jpg,train
13306.jpg,train
13309.jpg,train
1331.jpg,train
13315.jpg,train
1332.jpg,val
13321.jpg,train
13324.jpg,train
13327.jpg,train
1333.jpg,train
13330.jpg,train
13333.jpg,val
13336.jpg,train
13339.jpg,val
1334.jpg,train
13342.jpg,train
13348.jpg,train
1335.jpg,train
13351.jpg,val
13354.jpg,train
13357.jpg,train
1336.jpg,train
13360.jpg,val
13363.jpg,train
13366.jpg,train
13369.jpg,val
1337.jpg,val
13372.jpg,train
1338.jpg,train
13381.jpg,train
13384.jpg,train
13387.jpg,train
1339.jpg,train
13390.jpg,train
13396.jpg,train
13399.jpg,train
134.jpg,train
13402.jpg,train
13405.jpg,train
1341.jpg,val
13414.jpg,val
13417.jpg,train
1342.jpg,train
13420.jpg,val
13423.jpg,train
13426.jpg,train
13429.jpg,train
13432.jpg,train
13435.jpg,train
13438.jpg,train
1344.jpg,train
13441.jpg,train
13444.jpg,train
13447.jpg,train
1345.jpg,train
13453.jpg,train
13456.jpg,train
1346.jpg,train
13462.jpg,train
13465.jpg,train
13468.jpg,train
13471.jpg,val
13477.jpg,val
1348.jpg,train
13480.jpg,val
13483.jpg,train
13486.jpg,train
13489.jpg,train
1349.jpg,train
13492.jpg,train
13498.jpg,train
135.jpg,train
1350.jpg,train
13501.jpg,train
13504.jpg,train
13507.jpg,train
1351.jpg,train
13513.jpg,train
13516.jpg,train
13519.jpg,train
1352.jpg,train
13522.jpg,train
13525.jpg,train
13528.jpg,train
1353.jpg,train
13531.jpg,train
13537.jpg,val
1354.jpg,train
13540.jpg,train
1355.jpg,train
1356.jpg,val
1357.jpg,train
1359.jpg,train
136.jpg,train
1361.jpg,train
1362.jpg,train
1363.jpg,val
1365.jpg,train
1367.jpg,train
1368.jpg,train
1369.jpg,train
1371.jpg,train
1372.jpg,train
1373.jpg,train
1374.jpg,val
1375.jpg,train
1376.jpg,train
1377.jpg,val
1379.jpg,train
138.jpg,train
1380.jpg,train
1381.jpg,val
1382.jpg,train
1383.jpg,train
1384.jpg,train
1385.jpg,train
1386.jpg,train
1387.jpg,train
1388.jpg,val
1389.jpg,val
139.jpg,train
1390.jpg,train
1391.jpg,val
1392.jpg,train
1395.jpg,train
1396.jpg,train
1397.jpg,train
14.jpg,train
1400.jpg,val
14000.jpg,train
14005.jpg,train
1401.jpg,train
14010.jpg,train
14015.jpg,train
1402.jpg,train
14020.jpg,train
14025.jpg,train
1403.jpg,train
14030.jpg,train
14035.jpg,val
1404.jpg,train
14040.jpg,train
14050.jpg,train
1406.jpg,train
14060.jpg,train
1407.jpg,train
14070.jpg,train
14075.jpg,train
14080.jpg,train
14085.jpg,train
1409.jpg,train
14090.jpg,train
14095.jpg,train
141.jpg,train
1410.jpg,train
14100.jpg,val
14105.jpg,train
1411.jpg,train
14110.jpg,train
14115.jpg,train
1412.jpg,train
14120.jpg,train
14125.jpg,val
1413.jpg,train
14145.jpg,train
1415.jpg,train
14150.jpg,train
14155.jpg,train
1416.jpg,train
14160.jpg,val
14165.jpg,train
1417.jpg,train
14170.jpg,train
14175.jpg,train
1418.jpg,train
14185.jpg,train
1419.jpg,train
14190.jpg,train
14195.jpg,train
142.jpg,train
1420.jpg,train
14200.jpg,train
14205.jpg,train
1421.jpg,train
14215.jpg,train
1422.jpg,train
14220.jpg,train
14225.jpg,train
1423.jpg,val
1424.jpg,val
1425.jpg,train
1426.jpg,train
1428.jpg,train
143.jpg,train
1430.jpg,train
1431.jpg,train
1432.jpg,val
1433.jpg,val
1434.jpg,train
1435.jpg,train
1436.jpg,train
1437.jpg,train
1438.jpg,train
1439.jpg,train
144.jpg,train
1441.jpg,train
1442.jpg,train
1443.jpg,train
1444.jpg,train
1446.jpg,train
1447.jpg,train
1448.jpg,train
1449.jpg,train
1450.jpg,train
1451.jpg,train
1454.jpg,val
1455.jpg,train
1456.jpg,train
1457.jpg,train
1458.jpg,train
1459.jpg,train
146.jpg,train
1460.jpg,train
1461.jpg,train
1463.jpg,val
1464.jpg,train
1466.jpg,val
1469.jpg,val
147.jpg,train
1472.jpg,train
1474.jpg,train
1475.jpg,train
1476.jpg,train
1477.jpg,train
1479.jpg,val
148.jpg,train
1480.jpg,train
1481.jpg,train
1482.jpg,train
1483.jpg,train
1485.jpg,train
1488.jpg,train
149.jpg,train
1490.jpg,val
1491.jpg,train
1492.jpg,train
1495.jpg,val
1496.jpg,train
1497.jpg,train
1498.jpg,train
1499.jpg,train
15.jpg,train
150.jpg,train
1500.jpg,train
1501.jpg,train
1503.jpg,train
1504.jpg,train
1505.jpg,train
1506.jpg,train
1508.jpg,train
1509.jpg,train
1511.jpg,train
1512.jpg,train
1513.jpg,val
1516.jpg,train
1517.jpg,val
1519.jpg,train
152.jpg,val
1520.jpg,train
1521.jpg,val
1523.jpg,train
1524.jpg,train
1525.jpg,train
1526.jpg,train
1528.jpg,train
153.jpg,train
1531.jpg,train
1532.jpg,train
1533.jpg,train
1534.jpg,train
1535.jpg,train
1536.jpg,train
1537.jpg,train
1538.jpg,train
1539.jpg,train
154.jpg,val
1540.jpg,train
1541.jpg,train
1542.jpg,train
1543.jpg,train
1544.jpg,train
1545.jpg,train
1547.jpg,train
1548.jpg,train
1549.jpg,train
1550.jpg,train
1551.jpg,train
1552.jpg,train
1554.jpg,train
1555.jpg,val
1556.jpg,train
1557.jpg,val
1559.jpg,train
156.jpg,val
1561.jpg,train
1563.jpg,train
1564.jpg,train
1565.jpg,train
1567.jpg,train
1569.jpg,train
157.jpg,train
1570.jpg,train
1571.jpg,val
1572.jpg,train
1573.jpg,train
1574.jpg,train
1575.jpg,train
1576.jpg,val
1577.jpg,train
1578.jpg,train
1579.jpg,train
1580.jpg,val
1581.jpg,train
1582.jpg,train
1583.jpg,train
1584.jpg,train
1585.jpg,train
1586.jpg,train
1587.jpg,train
1588.jpg,train
1589.jpg,train
1590.jpg,val
1593.jpg,train
1594.jpg,train
1595.jpg,train
1596.jpg,train
1597.jpg,val
1598.jpg,train
1599.jpg,val
16.jpg,train
1600.jpg,train
1601.jpg,train
1602.jpg,train
1603.jpg,train
1604.jpg,train
1605.jpg,train
1607.jpg,train
1608.jpg,train
1609.jpg,val
161.jpg,train
1611.jpg,train
1612.jpg,train
1613.jpg,train
1614.jpg,val
1615.jpg,train
1616.jpg,train
1617.jpg,train
1618.jpg,train
1619.jpg,train
162.jpg,train
1620.jpg,train
1621.jpg,train
1622.jpg,train
1624.jpg,train
1625.jpg,val
1626.jpg,train
1627.jpg,train
1628.jpg,train
1629.jpg,train
163.jpg,train
1631.jpg,val
1632.jpg,train
1634.jpg,train
1635.jpg,train
1636.jpg,train
1637.jpg,train
1638.jpg,train
1639.jpg,train
164.jpg,train
1642.jpg,val
1643.jpg,train
1647.jpg,train
1648.jpg,train
1649.jpg,train
165.jpg,val
1650.jpg,train
1651.jpg,train
1652.jpg,train
1653.jpg,train
1654.jpg,val
1655.jpg,train
1657.jpg,train
1658.jpg,train
1659.jpg,train
166.jpg,train
1660.jpg,train
1662.jpg,train
1664.jpg,train
1665.jpg,train
1666.jpg,train
1667.jpg,train
1669.jpg,train
167.jpg,train
1670.jpg,train
1671.jpg,train
1672.jpg,train
1674.jpg,train
1675.jpg,val
1677.jpg,train
1678.jpg,train
1682.jpg,train
1683.jpg,train
1684.jpg,train
1685.jpg,val
1687.jpg,train
1688.jpg,train
1689.jpg,val
169.jpg,train
1690.jpg,train
1692.jpg,train
1693.jpg,train
1694.jpg,val
1695.jpg,train
1696.jpg,val
1697.jpg,val
1699.jpg,val
17.jpg,train
170.jpg,train
1700.jpg,train
1701.jpg,train
1702.jpg,train
1703.jpg,train
1705.jpg,train
1706.jpg,train
1707.jpg,val
1709.jpg,train
171.jpg,train
1710.jpg,train
1711.jpg,val
1713.jpg,val
1714.jpg,val
1715.jpg,train
1716.jpg,train
1717.jpg,train
1718.jpg,train
1720.jpg,train
1721.jpg,train
1722.jpg,val
1723.jpg,train
1724.jpg,train
1725.jpg,train
1726.jpg,train
1727.jpg,train
1728.jpg,train
173.jpg,train
1731.jpg,val
1732.jpg,train
1733.jpg,train
1734.jpg,train
1735.jpg,train
1736.jpg,train
1737.jpg,train
1738.jpg,train
1739.jpg,train
174.jpg,train
1740.jpg,train
1742.jpg,train
1743.jpg,train
1744.jpg,train
1745.jpg,val
1746.jpg,train
1747.jpg,train
1748.jpg,train
1749.jpg,train
175.jpg,train
1750.jpg,train
1751.jpg,train
1752.jpg,train
1754.jpg,train
1755.jpg,val
1756.jpg,train
1757.jpg,train
1758.jpg,train
1759.jpg,train
176.jpg,train
1760.jpg,train
1762.jpg,train
1763.jpg,train
1764.jpg,train
1768.jpg,train
1769.jpg,train
177.jpg,train
1770.jpg,train
1771.jpg,train
1772.jpg,train
1773.jpg,train
1775.jpg,val
1776.jpg,train
1777.jpg,val
1778.jpg,train
1779.jpg,val
178.jpg,val
1780.jpg,val
1781.jpg,train
1783.jpg,train
1784.jpg,train
1785.jpg,train
1786.jpg,val
1787.jpg,train
1788.jpg,train
179.jpg,train
1790.jpg,train
1791.jpg,train
1792.jpg,train
1793.jpg,val
1795.jpg,train
1796.jpg,train
1797.jpg,val
1798.jpg,train
1799.jpg,train
18.jpg,train
180.jpg,train
1800.jpg,train
1803.jpg,train
1804.jpg,val
1805.jpg,train
1806.jpg,train
1807.jpg,train
1808.jpg,val
1809.jpg,train
181.jpg,val
1810.jpg,val
1811.jpg,train
1812.jpg,train
1813.jpg,train
1814.jpg,train
1815.jpg,train
1816.jpg,val
1817.jpg,val
1819.jpg,train
182.jpg,train
1820.jpg,val
1821.jpg,train
1822.jpg,train
1823.jpg,train
1824.jpg,train
1825.jpg,train
1826.jpg,train
1828.jpg,train
183.jpg,train
1830.jpg,train
1831.jpg,train
1832.jpg,train
1833.jpg,train
1834.jpg,train
1835.jpg,train
1836.jpg,train
1837.jpg,train
1839.jpg,train
184.jpg,train
1840.jpg,train
1841.jpg,train
1844.jpg,train
1845.jpg,train
1846.jpg,train
1847.jpg,train
1848.jpg,train
185.jpg,train
1851.jpg,train
1852.jpg,train
1853.jpg,train
1854.jpg,train
1855.jpg,train
1856.jpg,train
1857.jpg,train
1858.jpg,train
186.jpg,train
1860.jpg,train
1861.jpg,train
1862.jpg,train
1863.jpg,val
1864.jpg,train
1865.jpg,train
1866.jpg,val
1867.jpg,train
1868.jpg,train
1869.jpg,train
187.jpg,train
1870.jpg,train
1871.jpg,train
1875.jpg,train
1876.jpg,train
1877.jpg,train
1878.jpg,train
1879.jpg,train
188.jpg,train
1880.jpg,train
1883.jpg,train
1884.jpg,train
1885.jpg,train
1886.jpg,train
1887.jpg,train
1888.jpg,train
1889.jpg,train
189.jpg,train
1890.jpg,train
1892.jpg,val
1893.jpg,train
1894.jpg,train
1896.jpg,train
1897.jpg,train
1898.jpg,train
1899.jpg,train
19.jpg,train
1900.jpg,train
1901.jpg,train
1902.jpg,train
1903.jpg,train
1904.jpg,train
1905.jpg,train
1906.jpg,train
1907.jpg,train
1908.jpg,train
1909.jpg,train
191.jpg,train
1910.jpg,train
1911.jpg,train
1913.jpg,train
1914.jpg,train
1915.jpg,train
1916.jpg,train
1917.jpg,train
1919.jpg,train
192.jpg,train
1920.jpg,train
1921.jpg,train
1922.jpg,train
1923.jpg,train
1925.jpg,val
1926.jpg,train
1927.jpg,train
1929.jpg,train
193.jpg,train
1930.jpg,train
1932.jpg,train
1933.jpg,train
1934.jpg,train
1935.jpg,val
1936.jpg,val
1937.jpg,train
1938.jpg,val
1939.jpg,val
194.jpg,train
1940.jpg,val
1941.jpg,val
1943.jpg,train
1944.jpg,train
1945.jpg,train
1948.jpg,train
195.jpg,train
1950.jpg,val
1951.jpg,val
1952.jpg,val
1953.jpg,train
1954.jpg,train
1955.jpg,train
1956.jpg,train
1959.jpg,train
196.jpg,train
1960.jpg,val
1962.jpg,train
1964.jpg,train
1965.jpg,train
1966.jpg,train
1968.jpg,train
1969.jpg,train
1970.jpg,train
1972.jpg,train
1973.jpg,val
1975.jpg,val
1976.jpg,train
1977.jpg,train
1978.jpg,val
1979.jpg,train
198.jpg,val
1980.jpg,train
1981.jpg,train
1982.jpg,train
1983.jpg,train
1985.jpg,train
1986.jpg,train
1987.jpg,train
1989.jpg,train
199.jpg,train
1991.jpg,val
1992.jpg,train
1993.jpg,train
1994.jpg,train
1995.jpg,train
1996.jpg,train
1997.jpg,train
1998.jpg,train
1999.jpg,train
2.jpg,train
200.jpg,val
2000.jpg,train
2001.jpg,train
2002.jpg,train
2003.jpg,train
2004.jpg,train
2005.jpg,train
2006.jpg,train
2007.jpg,train
2008.jpg,val
201.jpg,train
2010.jpg,train
2012.jpg,train
2013.jpg,train
2014.jpg,train
2015.jpg,train
2016.jpg,train
2017.jpg,train
2018.jpg,train
202.jpg,train
2022.jpg,train
2024.jpg,train
2025.jpg,val
2026.jpg,train
2028.jpg,train
2029.jpg,train
2030.jpg,train
2031.jpg,train
2032.jpg,train
2033.jpg,train
2034.jpg,train
2036.jpg,train
2037.jpg,train
2038.jpg,train
2039.jpg,train
204.jpg,train
2040.jpg,val
2041.jpg,train
2042.jpg,train
2043.jpg,train
2044.jpg,train
2045.jpg,train
2046.jpg,train
2047.jpg,train
2048.jpg,val
2049.jpg,train
205.jpg,train
2050.jpg,train
2051.jpg,train
2052.jpg,train
2053.jpg,train
2054.jpg,train
2055.jpg,train
2056.jpg,train
2057.jpg,train
2058.jpg,train
2060.jpg,val
2061.jpg,val
2062.jpg,val
2063.jpg,val
2064.jpg,train
2065.jpg,train
2066.jpg,train
2068.jpg,train
2069.jpg,train
207.jpg,train
2070.jpg,val
2072.jpg,train
2075.jpg,train
2077.jpg,train
2081.jpg,train
2082.jpg,train
2083.jpg,train
2086.jpg,train
2087.jpg,val
2088.jpg,train
2089.jpg,train
2090.jpg,val
2091.jpg,train
2093.jpg,train
2094.jpg,train
2095.jpg,train
2096.jpg,train
2097.jpg,train
2098.jpg,train
2099.jpg,train
21.jpg,train
210.jpg,train
2100.jpg,train
2102.jpg,train
2103.jpg,train
2104.jpg,train
2106.jpg,train
2107.jpg,train
2108.jpg,train
2109.jpg,train
211.jpg,train
2110.jpg,train
2111.jpg,train
2112.jpg,train
2113.jpg,train
2115.jpg,train
2116.jpg,train
2117.jpg,train
2118.jpg,train
2119.jpg,train
212.jpg,train
2120.jpg,train
2121.jpg,val
2122.jpg,val
2124.jpg,train
2125.jpg,train
2126.jpg,train
2127.jpg,train
2129.jpg,train
213.jpg,train
2130.jpg,train
2131.jpg,train
2133.jpg,train
2134.jpg,train
2137.jpg,train
2138.jpg,train
2139.jpg,val
214.jpg,train
2140.jpg,train
2142.jpg,val
2143.jpg,train
2144.jpg,train
2145.jpg,train
2146.jpg,val
2147.jpg,train
2148.jpg,train
2149.jpg,train
215.jpg,train
2150.jpg,train
2151.jpg,train
2154.jpg,train
2155.jpg,train
2156.jpg,train
216.jpg,train
2160.jpg,train
2161.jpg,train
2163.jpg,train
2164.jpg,train
2166.jpg,val
2167.jpg,train
2168.jpg,train
2171.jpg,val
2172.jpg,train
2173.jpg,train
2175.jpg,train
2176.jpg,train
2177.jpg,train
2178.jpg,train
2179.jpg,train
218.jpg,train
2180.jpg,train
2181.jpg,train
2183.jpg,train
2184.jpg,train
2185.jpg,train
2186.jpg,train
2187.jpg,train
2189.jpg,train
2192.jpg,val
2193.jpg,val
2194.jpg,train
2195.jpg,train
2196.jpg,train
2198.jpg,train
2199.jpg,train
22.jpg,val
220.jpg,val
2200.jpg,train
2201.jpg,train
2202.jpg,train
2203.jpg,train
2204.jpg,train
2205.jpg,train
2207.jpg,train
2208.jpg,val
2209.jpg,train
221.jpg,train
2210.jpg,val
2211.jpg,train
2214.jpg,train
2215.jpg,train
2216.jpg,train
2217.jpg,train
2218.jpg,train
2219.jpg,val
2220.jpg,train
2221.jpg,train
2223.jpg,train
2224.jpg,train
2225.jpg,val
2226.jpg,train
2227.jpg,train
2228.jpg,train
2230.jpg,train
2231.jpg,train
2232.jpg,train
2233.jpg,train
2235.jpg,train
2236.jpg,train
2237.jpg,train
2238.jpg,train
2239.jpg,train
224.jpg,val
2240.jpg,train
2241.jpg,train
2242.jpg,train
2243.jpg,train
2244.jpg,train
2245.jpg,train
2246.jpg,train
2247.jpg,val
2248.jpg,train
2249.jpg,train
225.jpg,train
2251.jpg,val
2253.jpg,train
2255.jpg,train
2256.jpg,val
2257.jpg,train
226.jpg,train
2260.jpg,train
2261.jpg,train
2262.jpg,train
2264.jpg,train
2267.jpg,val
2268.jpg,train
2269.jpg,train
227.jpg,train
2270.jpg,train
2271.jpg,train
2272.jpg,train
2273.jpg,train
2274.jpg,val
2275.jpg,train
2276.jpg,val
2277.jpg,train
2278.jpg,train
2280.jpg,val
2281.jpg,train
2282.jpg,train
2283.jpg,val
2284.jpg,train
2285.jpg,train
2286.jpg,train
2287.jpg,val
2289.jpg,train
229.jpg,train
2290.jpg,train
2291.jpg,train
2292.jpg,val
2293.jpg,train
2294.jpg,train
2296.jpg,val
2297.jpg,val
2298.jpg,train
23.jpg,train
230.jpg,train
2300.jpg,train
2302.jpg,train
2303.jpg,train
2306.jpg,train
2307.jpg,train
2308.jpg,train
2309.jpg,train
231.jpg,train
2310.jpg,train
2311.jpg,train
2312.jpg,train
2316.jpg,train
2317.jpg,train
2318.jpg,train
2319.jpg,train
232.jpg,train
2320.jpg,train
2321.jpg,train
2322.jpg,train
2323.jpg,train
2324.jpg,train
2325.jpg,train
2326.jpg,train
2327.jpg,train
2328.jpg,train
2329.jpg,train
233.jpg,val
2331.jpg,train
2332.jpg,val
2333.jpg,train
2334.jpg,train
2335.jpg,train
2336.jpg,train
2337.jpg,train
2338.jpg,val
2339.jpg,train
234.jpg,train
2341.jpg,val
2342.jpg,train
2343.jpg,train
2344.jpg,train
2346.jpg,train
2347.jpg,train
2348.jpg,train
2349.jpg,train
235.jpg,train
2350.jpg,train
2351.jpg,train
2352.jpg,val
2354.jpg,train
2356.jpg,train
2357.jpg,train
2358.jpg,train
236.jpg,train
2361.jpg,train
2362.jpg,train
2363.jpg,train
2364.jpg,train
2365.jpg,train
2366.jpg,val
2367.jpg,val
2368.jpg,train
2369.jpg,val
237.jpg,train
2370.jpg,train
2371.jpg,train
2372.jpg,train
2373.jpg,train
2374.jpg,train
2375.jpg,train
2376.jpg,train
2377.jpg,val
2378.jpg,train
2379.jpg,train
238.jpg,train
2380.jpg,train
2381.jpg,train
2382.jpg,train
2383.jpg,train
2384.jpg,train
2387.jpg,train
2388.jpg,train
2390.jpg,train
2391.jpg,train
2392.jpg,train
2393.jpg,train
2394.jpg,train
2395.jpg,train
2396.jpg,train
2397.jpg,train
2398.jpg,train
2399.jpg,train
24.jpg,train
240.jpg,val
2401.jpg,train
2402.jpg,train
2403.jpg,train
2404.jpg,train
2405.jpg,train
2406.jpg,train
2408.jpg,train
2409.jpg,val
241.jpg,train
2410.jpg,val
2411.jpg,train
2412.jpg,train
2413.jpg,train
2415.jpg,train
2416.jpg,train
2417.jpg,train
2419.jpg,val
242.jpg,train
2420.jpg,train
2421.jpg,train
2422.jpg,train
2423.jpg,train
2426.jpg,train
2427.jpg,train
2428.jpg,train
2429.jpg,train
243.jpg,train
2430.jpg,val
2431.jpg,train
2432.jpg,train
2433.jpg,val
2434.jpg,train
2435.jpg,train
2436.jpg,train
2437.jpg,train
2438.jpg,train
2439.jpg,train
244.jpg,train
2440.jpg,train
2441.jpg,train
2444.jpg,train
2446.jpg,train
2447.jpg,train
2448.jpg,train
2449.jpg,train
245.jpg,val
2450.jpg,train
2453.jpg,train
2454.jpg,train
2455.jpg,train
2456.jpg,train
2457.jpg,train
2458.jpg,train
2459.jpg,train
246.jpg,train
2460.jpg,val
2461.jpg,train
2463.jpg,train
2464.jpg,train
2465.jpg,train
2466.jpg,train
2467.jpg,train
2468.jpg,train
2469.jpg,train
247.jpg,val
2471.jpg,train
2472.jpg,train
2473.jpg,train
2474.jpg,train
2475.jpg,train
2476.jpg,train
2477.jpg,train
2478.jpg,train
2479.jpg,train
248.jpg,train
2481.jpg,train
2483.jpg,train
2484.jpg,train
2485.jpg,train
2486.jpg,train
2487.jpg,train
249.jpg,train
2490.jpg,train
2491.jpg,train
2492.jpg,train
2493.jpg,val
2494.jpg,train
2496.jpg,train
2497.jpg,train
2498.jpg,train
25.jpg,train
250.jpg,train
2500.jpg,train
2501.jpg,train
2502.jpg,train
2503.jpg,val
2504.jpg,val
2505.jpg,train
2506.jpg,train
2508.jpg,train
2509.jpg,train
251.jpg,train
2510.jpg,train
2511.jpg,train
2512.jpg,train
2513.jpg,train
2514.jpg,train
2515.jpg,train
2517.jpg,train
2518.jpg,train
252.jpg,train
2520.jpg,train
2521.jpg,train
2522.jpg,val
2523.jpg,train
2524.jpg,train
2525.jpg,train
2526.jpg,train
2527.jpg,train
2529.jpg,val
253.jpg,train
2530.jpg,train
2531.jpg,train
2532.jpg,train
2534.jpg,train
2535.jpg,train
2536.jpg,train
2537.jpg,val
2538.jpg,train
2539.jpg,train
254.jpg,train
2540.jpg,train
2541.jpg,train
2542.jpg,train
2543.jpg,train
2544.jpg,train
2545.jpg,train
2546.jpg,train
2547.jpg,train
2548.jpg,train
2549.jpg,train
255.jpg,val
2550.jpg,train
2552.jpg,train
2553.jpg,train
2555.jpg,train
2556.jpg,train
2557.jpg,train
2559.jpg,train
256.jpg,train
2560.jpg,train
2561.jpg,train
2562.jpg,train
2564.jpg,val
2565.jpg,train
2566.jpg,train
2567.jpg,train
2568.jpg,train
2569.jpg,val
257.jpg,train
2570.jpg,train
2571.jpg,val
2572.jpg,train
2573.jpg,train
2575.jpg,train
2576.jpg,train
2577.jpg,train
2578.jpg,train
2579.jpg,train
258.jpg,train
2580.jpg,train
2581.jpg,train
2583.jpg,train
2585.jpg,train
2587.jpg,train
2588.jpg,val
2589.jpg,train
2590.jpg,train
2591.jpg,train
2592.jpg,val
2593.jpg,train
2594.jpg,train
2595.jpg,train
2596.jpg,train
2598.jpg,train
2599.jpg,train
26.jpg,train
260.jpg,val
2600.jpg,train
2601.jpg,train
2606.jpg,train
2607.jpg,train
2608.jpg,train
2609.jpg,val
261.jpg,val
2610.jpg,train
2611.jpg,train
2612.jpg,train
2613.jpg,train
2614.jpg,train
2615.jpg,val
2616.jpg,train
2617.jpg,train
262.jpg,train
2620.jpg,train
2621.jpg,train
2622.jpg,train
2624.jpg,train
2627.jpg,train
2629.jpg,train
263.jpg,train
2630.jpg,train
2631.jpg,val
2632.jpg,train
2633.jpg,train
2634.jpg,val
2636.jpg,val
2637.jpg,train
2638.jpg,train
2639.jpg,train
2641.jpg,val
2642.jpg,train
2644.jpg,train
2645.jpg,val
2646.jpg,train
2647.jpg,train
2648.jpg,train
2649.jpg,train
265.jpg,train
2650.jpg,train
2651.jpg,train
2652.jpg,train
2653.jpg,train
2654.jpg,train
2655.jpg,train
2656.jpg,train
2657.jpg,train
2658.jpg,train
2659.jpg,train
266.jpg,val
2660.jpg,train
2661.jpg,train
2662.jpg,train
2663.jpg,train
2664.jpg,train
2665.jpg,train
2666.jpg,train
2667.jpg,train
2669.jpg,train
2670.jpg,train
2671.jpg,val
2673.jpg,train
2674.jpg,train
2675.jpg,train
2676.jpg,train
2677.jpg,train
2678.jpg,val
2679.jpg,train
2681.jpg,train
2682.jpg,train
2683.jpg,train
2684.jpg,train
2685.jpg,train
2686.jpg,train
2687.jpg,val
2688.jpg,train
269.jpg,train
2690.jpg,train
2691.jpg,train
2692.jpg,train
2693.jpg,train
2694.jpg,train
2695.jpg,train
2696.jpg,train
2697.jpg,train
2698.jpg,train
2699.jpg,val
27.jpg,train
270.jpg,train
2700.jpg,val
2701.jpg,val
2702.jpg,train
2703.jpg,train
2705.jpg,train
2706.jpg,train
2707.jpg,val
2709.jpg,train
271.jpg,train
2710.jpg,train
2712.jpg,train
2713.jpg,train
2714.jpg,train
2719.jpg,train
272.jpg,train
2720.jpg,train
2722.jpg,train
2724.jpg,train
2725.jpg,train
2726.jpg,train
2727.jpg,train
2728.jpg,train
2729.jpg,train
273.jpg,train
2730.jpg,train
2731.jpg,train
2732.jpg,val
2733.jpg,train
2734.jpg,train
2735.jpg,train
2737.jpg,train
2738.jpg,val
2739.jpg,train
274.jpg,train
2740.jpg,train
2741.jpg,train
2742.jpg,train
2743.jpg,train
2744.jpg,train
2745.jpg,train
2746.jpg,val
2747.jpg,train
2748.jpg,train
2749.jpg,train
275.jpg,train
2750.jpg,train
2751.jpg,train
2752.jpg,train
2753.jpg,train
2754.jpg,train
2755.jpg,train
2756.jpg,train
2759.jpg,train
276.jpg,train
2760.jpg,train
2761.jpg,train
2762.jpg,train
2763.jpg,train
2764.jpg,train
2765.jpg,val
2766.jpg,train
2767.jpg,train
2768.jpg,train
2769.jpg,train
277.jpg,train
2772.jpg,train
2773.jpg,train
2774.jpg,train
2776.jpg,train
2777.jpg,train
2778.jpg,train
278.jpg,val
2780.jpg,train
2781.jpg,train
2783.jpg,train
2784.jpg,train
2785.jpg,train
2786.jpg,val
2787.jpg,train
2790.jpg,train
2791.jpg,val
2792.jpg,train
2793.jpg,train
2794.jpg,val
2795.jpg,val
2797.jpg,train
28.jpg,train
280.jpg,train
2800.jpg,val
2801.jpg,train
2802.jpg,train
2806.jpg,train
2807.jpg,val
2808.jpg,train
2809.jpg,train
281.jpg,train
2810.jpg,train
2811.jpg,train
2812.jpg,val
2813.jpg,train
2814.jpg,val
2815.jpg,train
2816.jpg,train
2817.jpg,train
2818.jpg,val
2819.jpg,train
282.jpg,train
2820.jpg,train
2821.jpg,train
2822.jpg,train
2823.jpg,train
2824.jpg,train
2825.jpg,train
2826.jpg,train
2828.jpg,train
2829.jpg,val
283.jpg,train
2831.jpg,train
2833.jpg,train
2834.jpg,train
2837.jpg,val
2838.jpg,train
2839.jpg,train
284.jpg,train
2841.jpg,train
2842.jpg,val
2843.jpg,train
2844.jpg,train
2845.jpg,train
2847.jpg,train
2848.jpg,train
285.jpg,val
2850.jpg,train
2851.jpg,train
2853.jpg,train
2854.jpg,train
2855.jpg,train
2856.jpg,train
2858.jpg,train
2859.jpg,train
286.jpg,train
2860.jpg,train
2861.jpg,train
2862.jpg,val
2863.jpg,train
2864.jpg,val
2865.jpg,train
2866.jpg,train
2867.jpg,train
2869.jpg,train
287.jpg,val
2871.jpg,train
2873.jpg,train
2874.jpg,train
2875.jpg,train
2876.jpg,train
2877.jpg,train
2879.jpg,train
2880.jpg,train
2881.jpg,train
2883.jpg,train
2884.jpg,train
2885.jpg,train
2886.jpg,train
2887.jpg,train
2888.jpg,train
2889.jpg,train
2890.jpg,train
2891.jpg,train
2892.jpg,train
2893.jpg,train
2894.jpg,train
2896.jpg,train
2898.jpg,train
2899.jpg,train
290.jpg,train
2901.jpg,train
2902.jpg,train
2903.jpg,val
2904.jpg,train
2905.jpg,val
2906.jpg,train
2907.jpg,train
2908.jpg,train
2909.jpg,val
291.jpg,train
2912.jpg,train
2914.jpg,train
2915.jpg,train
2916.jpg,train
2917.jpg,train
2918.jpg,train
292.jpg,train
2921.jpg,val
2922.jpg,train
2923.jpg,train
2924.jpg,train
2925.jpg,train
2926.jpg,train
2927.jpg,train
2928.jpg,val
2929.jpg,train
293.jpg,train
2930.jpg,val
2931.jpg,val
2932.jpg,train
2933.jpg,train
2934.jpg,train
2935.jpg,train
2936.jpg,train
2937.jpg,val
2938.jpg,train
2939.jpg,train
294.jpg,train
2940.jpg,train
2941.jpg,train
2942.jpg,train
2943.jpg,train
2944.jpg,train
2945.jpg,train
2946.jpg,train
2948.jpg,train
295.jpg,val
2950.jpg,train
2951.jpg,val
2952.jpg,train
2953.jpg,val
2955.jpg,train
2956.jpg,train
2958.jpg,train
2959.jpg,val
296.jpg,train
2960.jpg,train
2964.jpg,val
2965.jpg,train
2966.jpg,train
2968.jpg,train
2969.jpg,train
297.jpg,train
2970.jpg,train
2971.jpg,train
2973.jpg,train
2974.jpg,train
2975.jpg,train
2976.jpg,train
2977.jpg,train
298.jpg,train
2980.jpg,train
2981.jpg,val
2982.jpg,train
2985.jpg,train
2986.jpg,train
2987.jpg,train
2988.jpg,train
2989.jpg,train
299.jpg,train
2990.jpg,train
2991.jpg,val
2992.jpg,train
2993.jpg,train
2994.jpg,train
2996.jpg,val
2997.jpg,train
2999.jpg,train
3.jpg,val
30.jpg,train
300.jpg,train
3000.jpg,train
3001.jpg,train
3002.jpg,val
3003.jpg,train
3004.jpg,train
3005.jpg,train
3007.jpg,train
301.jpg,train
3012.jpg,train
3014.jpg,train
3016.jpg,train
3017.jpg,train
3018.jpg,train
3019.jpg,train
3021.jpg,val
3023.jpg,train
3024.jpg,train
3026.jpg,train
3028.jpg,train
3029.jpg,val
303.jpg,val
3030.jpg,train
3031.jpg,train
3032.jpg,train
3033.jpg,val
3034.jpg,val
3035.jpg,train
3036.jpg,val
3037.jpg,train
3038.jpg,train
3039.jpg,train
304.jpg,val
3040.jpg,val
3043.jpg,val
3044.jpg,train
3045.jpg,train
3046.jpg,train
3048.jpg,train
3049.jpg,train
3050.jpg,train
3051.jpg,val
3052.jpg,train
3053.jpg,train
3055.jpg,train
3056.jpg,train
3057.jpg,val
3059.jpg,val
306.jpg,train
3062.jpg,train
3063.jpg,train
3064.jpg,train
3065.jpg,train
3066.jpg,train
3067.jpg,val
3068.jpg,train
3069.jpg,train
307.jpg,train
3070.jpg,train
3071.jpg,train
3072.jpg,train
3073.jpg,train
3074.jpg,train
3075.jpg,train
3076.jpg,val
3077.jpg,train
308.jpg,train
3080.jpg,train
3081.jpg,train
3082.jpg,train
3083.jpg,train
3084.jpg,train
3085.jpg,train
3086.jpg,val
3087.jpg,train
3088.jpg,train
3089.jpg,train
309.jpg,train
3090.jpg,train
3091.jpg,train
3092.jpg,train
3093.jpg,train
3095.jpg,train
3096.jpg,val
3097.jpg,train
3098.jpg,train
3099.jpg,train
310.jpg,train
3101.jpg,train
3102.jpg,val
3103.jpg,train
3105.jpg,val
3106.jpg,train
3107.jpg,train
3108.jpg,train
3109.jpg,train
3110.jpg,train
3111.jpg,train
3112.jpg,train
3113.jpg,train
3114.jpg,train
3115.jpg,train
3116.jpg,train
3117.jpg,train
3118.jpg,train
312.jpg,train
3120.jpg,train
3121.jpg,val
3122.jpg,train
3123.jpg,val
3124.jpg,train
3125.jpg,train
3126.jpg,train
3128.jpg,train
3129.jpg,train
313.jpg,train
3130.jpg,train
3133.jpg,train
3134.jpg,train
3135.jpg,train
3136.jpg,train
3137.jpg,train
3138.jpg,train
3139.jpg,train
3140.jpg,train
3142.jpg,train
3143.jpg,train
3144.jpg,train
3145.jpg,train
3146.jpg,train
3147.jpg,train
315.jpg,train
3150.jpg,train
3151.jpg,train
3152.jpg,train
3153.jpg,train
3154.jpg,train
3157.jpg,train
316.jpg,train
3162.jpg,train
3167.jpg,val
3168.jpg,train
3169.jpg,train
317.jpg,train
3171.jpg,val
3172.jpg,train
3173.jpg,train
3174.jpg,train
3175.jpg,train
3176.jpg,train
3177.jpg,train
3178.jpg,val
3179.jpg,train
318.jpg,train
3180.jpg,train
3181.jpg,train
3182.jpg,train
3183.jpg,train
3184.jpg,train
3185.jpg,train
3186.jpg,train
3187.jpg,train
3188.jpg,train
3189.jpg,train
319.jpg,train
3190.jpg,train
3191.jpg,train
3192.jpg,train
3193.jpg,train
3195.jpg,train
3198.jpg,train
3199.jpg,train
32.jpg,train
320.jpg,train
3200.jpg,train
3201.jpg,val
3202.jpg,train
3203.jpg,train
3205.jpg,train
3206.jpg,train
3208.jpg,train
3209.jpg,train
321.jpg,train
3210.jpg,train
3211.jpg,train
3212.jpg,train
3214.jpg,train
3215.jpg,train
3216.jpg,train
3218.jpg,train
3219.jpg,train
322.jpg,train
3220.jpg,train
3221.jpg,train
3222.jpg,train
3223.jpg,train
3224.jpg,train
3225.jpg,train
3227.jpg,train
3228.jpg,val
3229.jpg,train
323.jpg,train
3230.jpg,train
3232.jpg,train
3233.jpg,val
3234.jpg,val
3235.jpg,val
3236.jpg,train
3237.jpg,train
3238.jpg,val
3239.jpg,train
3240.jpg,train
3241.jpg,val
3243.jpg,val
3244.jpg,train
3246.jpg,train
3247.jpg,train
3248.jpg,train
3251.jpg,train
3252.jpg,train
3253.jpg,train
3254.jpg,val
3255.jpg,train
3256.jpg,train
3257.jpg,train
3258.jpg,val
3259.jpg,train
326.jpg,train
3260.jpg,train
3262.jpg,val
3263.jpg,train
3264.jpg,val
3265.jpg,train
3266.jpg,train
3267.jpg,train
3268.jpg,train
3269.jpg,train
327.jpg,train
3272.jpg,val
3274.jpg,train
3276.jpg,train
3277.jpg,train
3278.jpg,val
3279.jpg,train
328.jpg,train
3280.jpg,val
3281.jpg,train
3282.jpg,val
3283.jpg,train
3284.jpg,train
3285.jpg,train
3286.jpg,train
3287.jpg,train
3288.jpg,train
3289.jpg,val
329.jpg,train
3290.jpg,train
3292.jpg,train
3294.jpg,train
3295.jpg,train
3296.jpg,val
33.jpg,train
330.jpg,train
3300.jpg,train
3303.jpg,val
3304.jpg,train
3305.jpg,val
3306.jpg,train
3307.jpg,val
3308.jpg,train
3309.jpg,train
331.jpg,train
3310.jpg,val
3311.jpg,train
3313.jpg,train
3314.jpg,train
3316.jpg,train
3317.jpg,train
3318.jpg,train
332.jpg,train
3320.jpg,train
3321.jpg,train
3322.jpg,train
3323.jpg,train
3327.jpg,train
3328.jpg,val
3329.jpg,train
333.jpg,val
3330.jpg,train
3332.jpg,train
3333.jpg,val
3334.jpg,val
3335.jpg,train
3336.jpg,train
3337.jpg,train
3338.jpg,val
3339.jpg,train
334.jpg,train
3340.jpg,train
3341.jpg,train
3342.jpg,val
3343.jpg,train
3344.jpg,train
3345.jpg,val
3346.jpg,train
3347.jpg,val
3348.jpg,val
3349.jpg,train
335.jpg,train
3350.jpg,train
3352.jpg,train
3354.jpg,train
3355.jpg,train
3356.jpg,val
3357.jpg,train
3358.jpg,train
3359.jpg,train
336.jpg,train
3362.jpg,train
3363.jpg,train
3364.jpg,train
3365.jpg,train
3366.jpg,train
3367.jpg,train
3368.jpg,train
3369.jpg,train
337.jpg,train
3370.jpg,train
3371.jpg,train
3372.jpg,train
3373.jpg,train
3376.jpg,train
3377.jpg,train
3378.jpg,train
3379.jpg,train
338.jpg,train
3380.jpg,train
3381.jpg,train
3383.jpg,train
3384.jpg,train
3385.jpg,train
3386.jpg,train
339.jpg,train
3390.jpg,train
3392.jpg,train
3393.jpg,train
3394.jpg,train
3395.jpg,train
3396.jpg,train
3397.jpg,train
3398.jpg,train
3399.jpg,train
34.jpg,train
340.jpg,train
3400.jpg,train
3401.jpg,train
3402.jpg,train
3403.jpg,train
3404.jpg,val
3405.jpg,train
3406.jpg,train
3408.jpg,train
3409.jpg,train
341.jpg,train
3410.jpg,train
3411.jpg,train
3412.jpg,train
3413.jpg,val
3414.jpg,val
3415.jpg,train
3416.jpg,train
3417.jpg,train
3418.jpg,train
342.jpg,train
3420.jpg,train
3421.jpg,train
3422.jpg,train
3424.jpg,train
3425.jpg,train
3426.jpg,val
3427.jpg,train
3428.jpg,val
343.jpg,train
3430.jpg,train
3431.jpg,train
3432.jpg,val
3433.jpg,train
3434.jpg,train
3435.jpg,train
3436.jpg,train
3437.jpg,train
3438.jpg,train
3439.jpg,train
344.jpg,train
3440.jpg,train
3441.jpg,train
3443.jpg,train
3444.jpg,train
3446.jpg,train
3448.jpg,val
3449.jpg,train
345.jpg,train
3450.jpg,train
3451.jpg,train
3452.jpg,train
3453.jpg,train
3454.jpg,train
3455.jpg,train
3457.jpg,val
3458.jpg,train
3459.jpg,train
346.jpg,train
3460.jpg,train
3461.jpg,train
3462.jpg,val
3463.jpg,train
3464.jpg,train
3466.jpg,val
3468.jpg,train
3469.jpg,train
347.jpg,train
3471.jpg,train
3473.jpg,train
3474.jpg,train
3476.jpg,train
3477.jpg,train
3478.jpg,train
3480.jpg,train
3481.jpg,train
3482.jpg,train
3483.jpg,train
3484.jpg,train
3485.jpg,train
3486.jpg,val
3487.jpg,train
3488.jpg,val
3489.jpg,train
349.jpg,train
3490.jpg,train
3491.jpg,train
3492.jpg,train
3493.jpg,val
3494.jpg,train
3495.jpg,train
3496.jpg,val
3497.jpg,train
3499.jpg,train
35.jpg,val
350.jpg,val
3500.jpg,train
3501.jpg,train
3502.jpg,val
3503.jpg,train
3504.jpg,train
3505.jpg,train
3506.jpg,train
3507.jpg,train
3508.jpg,train
351.jpg,train
3510.jpg,train
3511.jpg,train
3512.jpg,train
3515.jpg,train
3516.jpg,train
3517.jpg,train
3518.jpg,train
3519.jpg,val
3521.jpg,val
3523.jpg,val
3524.jpg,train
3525.jpg,train
3526.jpg,train
3528.jpg,train
3529.jpg,train
353.jpg,train
3530.jpg,train
3531.jpg,train
3533.jpg,train
3534.jpg,val
3535.jpg,train
3536.jpg,train
3538.jpg,train
3539.jpg,train
354.jpg,train
3540.jpg,train
3541.jpg,train
3542.jpg,train
3543.jpg,train
3544.jpg,train
3545.jpg,train
3546.jpg,train
3548.jpg,val
3549.jpg,train
355.jpg,train
3550.jpg,train
3551.jpg,val
3552.jpg,val
3553.jpg,train
3554.jpg,train
3555.jpg,train
3558.jpg,train
356.jpg,train
3560.jpg,train
3561.jpg,train
3562.jpg,train
3564.jpg,train
3565.jpg,val
3566.jpg,train
3567.jpg,train
3569.jpg,train
357.jpg,val
3570.jpg,train
3571.jpg,train
3572.jpg,train
3573.jpg,train
3575.jpg,train
3577.jpg,train
3578.jpg,train
358.jpg,train
3580.jpg,train
3581.jpg,train
3584.jpg,train
3585.jpg,train
3586.jpg,train
3587.jpg,train
3588.jpg,train
3589.jpg,val
3590.jpg,val
3591.jpg,val
3592.jpg,train
3594.jpg,train
3595.jpg,train
3596.jpg,train
3597.jpg,train
36.jpg,val
360.jpg,train
3600.jpg,val
3601.jpg,train
3602.jpg,val
3604.jpg,train
3605.jpg,train
3606.jpg,val
3607.jpg,val
3608.jpg,train
3609.jpg,train
361.jpg,val
3610.jpg,train
3611.jpg,train
3612.jpg,train
3613.jpg,train
3614.jpg,train
3616.jpg,train
3617.jpg,train
3618.jpg,train
3619.jpg,train
362.jpg,train
3620.jpg,train
3621.jpg,train
3625.jpg,val
3626.jpg,train
3627.jpg,train
3628.jpg,train
3629.jpg,train
363.jpg,train
3631.jpg,train
3632.jpg,train
3634.jpg,train
3635.jpg,train
3636.jpg,train
3638.jpg,val
364.jpg,train
3640.jpg,train
3642.jpg,val
3643.jpg,train
3644.jpg,train
3645.jpg,train
3648.jpg,val
3649.jpg,train
365.jpg,val
3650.jpg,train
3652.jpg,val
3653.jpg,train
3654.jpg,train
3655.jpg,train
3656.jpg,train
3657.jpg,train
366.jpg,train
3661.jpg,train
3662.jpg,train
3663.jpg,val
3664.jpg,train
3666.jpg,train
3667.jpg,train
3668.jpg,train
3669.jpg,val
367.jpg,train
3670.jpg,train
3671.jpg,train
3673.jpg,train
3674.jpg,train
3676.jpg,train
3677.jpg,train
3678.jpg,train
3679.jpg,train
368.jpg,train
3680.jpg,train
3681.jpg,train
3682.jpg,train
3683.jpg,val
3684.jpg,train
3686.jpg,train
3687.jpg,train
3688.jpg,train
3689.jpg,val
369.jpg,train
3690.jpg,train
3692.jpg,train
3693.jpg,val
3695.jpg,val
3696.jpg,train
3697.jpg,train
3698.jpg,train
37.jpg,train
370.jpg,train
3700.jpg,train
3701.jpg,train
3702.jpg,val
3703.jpg,val
3704.jpg,train
3706.jpg,train
3708.jpg,train
3710.jpg,train
3712.jpg,train
3713.jpg,train
3714.jpg,train
3715.jpg,train
3716.jpg,train
3717.jpg,train
3719.jpg,train
372.jpg,train
3720.jpg,train
3721.jpg,train
3722.jpg,train
3723.jpg,train
3724.jpg,train
3725.jpg,train
3727.jpg,train
3728.jpg,train
3729.jpg,train
373.jpg,train
3730.jpg,val
3731.jpg,train
3732.jpg,train
3735.jpg,train
3736.jpg,train
3737.jpg,val
3739.jpg,val
374.jpg,train
3740.jpg,train
3741.jpg,train
3743.jpg,train
3744.jpg,train
3745.jpg,train
3746.jpg,val
3747.jpg,val
3748.jpg,val
3749.jpg,val
375.jpg,train
3750.jpg,val
3751.jpg,train
3752.jpg,train
3753.jpg,train
3755.jpg,val
3756.jpg,val
3757.jpg,train
3758.jpg,train
376.jpg,train
3760.jpg,train
3761.jpg,val
3762.jpg,val
3763.jpg,train
3764.jpg,train
3765.jpg,train
3767.jpg,train
3768.jpg,train
3769.jpg,train
377.jpg,train
3770.jpg,train
3772.jpg,val
3773.jpg,train
3774.jpg,val
3775.jpg,train
3777.jpg,train
3778.jpg,val
3779.jpg,train
378.jpg,train
3780.jpg,train
3781.jpg,train
3783.jpg,val
3784.jpg,train
3785.jpg,train
3786.jpg,train
3787.jpg,train
3788.jpg,train
3789.jpg,train
379.jpg,val
3790.jpg,train
3791.jpg,val
3793.jpg,train
3794.jpg,train
3795.jpg,train
3797.jpg,train
380.jpg,train
3800.jpg,val
3801.jpg,train
3802.jpg,val
3803.jpg,train
3804.jpg,train
3805.jpg,train
3806.jpg,train
3807.jpg,train
3808.jpg,train
3809.jpg,val
381.jpg,train
3810.jpg,val
3814.jpg,train
3815.jpg,train
3816.jpg,train
3817.jpg,train
3819.jpg,train
382.jpg,train
3820.jpg,train
3821.jpg,train
3822.jpg,val
3823.jpg,train
3824.jpg,train
3825.jpg,train
3826.jpg,train
3827.jpg,train
3828.jpg,train
383.jpg,train
3832.jpg,train
3833.jpg,train
3834.jpg,train
3835.jpg,train
3836.jpg,train
3837.jpg,train
3838.jpg,train
3839.jpg,train
384.jpg,train
3842.jpg,train
3843.jpg,train
3845.jpg,train
3846.jpg,train
3847.jpg,train
3849.jpg,train
385.jpg,train
3851.jpg,train
3852.jpg,val
3853.jpg,train
3855.jpg,train
3856.jpg,val
3857.jpg,train
3859.jpg,train
386.jpg,train
3861.jpg,train
3863.jpg,train
3864.jpg,train
3865.jpg,val
3866.jpg,val
3867.jpg,train
3868.jpg,train
3869.jpg,train
387.jpg,train
3870.jpg,train
3871.jpg,train
3872.jpg,train
3873.jpg,train
3874.jpg,train
3875.jpg,train
3877.jpg,train
3879.jpg,train
388.jpg,train
3880.jpg,train
3881.jpg,train
3882.jpg,train
3883.jpg,train
3884.jpg,train
3885.jpg,train
3886.jpg,train
3887.jpg,train
3888.jpg,train
3889.jpg,train
389.jpg,train
3890.jpg,train
3891.jpg,train
3892.jpg,val
3893.jpg,train
3894.jpg,train
3895.jpg,train
3896.jpg,train
3897.jpg,train
3898.jpg,train
3899.jpg,train
39.jpg,val
390.jpg,train
3900.jpg,train
3901.jpg,train
3902.jpg,train
3903.jpg,val
3904.jpg,train
3906.jpg,train
3907.jpg,train
3908.jpg,train
3909.jpg,train
3910.jpg,train
3911.jpg,train
3912.jpg,train
3913.jpg,train
3914.jpg,train
3916.jpg,train
3917.jpg,train
3918.jpg,train
3919.jpg,val
3920.jpg,train
3921.jpg,train
3922.jpg,train
3924.jpg,train
3925.jpg,train
3926.jpg,train
3927.jpg,train
3928.jpg,train
3930.jpg,train
3931.jpg,train
3932.jpg,val
3933.jpg,train
3934.jpg,train
3936.jpg,train
3937.jpg,val
3938.jpg,train
3939.jpg,val
394.jpg,train
3940.jpg,train
3941.jpg,train
3942.jpg,train
3943.jpg,val
3944.jpg,train
3946.jpg,train
3947.jpg,val
3948.jpg,val
395.jpg,train
3950.jpg,train
3951.jpg,train
3952.jpg,train
3953.jpg,val
3954.jpg,train
3955.jpg,train
3956.jpg,train
3957.jpg,val
3958.jpg,train
3959.jpg,train
396.jpg,train
3960.jpg,train
3961.jpg,val
3962.jpg,train
3963.jpg,train
3964.jpg,train
3965.jpg,train
3966.jpg,train
3967.jpg,val
3968.jpg,train
3969.jpg,val
397.jpg,train
3970.jpg,train
3971.jpg,train
3972.jpg,val
3973.jpg,train
3974.jpg,train
3975.jpg,train
3977.jpg,train
3978.jpg,train
3979.jpg,val
398.jpg,val
3980.jpg,train
3982.jpg,val
3983.jpg,train
3984.jpg,train
3985.jpg,train
3986.jpg,val
3988.jpg,train
3989.jpg,train
399.jpg,val
3990.jpg,val
3991.jpg,train
3992.jpg,train
3994.jpg,train
3995.jpg,train
3996.jpg,train
3997.jpg,train
3999.jpg,train
4.jpg,train
40.jpg,train
4000.jpg,train
4001.jpg,train
4002.jpg,train
4005.jpg,train
4006.jpg,train
4007.jpg,train
4008.jpg,train
4009.jpg,train
401.jpg,train
4010.jpg,val
4011.jpg,train
4012.jpg,train
4014.jpg,train
4015.jpg,train
4016.jpg,train
4017.jpg,train
4018.jpg,train
402.jpg,train
4020.jpg,train
4021.jpg,train
4022.jpg,train
4023.jpg,train
4024.jpg,train
4025.jpg,val
4026.jpg,train
4027.jpg,train
4028.jpg,train
4029.jpg,val
403.jpg,train
4030.jpg,train
4031.jpg,train
4032.jpg,train
4033.jpg,train
4034.jpg,val
4035.jpg,train
4036.jpg,train
4038.jpg,train
4039.jpg,train
404.jpg,train
4040.jpg,train
4042.jpg,train
4043.jpg,train
4044.jpg,train
4045.jpg,train
4046.jpg,train
4048.jpg,train
405.jpg,train
4050.jpg,val
4051.jpg,train
4052.jpg,train
4053.jpg,train
4054.jpg,train
4055.jpg,train
4056.jpg,train
4058.jpg,train
4059.jpg,train
406.jpg,train
4060.jpg,train
4061.jpg,train
4062.jpg,train
4063.jpg,train
4065.jpg,train
4066.jpg,train
4067.jpg,train
4068.jpg,val
4069.jpg,train
407.jpg,train
4070.jpg,train
4071.jpg,train
4072.jpg,train
4073.jpg,val
4074.jpg,train
4075.jpg,val
4076.jpg,train
4077.jpg,train
4078.jpg,train
4079.jpg,train
408.jpg,val
4080.jpg,train
4081.jpg,train
4082.jpg,train
4083.jpg,train
4084.jpg,train
4085.jpg,train
4087.jpg,train
4088.jpg,train
4089.jpg,train
4090.jpg,train
4091.jpg,train
4092.jpg,val
4093.jpg,val
4094.jpg,train
4095.jpg,train
4096.jpg,train
4097.jpg,train
4098.jpg,train
4099.jpg,train
410.jpg,train
4100.jpg,val
4101.jpg,train
4102.jpg,train
4103.jpg,train
4105.jpg,train
4106.jpg,train
4107.jpg,train
4108.jpg,train
4109.jpg,train
4111.jpg,train
4112.jpg,train
4113.jpg,train
4114.jpg,train
4115.jpg,val
4116.jpg,train
4118.jpg,train
4119.jpg,train
412.jpg,train
4120.jpg,train
4121.jpg,train
4123.jpg,train
4124.jpg,val
4125.jpg,train
4127.jpg,train
4128.jpg,train
4129.jpg,train
413.jpg,train
4130.jpg,train
4131.jpg,train
4132.jpg,train
4134.jpg,train
4135.jpg,train
4136.jpg,train
4137.jpg,train
4138.jpg,train
414.jpg,train
4140.jpg,train
4141.jpg,train
4142.jpg,train
4143.jpg,train
4145.jpg,train
4146.jpg,train
4147.jpg,train
4148.jpg,train
4149.jpg,train
415.jpg,train
4150.jpg,train
4151.jpg,train
4152.jpg,train
4153.jpg,train
4154.jpg,train
4155.jpg,train
4156.jpg,train
4157.jpg,val
4158.jpg,train
4159.jpg,train
4160.jpg,train
4161.jpg,train
4162.jpg,train
4163.jpg,train
4165.jpg,train
4166.jpg,train
4167.jpg,train
4168.jpg,train
4169.jpg,train
4170.jpg,train
4171.jpg,train
4172.jpg,train
4173.jpg,val
4174.jpg,train
4175.jpg,train
4176.jpg,train
4177.jpg,train
4178.jpg,train
4179.jpg,train
418.jpg,train
4180.jpg,train
4181.jpg,train
4182.jpg,train
4183.jpg,train
4184.jpg,train
4185.jpg,train
4186.jpg,train
4187.jpg,train
4188.jpg,train
4189.jpg,train
419.jpg,train
4190.jpg,val
4191.jpg,train
4192.jpg,train
4193.jpg,train
4194.jpg,train
4195.jpg,train
4196.jpg,train
4197.jpg,train
4198.jpg,train
4199.jpg,train
42.jpg,train
420.jpg,val
4200.jpg,train
4201.jpg,train
4202.jpg,train
4203.jpg,train
4204.jpg,train
4205.jpg,train
4206.jpg,train
4207.jpg,train
4208.jpg,train
4209.jpg,train
421.jpg,train
4210.jpg,val
4211.jpg,train
4212.jpg,train
4213.jpg,train
4214.jpg,val
4215.jpg,train
4216.jpg,train
4217.jpg,train
4218.jpg,train
4219.jpg,train
422.jpg,train
4221.jpg,train
4222.jpg,train
4223.jpg,train
4224.jpg,train
4225.jpg,train
4226.jpg,train
4227.jpg,train
4228.jpg,train
4229.jpg,train
423.jpg,train
4230.jpg,train
4233.jpg,train
4234.jpg,train
4235.jpg,train
4236.jpg,train
4237.jpg,train
4238.jpg,train
424.jpg,train
4240.jpg,val
4241.jpg,train
4242.jpg,train
4243.jpg,train
4244.jpg,train
4245.jpg,train
4246.jpg,train
4247.jpg,train
4248.jpg,train
4249.jpg,train
4250.jpg,train
4251.jpg,train
4252.jpg,train
4256.jpg,train
4257.jpg,val
4259.jpg,train
426.jpg,train
4260.jpg,train
4261.jpg,train
4262.jpg,train
4264.jpg,train
4265.jpg,val
4266.jpg,train
4267.jpg,train
4268.jpg,train
4271.jpg,train
4272.jpg,val
4273.jpg,val
4276.jpg,train
4277.jpg,train
4278.jpg,val
4279.jpg,train
428.jpg,train
4280.jpg,train
4281.jpg,train
4282.jpg,train
4283.jpg,val
4284.jpg,train
4286.jpg,train
4287.jpg,train
4288.jpg,train
4289.jpg,train
429.jpg,train
4290.jpg,train
4291.jpg,val
4292.jpg,train
4293.jpg,train
4294.jpg,val
4296.jpg,val
4297.jpg,train
4298.jpg,train
4299.jpg,train
43.jpg,train
430.jpg,train
4301.jpg,train
4302.jpg,val
4303.jpg,train
4304.jpg,train
4305.jpg,train
4306.jpg,train
4307.jpg,train
431.jpg,train
4310.jpg,train
4311.jpg,train
4312.jpg,train
4313.jpg,train
4314.jpg,train
4315.jpg,train
4316.jpg,train
4317.jpg,train
4318.jpg,train
4319.jpg,val
432.jpg,train
4320.jpg,train
4321.jpg,train
4322.jpg,train
4323.jpg,train
4324.jpg,val
4325.jpg,val
4326.jpg,train
4329.jpg,train
433.jpg,train
4330.jpg,train
4331.jpg,train
4332.jpg,train
4334.jpg,train
4335.jpg,train
4336.jpg,train
4337.jpg,train
4338.jpg,train
4339.jpg,train
434.jpg,train
4340.jpg,train
4341.jpg,train
4342.jpg,train
4343.jpg,train
4344.jpg,train
4345.jpg,train
4346.jpg,train
4347.jpg,train
4348.jpg,train
4349.jpg,val
435.jpg,train
4350.jpg,val
4351.jpg,train
4352.jpg,val
4353.jpg,train
4354.jpg,train
4355.jpg,train
4356.jpg,train
4358.jpg,train
4359.jpg,train
4360.jpg,train
4361.jpg,train
4362.jpg,val
4363.jpg,train
4364.jpg,train
4365.jpg,train
4366.jpg,train
4367.jpg,train
4368.jpg,train
4369.jpg,train
437.jpg,train
4370.jpg,train
4371.jpg,train
4372.jpg,train
4374.jpg,train
4375.jpg,train
4376.jpg,train
4377.jpg,train
4378.jpg,train
4379.jpg,train
4380.jpg,train
4381.jpg,train
4382.jpg,train
4383.jpg,train
4384.jpg,train
4385.jpg,train
4386.jpg,train
4388.jpg,train
4389.jpg,train
439.jpg,train
4390.jpg,train
4391.jpg,val
4392.jpg,train
4394.jpg,val
4395.jpg,train
4396.jpg,train
4397.jpg,train
4398.jpg,train
4399.jpg,train
44.jpg,val
440.jpg,train
4400.jpg,train
4402.jpg,train
4403.jpg,train
4404.jpg,train
4405.jpg,train
4406.jpg,train
4407.jpg,train
4409.jpg,train
441.jpg,train
4410.jpg,train
4411.jpg,train
4414.jpg,train
4415.jpg,train
4416.jpg,val
4417.jpg,train
4418.jpg,train
4419.jpg,train
442.jpg,train
4421.jpg,val
4422.jpg,train
4423.jpg,train
4426.jpg,train
4428.jpg,train
443.jpg,val
4430.jpg,train
4431.jpg,train
4432.jpg,train
4433.jpg,train
4434.jpg,train
4435.jpg,train
4436.jpg,train
4438.jpg,train
4440.jpg,train
4441.jpg,val
4442.jpg,train
4443.jpg,train
4444.jpg,train
4445.jpg,val
4446.jpg,train
4447.jpg,train
4448.jpg,train
4449.jpg,train
445.jpg,train
4450.jpg,train
4451.jpg,train
4452.jpg,train
4453.jpg,val
4454.jpg,train
4455.jpg,val
4457.jpg,train
4459.jpg,train
4460.jpg,val
4461.jpg,train
4462.jpg,train
4463.jpg,train
4464.jpg,train
4465.jpg,train
4466.jpg,train
4467.jpg,train
4468.jpg,train
4469.jpg,train
4470.jpg,train
4471.jpg,train
4472.jpg,train
4473.jpg,train
4475.jpg,train
4476.jpg,train
4477.jpg,train
4478.jpg,train
4479.jpg,train
448.jpg,train
4480.jpg,train
4481.jpg,val
4482.jpg,train
4483.jpg,train
4484.jpg,val
4485.jpg,train
4486.jpg,train
4487.jpg,train
4488.jpg,train
4489.jpg,train
449.jpg,train
4490.jpg,train
4491.jpg,train
4492.jpg,train
4493.jpg,train
4494.jpg,val
4495.jpg,train
4496.jpg,train
4497.jpg,train
4498.jpg,val
4499.jpg,train
45.jpg,train
450.jpg,train
4500.jpg,train
4503.jpg,train
4504.jpg,train
4505.jpg,train
4506.jpg,val
4508.jpg,train
4509.jpg,val
4511.jpg,train
4512.jpg,train
4513.jpg,train
4514.jpg,train
4515.jpg,train
4516.jpg,val
4517.jpg,train
4518.jpg,train
4519.jpg,val
4520.jpg,train
4521.jpg,val
4522.jpg,train
4523.jpg,train
4524.jpg,train
4525.jpg,train
4526.jpg,train
4527.jpg,train
4528.jpg,train
4529.jpg,train
4530.jpg,val
4531.jpg,train
4532.jpg,train
4533.jpg,train
4534.jpg,train
4536.jpg,train
4537.jpg,train
4538.jpg,train
4539.jpg,train
454.jpg,train
4541.jpg,train
4542.jpg,train
4544.jpg,train
4546.jpg,train
4547.jpg,train
4548.jpg,train
4549.jpg,train
4550.jpg,train
4552.jpg,val
4553.jpg,train
4555.jpg,train
4556.jpg,train
4557.jpg,train
4559.jpg,train
4560.jpg,train
4561.jpg,train
4562.jpg,train
4563.jpg,train
4564.jpg,train
4565.jpg,train
4566.jpg,train
4567.jpg,train
4568.jpg,train
457.jpg,train
4570.jpg,train
4571.jpg,train
4572.jpg,train
4573.jpg,train
4574.jpg,train
4575.jpg,train
4576.jpg,val
4577.jpg,train
4578.jpg,train
4579.jpg,train
458.jpg,train
4581.jpg,train
4582.jpg,train
4583.jpg,train
4584.jpg,train
4586.jpg,val
4588.jpg,val
4589.jpg,train
4590.jpg,train
4591.jpg,train
4592.jpg,train
4593.jpg,train
4594.jpg,train
4595.jpg,train
4596.jpg,train
4597.jpg,train
4598.jpg,train
4599.jpg,val
460.jpg,train
4602.jpg,val
4603.jpg,train
4604.jpg,train
4605.jpg,train
4606.jpg,val
4607.jpg,train
4609.jpg,train
461.jpg,train
4610.jpg,val
4611.jpg,train
4612.jpg,train
4614.jpg,train
4615.jpg,train
4616.jpg,train
4617.jpg,train
4618.jpg,train
4619.jpg,train
462.jpg,train
4620.jpg,train
4621.jpg,train
4622.jpg,val
4623.jpg,val
4624.jpg,train
4626.jpg,train
4627.jpg,train
4628.jpg,train
4629.jpg,train
463.jpg,train
4630.jpg,train
4631.jpg,train
4632.jpg,train
4633.jpg,train
4634.jpg,train
4635.jpg,train
4636.jpg,train
4637.jpg,train
4638.jpg,train
4639.jpg,val
464.jpg,val
4640.jpg,train
4642.jpg,train
4643.jpg,train
4645.jpg,train
4646.jpg,train
4647.jpg,train
4648.jpg,train
4649.jpg,train
465.jpg,train
4651.jpg,train
4652.jpg,train
4655.jpg,train
4656.jpg,train
4657.jpg,train
4658.jpg,val
4659.jpg,train
466.jpg,train
4660.jpg,train
4661.jpg,train
4662.jpg,train
4665.jpg,train
4666.jpg,train
4667.jpg,train
4669.jpg,train
467.jpg,train
4670.jpg,train
4671.jpg,train
4673.jpg,train
4674.jpg,train
4675.jpg,train
4678.jpg,train
4679.jpg,train
468.jpg,train
4680.jpg,train
4681.jpg,train
4682.jpg,val
4683.jpg,val
4685.jpg,train
4686.jpg,train
4687.jpg,train
4688.jpg,train
4689.jpg,train
469.jpg,train
4690.jpg,val
4691.jpg,train
4692.jpg,train
4693.jpg,train
4694.jpg,train
4696.jpg,train
4697.jpg,train
4698.jpg,val
4699.jpg,train
47.jpg,train
470.jpg,train
4700.jpg,val
4701.jpg,train
4702.jpg,train
4703.jpg,train
4705.jpg,train
4706.jpg,val
4707.jpg,train
4709.jpg,val
471.jpg,train
4711.jpg,train
4712.jpg,train
4713.jpg,val
4715.jpg,train
4716.jpg,train
4717.jpg,train
4718.jpg,train
4719.jpg,val
472.jpg,train
4720.jpg,train
4721.jpg,train
4722.jpg,train
4723.jpg,val
4724.jpg,train
4726.jpg,train
4727.jpg,train
4731.jpg,train
4732.jpg,train
4733.jpg,train
4734.jpg,val
4737.jpg,train
4738.jpg,train
474.jpg,train
4740.jpg,val
4741.jpg,train
4742.jpg,val
4743.jpg,train
4744.jpg,train
4745.jpg,train
4746.jpg,train
4747.jpg,train
4749.jpg,train
475.jpg,train
4750.jpg,val
4751.jpg,train
4752.jpg,train
4753.jpg,train
4754.jpg,train
4755.jpg,val
4757.jpg,train
4758.jpg,train
4759.jpg,train
476.jpg,train
4760.jpg,train
4761.jpg,val
4762.jpg,train
4763.jpg,train
4764.jpg,train
4765.jpg,val
4766.jpg,val
4767.jpg,train
477.jpg,train
4770.jpg,train
4771.jpg,train
4772.jpg,train
4773.jpg,train
4774.jpg,train
4775.jpg,train
4776.jpg,train
4777.jpg,train
4778.jpg,train
4779.jpg,train
478.jpg,train
4780.jpg,train
4781.jpg,val
4782.jpg,train
4783.jpg,train
4784.jpg,train
4785.jpg,train
4786.jpg,train
4787.jpg,val
4788.jpg,train
4789.jpg,train
479.jpg,train
4790.jpg,train
4791.jpg,train
4792.jpg,train
4793.jpg,train
4794.jpg,train
4795.jpg,train
4796.jpg,train
4798.jpg,train
4799.jpg,train
48.jpg,train
480.jpg,train
4800.jpg,train
4801.jpg,train
4803.jpg,train
4805.jpg,train
4806.jpg,train
4807.jpg,train
4808.jpg,train
4809.jpg,train
481.jpg,train
4810.jpg,train
4811.jpg,train
4812.jpg,train
4813.jpg,train
4814.jpg,train
4815.jpg,train
4817.jpg,train
4818.jpg,train
482.jpg,train
4820.jpg,train
4821.jpg,val
4822.jpg,train
4823.jpg,train
4824.jpg,val
4825.jpg,train
4826.jpg,train
4827.jpg,train
4828.jpg,train
483.jpg,train
4831.jpg,train
4832.jpg,train
4834.jpg,train
4835.jpg,train
4836.jpg,train
4838.jpg,train
4839.jpg,train
484.jpg,train
4840.jpg,train
4841.jpg,train
4842.jpg,train
4844.jpg,train
4845.jpg,train
4846.jpg,train
4848.jpg,train
4849.jpg,train
485.jpg,train
4850.jpg,train
4851.jpg,train
4852.jpg,train
4853.jpg,val
4854.jpg,train
4855.jpg,train
4856.jpg,val
4857.jpg,train
4858.jpg,train
4859.jpg,train
4860.jpg,train
4861.jpg,train
4862.jpg,train
4863.jpg,train
4865.jpg,train
4866.jpg,train
4868.jpg,train
4869.jpg,val
487.jpg,train
4870.jpg,train
4871.jpg,train
4872.jpg,train
4873.jpg,train
4874.jpg,train
4875.jpg,train
4876.jpg,train
4877.jpg,train
4878.jpg,train
4879.jpg,train
488.jpg,val
4880.jpg,train
4881.jpg,train
4882.jpg,val
4883.jpg,train
4884.jpg,train
4885.jpg,train
4886.jpg,val
4887.jpg,train
4889.jpg,train
489.jpg,train
4890.jpg,val
4891.jpg,train
4892.jpg,val
4893.jpg,val
4894.jpg,train
4895.jpg,train
4897.jpg,train
4898.jpg,train
4899.jpg,train
4901.jpg,train
4902.jpg,val
4903.jpg,train
4904.jpg,val
4905.jpg,train
4906.jpg,val
4907.jpg,train
4908.jpg,train
4909.jpg,val
491.jpg,train
4911.jpg,train
4912.jpg,val
4913.jpg,val
4914.jpg,train
4915.jpg,val
4916.jpg,train
4917.jpg,train
4918.jpg,val
492.jpg,train
4920.jpg,train
4922.jpg,train
4923.jpg,val
4924.jpg,train
4926.jpg,train
4927.jpg,val
4928.jpg,train
4929.jpg,train
493.jpg,train
4930.jpg,train
4931.jpg,val
4932.jpg,train
4933.jpg,train
4934.jpg,train
4935.jpg,train
4936.jpg,train
4937.jpg,val
4938.jpg,train
494.jpg,val
4940.jpg,train
4941.jpg,train
4942.jpg,train
4943.jpg,train
4944.jpg,train
4945.jpg,train
4946.jpg,train
4948.jpg,train
4949.jpg,train
4950.jpg,train
4951.jpg,train
4953.jpg,train
4954.jpg,train
4955.jpg,train
4956.jpg,train
4958.jpg,train
4959.jpg,train
496.jpg,train
4960.jpg,val
4961.jpg,train
4962.jpg,train
4963.jpg,train
4964.jpg,train
4965.jpg,train
4966.jpg,train
4967.jpg,train
4968.jpg,train
4969.jpg,train
497.jpg,train
4970.jpg,train
4971.jpg,val
4973.jpg,train
4974.jpg,train
4975.jpg,train
4976.jpg,train
4977.jpg,train
4978.jpg,val
498.jpg,train
4980.jpg,train
4981.jpg,val
4982.jpg,train
4983.jpg,train
4984.jpg,train
4985.jpg,train
4986.jpg,train
4987.jpg,train
4988.jpg,train
4989.jpg,train
4990.jpg,train
4991.jpg,train
4992.jpg,train
4993.jpg,train
4994.jpg,train
4996.jpg,train
4997.jpg,train
4998.jpg,train
4999.jpg,train
5.jpg,train
50.jpg,train
500.jpg,train
5000.jpg,train
5002.jpg,train
5003.jpg,val
5005.jpg,train
5006.jpg,val
5007.jpg,train
5008.jpg,train
5009.jpg,train
501.jpg,val
5011.jpg,train
5013.jpg,train
5014.jpg,train
5015.jpg,train
5016.jpg,train
5018.jpg,train
5019.jpg,train
502.jpg,train
5020.jpg,train
5023.jpg,train
5024.jpg,train
5025.jpg,val
5026.jpg,val
5027.jpg,train
5028.jpg,val
5029.jpg,train
5030.jpg,val
5031.jpg,train
5032.jpg,train
5034.jpg,train
5035.jpg,train
5036.jpg,train
5037.jpg,train
5038.jpg,train
5039.jpg,train
504.jpg,train
5040.jpg,train
5041.jpg,train
5042.jpg,train
5043.jpg,train
5044.jpg,val
5046.jpg,train
5047.jpg,train
5048.jpg,train
5049.jpg,train
505.jpg,train
5050.jpg,train
5051.jpg,train
5052.jpg,train
5053.jpg,train
5054.jpg,train
5055.jpg,train
5056.jpg,train
5057.jpg,train
5058.jpg,train
5059.jpg,train
506.jpg,train
5060.jpg,train
5061.jpg,train
5062.jpg,train
5063.jpg,train
5064.jpg,train
5065.jpg,train
5066.jpg,train
5067.jpg,train
5068.jpg,train
5069.jpg,train
507.jpg,val
5070.jpg,train
5071.jpg,train
5073.jpg,train
5074.jpg,train
5075.jpg,train
5076.jpg,train
5077.jpg,train
5079.jpg,train
5080.jpg,train
5081.jpg,train
5082.jpg,train
5083.jpg,train
5084.jpg,train
5085.jpg,train
5086.jpg,val
5087.jpg,train
5088.jpg,train
5089.jpg,train
509.jpg,train
5090.jpg,train
5091.jpg,train
5092.jpg,train
5094.jpg,train
5095.jpg,train
5096.jpg,train
5097.jpg,train
5098.jpg,train
5099.jpg,train
510.jpg,val
5100.jpg,train
5101.jpg,train
5103.jpg,train
5104.jpg,train
5105.jpg,train
5106.jpg,train
5107.jpg,train
5109.jpg,train
511.jpg,train
5110.jpg,train
5111.jpg,train
5112.jpg,train
5114.jpg,train
5115.jpg,train
5116.jpg,train
5118.jpg,train
5119.jpg,val
512.jpg,train
5121.jpg,train
5122.jpg,val
5123.jpg,train
5124.jpg,train
5127.jpg,val
5128.jpg,train
5129.jpg,train
5131.jpg,train
5132.jpg,train
5135.jpg,train
5137.jpg,train
5138.jpg,val
5139.jpg,train
514.jpg,train
5140.jpg,train
5143.jpg,train
5144.jpg,val
5145.jpg,train
5146.jpg,train
5148.jpg,train
5149.jpg,train
515.jpg,train
5151.jpg,train
5152.jpg,train
5154.jpg,train
5155.jpg,train
5156.jpg,train
5159.jpg,train
516.jpg,train
5160.jpg,train
5161.jpg,train
5162.jpg,train
5163.jpg,train
5165.jpg,train
5166.jpg,train
5167.jpg,train
5170.jpg,train
5171.jpg,train
5172.jpg,train
5173.jpg,train
5174.jpg,train
5176.jpg,val
5177.jpg,train
5178.jpg,train
5179.jpg,train
518.jpg,train
5180.jpg,train
5181.jpg,train
5182.jpg,val
5183.jpg,train
5184.jpg,train
5185.jpg,train
5186.jpg,val
5187.jpg,val
5188.jpg,train
5189.jpg,train
519.jpg,train
5190.jpg,train
5191.jpg,train
5192.jpg,train
5193.jpg,train
5194.jpg,train
5195.jpg,train
5196.jpg,train
5197.jpg,train
5198.jpg,train
5199.jpg,train
52.jpg,val
520.jpg,train
5201.jpg,val
5202.jpg,train
5203.jpg,train
5204.jpg,val
5205.jpg,train
5207.jpg,val
5208.jpg,train
5209.jpg,train
521.jpg,train
5212.jpg,train
5213.jpg,val
5215.jpg,train
5216.jpg,train
5217.jpg,train
5219.jpg,train
522.jpg,train
5220.jpg,val
5221.jpg,train
5222.jpg,train
5223.jpg,val
5225.jpg,train
5226.jpg,train
5227.jpg,train
5228.jpg,train
5229.jpg,train
523.jpg,train
5230.jpg,train
5231.jpg,val
5232.jpg,train
5233.jpg,train
5234.jpg,train
5235.jpg,train
5236.jpg,train
5237.jpg,train
5238.jpg,train
5239.jpg,train
524.jpg,train
5241.jpg,val
5242.jpg,train
5243.jpg,train
5244.jpg,train
5245.jpg,train
5246.jpg,train
5247.jpg,train
525.jpg,train
5250.jpg,train
5251.jpg,train
5252.jpg,train
5253.jpg,train
5254.jpg,train
5255.jpg,train
5256.jpg,train
5257.jpg,val
5258.jpg,train
5259.jpg,train
526.jpg,train
5260.jpg,train
5261.jpg,train
5262.jpg,train
5264.jpg,train
5265.jpg,val
5266.jpg,train
5267.jpg,val
5269.jpg,train
527.jpg,train
5271.jpg,train
5272.jpg,val
5274.jpg,train
5275.jpg,train
5276.jpg,val
5277.jpg,train
5279.jpg,val
528.jpg,train
5280.jpg,val
5281.jpg,train
5282.jpg,train
5283.jpg,train
5284.jpg,train
5286.jpg,train
5287.jpg,val
5288.jpg,val
5289.jpg,train
529.jpg,train
5290.jpg,train
5291.jpg,train
5293.jpg,train
5294.jpg,train
5295.jpg,train
5296.jpg,val
5297.jpg,train
5298.jpg,val
5299.jpg,val
53.jpg,val
530.jpg,train
5300.jpg,val
5301.jpg,train
5302.jpg,val
5303.jpg,train
5304.jpg,train
5306.jpg,train
5308.jpg,train
5309.jpg,train
531.jpg,train
5310.jpg,train
5311.jpg,train
5313.jpg,train
5314.jpg,train
5315.jpg,val
5316.jpg,train
5317.jpg,train
5318.jpg,val
5319.jpg,train
532.jpg,train
5320.jpg,train
5321.jpg,train
5322.jpg,train
5323.jpg,train
5324.jpg,train
5325.jpg,train
5326.jpg,train
5327.jpg,train
5328.jpg,train
5329.jpg,val
533.jpg,val
5331.jpg,train
5332.jpg,train
5333.jpg,train
5334.jpg,train
5335.jpg,train
5337.jpg,train
5338.jpg,val
5339.jpg,train
534.jpg,train
5340.jpg,train
5341.jpg,train
5342.jpg,train
5343.jpg,train
5344.jpg,train
5345.jpg,train
5347.jpg,train
5348.jpg,val
5349.jpg,train
535.jpg,train
5350.jpg,train
5351.jpg,train
5352.jpg,train
5354.jpg,train
5355.jpg,train
5357.jpg,train
5358.jpg,train
5359.jpg,train
536.jpg,train
5360.jpg,train
5361.jpg,val
5362.jpg,val
5363.jpg,train
5364.jpg,train
5365.jpg,train
5366.jpg,train
5367.jpg,train
5368.jpg,val
5369.jpg,train
537.jpg,train
5370.jpg,train
5371.jpg,train
5374.jpg,val
5375.jpg,train
5376.jpg,train
5379.jpg,train
538.jpg,train
5382.jpg,train
5383.jpg,train
5384.jpg,train
5385.jpg,train
5386.jpg,train
5387.jpg,val
5388.jpg,val
5389.jpg,train
539.jpg,train
5390.jpg,train
5391.jpg,val
5392.jpg,train
5393.jpg,train
5394.jpg,train
5395.jpg,val
5396.jpg,train
5397.jpg,train
5398.jpg,train
5399.jpg,val
540.jpg,train
5400.jpg,train
5401.jpg,train
5402.jpg,train
5403.jpg,val
5404.jpg,val
5406.jpg,train
5407.jpg,train
5408.jpg,train
541.jpg,train
5410.jpg,val
5411.jpg,train
5412.jpg,train
5413.jpg,train
5415.jpg,train
5416.jpg,train
5418.jpg,train
5419.jpg,train
542.jpg,train
5420.jpg,train
5421.jpg,train
5422.jpg,train
5423.jpg,train
5424.jpg,train
5425.jpg,train
5426.jpg,train
5427.jpg,train
5428.jpg,train
5429.jpg,train
543.jpg,train
5430.jpg,train
5431.jpg,train
5432.jpg,train
5433.jpg,train
5434.jpg,train
5435.jpg,train
5437.jpg,train
5438.jpg,train
5439.jpg,val
544.jpg,train
5440.jpg,train
5441.jpg,train
5442.jpg,val
5443.jpg,train
5444.jpg,train
5445.jpg,train
5446.jpg,train
5447.jpg,val
5448.jpg,train
5449.jpg,train
545.jpg,train
5450.jpg,train
5451.jpg,train
5452.jpg,val
5453.jpg,val
5455.jpg,train
5456.jpg,train
5457.jpg,val
5459.jpg,train
546.jpg,train
5460.jpg,train
5461.jpg,train
5462.jpg,train
5463.jpg,train
5464.jpg,train
5465.jpg,train
5466.jpg,train
5467.jpg,train
5469.jpg,train
5470.jpg,val
5471.jpg,val
5472.jpg,train
5473.jpg,train
5474.jpg,val
5475.jpg,train
5476.jpg,train
5477.jpg,train
5478.jpg,train
5479.jpg,train
548.jpg,train
5480.jpg,train
5481.jpg,train
5483.jpg,val
5484.jpg,val
5485.jpg,train
5486.jpg,train
5487.jpg,train
5488.jpg,val
5489.jpg,train
549.jpg,train
5490.jpg,train
5492.jpg,val
5493.jpg,train
5494.jpg,val
5495.jpg,train
5496.jpg,train
5497.jpg,train
5498.jpg,val
5499.jpg,train
55.jpg,train
550.jpg,train
5500.jpg,train
5501.jpg,train
5502.jpg,train
5503.jpg,train
5504.jpg,train
5505.jpg,train
5506.jpg,train
5507.jpg,train
5508.jpg,train
5510.jpg,train
5512.jpg,train
5513.jpg,val
5514.jpg,val
5515.jpg,train
5516.jpg,train
5517.jpg,train
5518.jpg,train
5519.jpg,train
552.jpg,val
5521.jpg,train
5522.jpg,train
5523.jpg,train
5524.jpg,train
5525.jpg,train
5526.jpg,train
5527.jpg,train
5528.jpg,train
5529.jpg,train
5531.jpg,train
5532.jpg,train
5533.jpg,train
5536.jpg,train
5537.jpg,train
5538.jpg,val
5539.jpg,train
554.jpg,train
5540.jpg,train
5541.jpg,train
5542.jpg,train
5544.jpg,train
5546.jpg,train
5547.jpg,train
5548.jpg,train
5549.jpg,val
555.jpg,val
5551.jpg,train
5553.jpg,train
5554.jpg,train
5555.jpg,val
5556.jpg,val
5557.jpg,val
5559.jpg,train
5560.jpg,val
5561.jpg,val
5562.jpg,train
5563.jpg,train
5564.jpg,train
5565.jpg,train
5566.jpg,val
5567.jpg,train
5568.jpg,train
5569.jpg,train
557.jpg,train
5571.jpg,train
5572.jpg,train
5573.jpg,train
5574.jpg,val
5575.jpg,train
5576.jpg,train
5578.jpg,train
558.jpg,train
5581.jpg,train
5582.jpg,train
5584.jpg,train
5585.jpg,train
5586.jpg,train
5587.jpg,train
5588.jpg,train
5589.jpg,train
559.jpg,train
5590.jpg,train
5591.jpg,train
5592.jpg,train
5593.jpg,train
5594.jpg,train
5595.jpg,val
5597.jpg,train
5598.jpg,train
5599.jpg,train
56.jpg,train
5600.jpg,train
5601.jpg,train
5602.jpg,val
5603.jpg,train
5604.jpg,train
5605.jpg,train
5606.jpg,train
5607.jpg,train
5608.jpg,train
5609.jpg,train
561.jpg,val
5610.jpg,train
5611.jpg,train
5612.jpg,train
5613.jpg,train
5614.jpg,val
5615.jpg,train
5616.jpg,train
5617.jpg,train
5618.jpg,train
562.jpg,train
5620.jpg,train
5621.jpg,train
5623.jpg,train
5625.jpg,train
5628.jpg,val
563.jpg,train
5631.jpg,train
5632.jpg,train
5633.jpg,train
5634.jpg,train
5635.jpg,val
5637.jpg,train
5638.jpg,train
5639.jpg,train
564.jpg,train
5640.jpg,train
5641.jpg,train
5642.jpg,train
5643.jpg,train
5644.jpg,val
5645.jpg,train
5647.jpg,val
5648.jpg,train
5649.jpg,train
565.jpg,train
5651.jpg,train
5652.jpg,val
5653.jpg,train
5654.jpg,train
5655.jpg,train
5656.jpg,train
5657.jpg,val
5658.jpg,train
5659.jpg,train
566.jpg,train
5660.jpg,train
5661.jpg,train
5662.jpg,train
5663.jpg,train
5665.jpg,train
5666.jpg,train
5667.jpg,train
5668.jpg,train
5669.jpg,val
567.jpg,train
5670.jpg,train
5671.jpg,train
5672.jpg,train
5673.jpg,train
5674.jpg,train
5675.jpg,train
5676.jpg,val
5678.jpg,train
5679.jpg,train
568.jpg,train
5681.jpg,train
5682.jpg,val
5683.jpg,train
5684.jpg,train
5685.jpg,train
5687.jpg,train
5688.jpg,train
569.jpg,train
5690.jpg,train
5691.jpg,train
5692.jpg,train
5694.jpg,train
5695.jpg,train
5696.jpg,train
5697.jpg,val
5699.jpg,train
57.jpg,train
570.jpg,train
5700.jpg,val
5701.jpg,train
5702.jpg,val
5703.jpg,train
5705.jpg,train
5706.jpg,train
5707.jpg,train
5708.jpg,train
5709.jpg,train
571.jpg,train
5711.jpg,train
5713.jpg,train
5714.jpg,train
5716.jpg,val
5717.jpg,train
5718.jpg,train
5719.jpg,train
572.jpg,train
5720.jpg,train
5721.jpg,train
5722.jpg,train
5723.jpg,val
5724.jpg,train
5726.jpg,train
5727.jpg,train
5728.jpg,train
5729.jpg,train
573.jpg,train
5730.jpg,train
5731.jpg,train
5732.jpg,train
5733.jpg,train
5734.jpg,val
5735.jpg,train
5736.jpg,train
5738.jpg,train
5739.jpg,train
574.jpg,val
5740.jpg,train
5741.jpg,train
5742.jpg,train
5743.jpg,train
5744.jpg,train
5745.jpg,train
5746.jpg,train
5749.jpg,train
575.jpg,train
5750.jpg,train
5751.jpg,train
5753.jpg,train
5755.jpg,train
5757.jpg,val
5758.jpg,val
5759.jpg,train
576.jpg,train
5760.jpg,train
5761.jpg,train
5762.jpg,train
5763.jpg,train
5764.jpg,val
5765.jpg,train
5766.jpg,val
5768.jpg,train
5769.jpg,train
577.jpg,train
5770.jpg,train
5771.jpg,train
5773.jpg,train
5774.jpg,train
5775.jpg,train
5776.jpg,train
5777.jpg,val
5778.jpg,val
5779.jpg,train
5780.jpg,val
5781.jpg,train
5784.jpg,train
5785.jpg,train
5787.jpg,train
5788.jpg,train
5789.jpg,train
579.jpg,train
5790.jpg,train
5791.jpg,train
5792.jpg,train
5793.jpg,val
5794.jpg,val
5795.jpg,train
5796.jpg,train
5797.jpg,train
5798.jpg,val
5799.jpg,train
58.jpg,train
580.jpg,train
5800.jpg,val
5801.jpg,train
5802.jpg,train
5803.jpg,train
5804.jpg,train
5805.jpg,train
5807.jpg,train
5808.jpg,train
5809.jpg,train
581.jpg,train
5810.jpg,train
5811.jpg,train
5812.jpg,train
5813.jpg,train
5814.jpg,val
5815.jpg,train
5816.jpg,train
5817.jpg,train
5818.jpg,train
5819.jpg,train
582.jpg,val
5820.jpg,train
5821.jpg,train
5822.jpg,train
5824.jpg,train
5825.jpg,val
5826.jpg,train
5827.jpg,train
5828.jpg,train
5829.jpg,train
583.jpg,train
5830.jpg,train
5831.jpg,train
5832.jpg,train
5833.jpg,train
5834.jpg,val
5835.jpg,train
5836.jpg,val
5837.jpg,train
5838.jpg,train
5839.jpg,train
584.jpg,train
5840.jpg,train
5841.jpg,train
5842.jpg,train
5843.jpg,train
5844.jpg,train
5845.jpg,train
5846.jpg,train
5847.jpg,train
5848.jpg,train
5849.jpg,train
585.jpg,val
5850.jpg,train
5852.jpg,train
5853.jpg,train
5854.jpg,val
5855.jpg,train
5856.jpg,train
5859.jpg,train
586.jpg,train
5860.jpg,train
5861.jpg,train
5862.jpg,train
5863.jpg,train
5864.jpg,val
5865.jpg,train
5867.jpg,val
5868.jpg,train
5869.jpg,train
587.jpg,train
5870.jpg,train
5871.jpg,train
5872.jpg,train
5873.jpg,train
5874.jpg,train
5875.jpg,train
5876.jpg,train
5879.jpg,train
5880.jpg,train
5881.jpg,train
5882.jpg,train
5883.jpg,val
5884.jpg,train
5885.jpg,train
5886.jpg,train
5888.jpg,train
5889.jpg,train
589.jpg,train
5891.jpg,train
5893.jpg,train
5894.jpg,train
5895.jpg,train
5896.jpg,train
5897.jpg,train
5898.jpg,train
5899.jpg,train
59.jpg,train
590.jpg,train
5900.jpg,train
5901.jpg,train
5902.jpg,train
5903.jpg,train
5904.jpg,train
5905.jpg,train
5906.jpg,train
5907.jpg,train
5908.jpg,train
5909.jpg,train
591.jpg,train
5910.jpg,val
5912.jpg,train
5914.jpg,val
5915.jpg,train
5916.jpg,train
5917.jpg,train
5919.jpg,train
592.jpg,train
5920.jpg,train
5921.jpg,train
5922.jpg,train
5923.jpg,train
5924.jpg,train
5925.jpg,train
5926.jpg,val
5927.jpg,train
5929.jpg,train
5930.jpg,train
5933.jpg,train
5936.jpg,train
5937.jpg,train
5939.jpg,train
594.jpg,train
5940.jpg,train
5942.jpg,train
5943.jpg,train
5944.jpg,train
5945.jpg,val
5946.jpg,train
5947.jpg,train
5948.jpg,train
595.jpg,train
5950.jpg,train
5951.jpg,train
5952.jpg,train
5953.jpg,train
5954.jpg,train
5955.jpg,train
5956.jpg,val
5957.jpg,train
5958.jpg,train
5959.jpg,train
596.jpg,train
5962.jpg,train
5963.jpg,train
5965.jpg,train
5966.jpg,train
5967.jpg,val
5968.jpg,train
5969.jpg,train
597.jpg,train
5970.jpg,train
5972.jpg,val
5973.jpg,train
5974.jpg,val
5975.jpg,train
5976.jpg,train
5978.jpg,train
5979.jpg,train
598.jpg,train
5980.jpg,train
5981.jpg,train
5982.jpg,train
5983.jpg,train
5984.jpg,train
5985.jpg,train
5986.jpg,val
5987.jpg,val
5988.jpg,val
599.jpg,val
5990.jpg,train
5991.jpg,train
5992.jpg,train
5993.jpg,train
5995.jpg,val
5996.jpg,train
5998.jpg,train
5999.jpg,train
6.jpg,train
60.jpg,val
600.jpg,train
6000.jpg,train
6001.jpg,train
6002.jpg,val
6004.jpg,train
6006.jpg,val
6007.jpg,train
6008.jpg,train
6009.jpg,train
601.jpg,val
6010.jpg,val
6011.jpg,train
6012.jpg,train
6013.jpg,train
6014.jpg,train
6015.jpg,val
6016.jpg,train
6017.jpg,train
6018.jpg,train
6019.jpg,train
602.jpg,train
6021.jpg,train
6022.jpg,train
6023.jpg,train
6024.jpg,train
6025.jpg,train
6027.jpg,train
6028.jpg,train
6029.jpg,train
603.jpg,train
6030.jpg,train
6031.jpg,train
6032.jpg,train
6034.jpg,train
6036.jpg,train
6038.jpg,val
6039.jpg,val
6041.jpg,train
6042.jpg,train
6043.jpg,train
6044.jpg,train
6045.jpg,train
6046.jpg,train
6047.jpg,train
605.jpg,train
6050.jpg,train
6051.jpg,val
6052.jpg,train
6053.jpg,train
6054.jpg,train
6056.jpg,train
6057.jpg,train
6059.jpg,train
606.jpg,train
6060.jpg,val
6062.jpg,val
6063.jpg,val
6064.jpg,train
6065.jpg,train
6066.jpg,train
6067.jpg,val
6068.jpg,train
6069.jpg,val
607.jpg,train
6070.jpg,val
6072.jpg,train
6073.jpg,val
6074.jpg,train
6076.jpg,train
6079.jpg,train
608.jpg,train
6080.jpg,train
6081.jpg,train
6082.jpg,train
6083.jpg,val
6084.jpg,train
6085.jpg,train
6086.jpg,train
6087.jpg,train
6088.jpg,train
6089.jpg,val
609.jpg,train
6090.jpg,train
6091.jpg,train
6093.jpg,train
6094.jpg,train
6095.jpg,train
6096.jpg,train
6097.jpg,train
6098.jpg,train
6100.jpg,train
6101.jpg,train
6103.jpg,train
6104.jpg,val
6105.jpg,val
6106.jpg,train
6107.jpg,val
6108.jpg,train
6109.jpg,val
611.jpg,train
6110.jpg,train
6111.jpg,train
6113.jpg,train
6114.jpg,train
6115.jpg,train
6116.jpg,train
6117.jpg,train
6118.jpg,train
6119.jpg,val
612.jpg,train
6120.jpg,train
6121.jpg,train
6123.jpg,train
6124.jpg,train
6125.jpg,train
6126.jpg,val
6127.jpg,train
6128.jpg,train
6129.jpg,train
613.jpg,train
6130.jpg,train
6131.jpg,val
6132.jpg,train
6134.jpg,train
6135.jpg,train
6137.jpg,train
6138.jpg,train
6139.jpg,train
614.jpg,train
6140.jpg,train
6141.jpg,train
6142.jpg,train
6143.jpg,train
6144.jpg,train
6145.jpg,train
6146.jpg,val
6147.jpg,train
6148.jpg,train
615.jpg,train
6150.jpg,train
6151.jpg,train
6152.jpg,val
6153.jpg,train
6154.jpg,val
6155.jpg,train
6158.jpg,train
616.jpg,train
6160.jpg,train
6161.jpg,train
6162.jpg,val
6163.jpg,train
6164.jpg,train
6165.jpg,train
6166.jpg,train
6167.jpg,train
6168.jpg,train
617.jpg,val
6170.jpg,val
6171.jpg,train
6173.jpg,train
6174.jpg,val
6175.jpg,val
6176.jpg,train
6177.jpg,train
6179.jpg,train
618.jpg,val
6180.jpg,train
6181.jpg,train
6184.jpg,train
6186.jpg,train
6187.jpg,train
6188.jpg,train
6189.jpg,train
6190.jpg,val
6193.jpg,train
6194.jpg,train
6195.jpg,train
6196.jpg,train
6197.jpg,train
6198.jpg,train
6199.jpg,val
62.jpg,train
620.jpg,train
6200.jpg,train
6201.jpg,train
6202.jpg,train
6203.jpg,train
6204.jpg,train
6205.jpg,train
6206.jpg,train
6207.jpg,train
6208.jpg,train
6209.jpg,train
621.jpg,train
6212.jpg,train
6213.jpg,train
6214.jpg,train
6215.jpg,train
6216.jpg,train
6217.jpg,train
6219.jpg,train
622.jpg,train
6220.jpg,train
6221.jpg,train
6223.jpg,val
6224.jpg,train
6225.jpg,val
6226.jpg,train
6227.jpg,val
6228.jpg,train
6229.jpg,train
6230.jpg,train
6231.jpg,train
6232.jpg,train
6233.jpg,train
6235.jpg,train
6236.jpg,train
6237.jpg,train
6238.jpg,train
624.jpg,val
6240.jpg,train
6241.jpg,val
6243.jpg,train
6245.jpg,train
6247.jpg,train
6248.jpg,train
6249.jpg,train
625.jpg,val
6250.jpg,train
6252.jpg,train
6253.jpg,train
6255.jpg,train
6256.jpg,train
6259.jpg,train
626.jpg,train
6260.jpg,val
6261.jpg,train
6265.jpg,train
6266.jpg,val
6267.jpg,train
6268.jpg,train
6269.jpg,train
6270.jpg,train
6271.jpg,train
6272.jpg,train
6273.jpg,train
6275.jpg,train
6276.jpg,train
6277.jpg,train
628.jpg,train
6281.jpg,val
6282.jpg,train
6283.jpg,train
6284.jpg,train
6285.jpg,train
6286.jpg,train
6288.jpg,train
6289.jpg,train
629.jpg,train
6290.jpg,train
6291.jpg,val
6292.jpg,train
6293.jpg,train
6294.jpg,train
6295.jpg,train
6296.jpg,train
6297.jpg,train
6298.jpg,train
63.jpg,train
630.jpg,train
6300.jpg,train
6301.jpg,train
6302.jpg,train
6303.jpg,train
6304.jpg,train
6305.jpg,train
6306.jpg,train
6307.jpg,train
6308.jpg,train
6309.jpg,train
631.jpg,train
6310.jpg,train
6311.jpg,train
6312.jpg,train
6313.jpg,train
6314.jpg,train
6316.jpg,train
6317.jpg,train
6318.jpg,train
6319.jpg,val
6320.jpg,train
6321.jpg,train
6322.jpg,train
6323.jpg,train
6324.jpg,val
6327.jpg,train
6328.jpg,train
6329.jpg,train
633.jpg,train
6330.jpg,train
6331.jpg,train
6332.jpg,train
6333.jpg,train
6334.jpg,train
6335.jpg,train
6336.jpg,train
6337.jpg,train
6338.jpg,train
6339.jpg,train
634.jpg,train
6340.jpg,train
6341.jpg,train
6342.jpg,train
6343.jpg,train
6345.jpg,val
6346.jpg,train
6347.jpg,val
6348.jpg,train
6349.jpg,train
635.jpg,train
6350.jpg,train
6352.jpg,train
6353.jpg,train
6354.jpg,train
6355.jpg,val
6356.jpg,train
6357.jpg,train
6358.jpg,train
6359.jpg,train
636.jpg,train
6360.jpg,train
6361.jpg,val
6362.jpg,train
6363.jpg,train
6364.jpg,train
6365.jpg,train
6366.jpg,val
6367.jpg,train
6369.jpg,train
637.jpg,train
6370.jpg,train
6373.jpg,train
6374.jpg,train
6375.jpg,train
6377.jpg,train
6378.jpg,train
6379.jpg,val
638.jpg,train
6380.jpg,train
6381.jpg,train
6382.jpg,train
6384.jpg,train
6385.jpg,val
6386.jpg,train
6387.jpg,train
6388.jpg,train
6389.jpg,train
6390.jpg,train
6391.jpg,val
6393.jpg,val
6394.jpg,train
6396.jpg,train
6398.jpg,train
64.jpg,val
640.jpg,train
6400.jpg,train
6401.jpg,train
6402.jpg,train
6403.jpg,val
6404.jpg,val
6405.jpg,train
6406.jpg,val
6407.jpg,train
6408.jpg,train
6409.jpg,train
641.jpg,train
6410.jpg,train
6411.jpg,train
6412.jpg,val
6413.jpg,train
6415.jpg,val
6416.jpg,val
6417.jpg,train
6418.jpg,train
6419.jpg,train
6422.jpg,train
6423.jpg,train
6424.jpg,val
6425.jpg,train
6426.jpg,val
6427.jpg,train
6428.jpg,train
6429.jpg,train
643.jpg,train
6430.jpg,train
6431.jpg,train
6432.jpg,train
6433.jpg,train
6434.jpg,val
6435.jpg,train
6436.jpg,train
6437.jpg,val
6438.jpg,train
6439.jpg,train
644.jpg,train
6440.jpg,train
6441.jpg,train
6442.jpg,train
6443.jpg,train
6444.jpg,train
6445.jpg,train
6447.jpg,train
6448.jpg,val
6449.jpg,val
645.jpg,train
6450.jpg,train
6451.jpg,val
6452.jpg,train
6453.jpg,train
6454.jpg,val
6455.jpg,train
6456.jpg,train
6457.jpg,train
6458.jpg,train
6459.jpg,val
646.jpg,train
6460.jpg,train
6461.jpg,train
6462.jpg,train
6463.jpg,train
6464.jpg,train
6465.jpg,val
6466.jpg,train
6467.jpg,train
6468.jpg,train
6469.jpg,train
647.jpg,train
6472.jpg,train
6473.jpg,train
6474.jpg,val
6476.jpg,train
6477.jpg,train
6478.jpg,train
6479.jpg,train
648.jpg,val
6483.jpg,val
6484.jpg,train
6485.jpg,val
6486.jpg,val
6487.jpg,train
6489.jpg,train
649.jpg,train
6490.jpg,train
6491.jpg,train
6492.jpg,train
6493.jpg,train
6494.jpg,train
6496.jpg,train
6498.jpg,train
65.jpg,train
6500.jpg,train
6501.jpg,train
6502.jpg,train
6503.jpg,train
6504.jpg,val
6505.jpg,train
6507.jpg,train
6508.jpg,train
6509.jpg,train
651.jpg,train
6511.jpg,val
6512.jpg,train
6513.jpg,train
6514.jpg,train
6515.jpg,train
6516.jpg,train
6517.jpg,train
6519.jpg,train
6520.jpg,train
6521.jpg,train
6522.jpg,val
6523.jpg,train
6524.jpg,train
6525.jpg,train
6526.jpg,train
6527.jpg,val
6529.jpg,train
6531.jpg,train
6532.jpg,train
6533.jpg,train
6534.jpg,train
6535.jpg,train
6536.jpg,train
6537.jpg,train
6539.jpg,val
654.jpg,train
6540.jpg,val
6541.jpg,train
6542.jpg,train
6543.jpg,train
6544.jpg,train
6546.jpg,train
6547.jpg,train
6548.jpg,train
6549.jpg,train
655.jpg,train
6550.jpg,train
6551.jpg,train
6552.jpg,train
6553.jpg,train
6554.jpg,train
6555.jpg,val
6556.jpg,val
6558.jpg,train
6559.jpg,train
656.jpg,val
6560.jpg,train
6561.jpg,val
6562.jpg,train
6563.jpg,train
6564.jpg,train
6565.jpg,train
6566.jpg,train
6567.jpg,train
6568.jpg,val
6569.jpg,train
657.jpg,train
6570.jpg,train
6571.jpg,train
6572.jpg,train
6573.jpg,train
6574.jpg,train
6575.jpg,train
6577.jpg,train
6578.jpg,val
6579.jpg,train
6580.jpg,val
6581.jpg,train
6582.jpg,train
6583.jpg,train
6584.jpg,train
6585.jpg,train
6586.jpg,train
6588.jpg,train
6589.jpg,train
6590.jpg,train
6591.jpg,train
6592.jpg,train
6593.jpg,train
6594.jpg,train
6595.jpg,train
6596.jpg,train
6598.jpg,train
6599.jpg,train
66.jpg,train
660.jpg,train
6601.jpg,train
6602.jpg,train
6603.jpg,train
6605.jpg,train
6606.jpg,train
6607.jpg,train
6608.jpg,train
6609.jpg,train
661.jpg,train
6610.jpg,train
6611.jpg,train
6612.jpg,train
6615.jpg,val
6616.jpg,train
6617.jpg,train
6618.jpg,train
6619.jpg,train
662.jpg,train
6620.jpg,val
6621.jpg,train
6622.jpg,train
6623.jpg,val
6624.jpg,train
6625.jpg,train
6626.jpg,train
6627.jpg,train
6628.jpg,val
6629.jpg,train
663.jpg,train
6630.jpg,train
6631.jpg,train
6632.jpg,train
6633.jpg,train
6634.jpg,train
6635.jpg,train
6636.jpg,train
6637.jpg,train
6638.jpg,train
6639.jpg,train
664.jpg,train
6640.jpg,train
6643.jpg,train
6644.jpg,val
6645.jpg,train
6646.jpg,train
6647.jpg,train
6648.jpg,train
6649.jpg,train
665.jpg,train
6650.jpg,train
6653.jpg,train
6654.jpg,train
6655.jpg,train
6656.jpg,train
6657.jpg,train
6658.jpg,val
6659.jpg,val
666.jpg,train
6660.jpg,train
6661.jpg,train
6662.jpg,train
6664.jpg,train
6665.jpg,train
6667.jpg,val
6669.jpg,val
667.jpg,train
6670.jpg,val
6671.jpg,train
6673.jpg,train
6674.jpg,train
6677.jpg,val
6678.jpg,train
6679.jpg,train
668.jpg,train
6680.jpg,train
6681.jpg,train
6683.jpg,train
6685.jpg,train
6687.jpg,train
6688.jpg,train
6689.jpg,train
669.jpg,train
6690.jpg,train
6691.jpg,train
6692.jpg,train
6693.jpg,train
6694.jpg,train
6696.jpg,train
6697.jpg,train
6698.jpg,train
6699.jpg,train
67.jpg,train
670.jpg,train
6700.jpg,val
6701.jpg,train
6702.jpg,train
6704.jpg,train
6705.jpg,val
6707.jpg,train
6708.jpg,train
6709.jpg,train
671.jpg,train
6710.jpg,train
6711.jpg,train
6712.jpg,train
6713.jpg,train
6714.jpg,train
6715.jpg,train
6716.jpg,train
6717.jpg,train
6718.jpg,train
6720.jpg,train
6721.jpg,train
6722.jpg,train
6723.jpg,train
6724.jpg,train
6725.jpg,train
6726.jpg,val
6727.jpg,val
6728.jpg,train
6729.jpg,train
673.jpg,train
6730.jpg,val
6731.jpg,val
6732.jpg,train
6734.jpg,train
6735.jpg,train
6736.jpg,train
6737.jpg,val
6738.jpg,train
6739.jpg,train
674.jpg,train
6740.jpg,train
6741.jpg,train
6742.jpg,train
6743.jpg,train
6744.jpg,train
6745.jpg,train
6747.jpg,train
6748.jpg,train
6749.jpg,train
675.jpg,train
6750.jpg,train
6751.jpg,train
6752.jpg,train
6753.jpg,train
6754.jpg,train
6755.jpg,train
6756.jpg,train
6757.jpg,train
6758.jpg,train
6759.jpg,train
6760.jpg,train
6761.jpg,val
6762.jpg,train
6763.jpg,train
6764.jpg,train
6766.jpg,train
6767.jpg,train
6768.jpg,train
6769.jpg,train
6772.jpg,val
6773.jpg,train
6774.jpg,train
6775.jpg,train
6776.jpg,train
6777.jpg,train
6779.jpg,train
678.jpg,val
6780.jpg,train
6781.jpg,val
6782.jpg,val
6784.jpg,train
6785.jpg,train
6786.jpg,val
6787.jpg,train
6788.jpg,train
679.jpg,train
6792.jpg,train
6793.jpg,train
6794.jpg,train
6795.jpg,train
6796.jpg,train
6797.jpg,train
6798.jpg,train
6799.jpg,train
680.jpg,train
6800.jpg,train
6801.jpg,val
6803.jpg,train
6804.jpg,train
6805.jpg,train
6806.jpg,train
6808.jpg,train
6809.jpg,train
681.jpg,val
6810.jpg,train
6811.jpg,train
6812.jpg,train
6813.jpg,train
6814.jpg,train
6817.jpg,val
6818.jpg,train
6819.jpg,train
682.jpg,train
6820.jpg,train
6821.jpg,train
6822.jpg,train
6823.jpg,train
6824.jpg,train
6825.jpg,train
6826.jpg,train
6827.jpg,train
6829.jpg,val
683.jpg,train
6830.jpg,val
6831.jpg,train
6832.jpg,train
6833.jpg,train
6834.jpg,train
6835.jpg,train
6837.jpg,val
6838.jpg,train
6839.jpg,val
684.jpg,train
6841.jpg,train
6842.jpg,train
6843.jpg,train
6844.jpg,train
6845.jpg,train
6847.jpg,train
6848.jpg,train
6849.jpg,val
685.jpg,train
6850.jpg,val
6851.jpg,train
6852.jpg,val
6853.jpg,train
6855.jpg,train
6856.jpg,train
6857.jpg,train
6858.jpg,train
686.jpg,train
6860.jpg,val
6861.jpg,train
6862.jpg,train
6863.jpg,val
6866.jpg,train
6867.jpg,train
6868.jpg,train
6869.jpg,train
687.jpg,train
6870.jpg,train
6872.jpg,train
6873.jpg,train
6874.jpg,train
6875.jpg,train
6876.jpg,train
6877.jpg,train
6878.jpg,train
6879.jpg,train
688.jpg,train
6880.jpg,val
6881.jpg,train
6882.jpg,train
6883.jpg,val
6885.jpg,train
6886.jpg,train
6887.jpg,train
6888.jpg,train
6889.jpg,val
689.jpg,train
6890.jpg,train
6893.jpg,train
6894.jpg,train
6895.jpg,train
6896.jpg,train
6898.jpg,train
6899.jpg,train
69.jpg,train
6900.jpg,val
6901.jpg,train
6903.jpg,train
6905.jpg,train
6906.jpg,train
6907.jpg,train
6908.jpg,train
691.jpg,val
6910.jpg,val
6911.jpg,train
6912.jpg,val
6913.jpg,train
6914.jpg,val
6915.jpg,train
6916.jpg,train
6918.jpg,train
6919.jpg,train
692.jpg,val
6920.jpg,train
6922.jpg,train
6923.jpg,train
6924.jpg,train
6925.jpg,val
6926.jpg,train
6928.jpg,train
6929.jpg,train
6930.jpg,train
6932.jpg,train
6933.jpg,train
6934.jpg,train
6935.jpg,train
6936.jpg,train
6937.jpg,train
694.jpg,train
6940.jpg,val
6941.jpg,val
6942.jpg,train
6943.jpg,train
6944.jpg,train
6946.jpg,train
6947.jpg,train
6949.jpg,train
695.jpg,train
6950.jpg,train
6951.jpg,train
6952.jpg,train
6953.jpg,train
6954.jpg,train
6955.jpg,train
6956.jpg,train
6958.jpg,train
6959.jpg,train
696.jpg,train
6960.jpg,train
6961.jpg,train
6962.jpg,train
6965.jpg,train
6966.jpg,train
6967.jpg,train
6968.jpg,train
6969.jpg,val
697.jpg,train
6970.jpg,train
6972.jpg,train
6973.jpg,train
6974.jpg,train
6975.jpg,train
6976.jpg,train
6977.jpg,val
6978.jpg,train
6979.jpg,train
698.jpg,train
6981.jpg,val
6982.jpg,train
6983.jpg,train
6985.jpg,train
6987.jpg,val
6989.jpg,train
699.jpg,train
6990.jpg,train
6991.jpg,train
6992.jpg,train
6993.jpg,val
6994.jpg,train
6995.jpg,train
6996.jpg,train
6997.jpg,train
6998.jpg,train
6999.jpg,val
7.jpg,train
70.jpg,train
7000.jpg,train
7001.jpg,train
7002.jpg,train
7004.jpg,train
7005.jpg,val
7006.jpg,train
7007.jpg,train
7008.jpg,train
7010.jpg,val
7011.jpg,train
7012.jpg,train
7013.jpg,train
7014.jpg,train
7015.jpg,train
7016.jpg,train
7017.jpg,train
7018.jpg,train
7019.jpg,val
702.jpg,train
7020.jpg,train
7021.jpg,train
7022.jpg,train
7023.jpg,train
7024.jpg,train
7025.jpg,train
7026.jpg,train
7028.jpg,train
7029.jpg,train
703.jpg,train
7030.jpg,train
7031.jpg,train
7032.jpg,train
7033.jpg,train
7034.jpg,val
7035.jpg,train
7036.jpg,train
7037.jpg,train
7038.jpg,train
7039.jpg,train
704.jpg,train
7040.jpg,train
7041.jpg,train
7042.jpg,train
7043.jpg,train
7045.jpg,train
7047.jpg,train
7048.jpg,train
7049.jpg,train
7050.jpg,train
7051.jpg,train
7053.jpg,train
7054.jpg,train
7055.jpg,train
7057.jpg,train
7058.jpg,train
706.jpg,train
7060.jpg,train
7062.jpg,train
7063.jpg,train
7064.jpg,train
7065.jpg,train
7067.jpg,train
7068.jpg,train
7069.jpg,train
707.jpg,train
7072.jpg,val
7073.jpg,train
7074.jpg,train
7075.jpg,train
7076.jpg,val
7077.jpg,train
7078.jpg,val
7079.jpg,train
708.jpg,train
7080.jpg,val
7081.jpg,train
7082.jpg,val
7083.jpg,train
7084.jpg,train
7085.jpg,train
7086.jpg,val
7087.jpg,train
7088.jpg,train
7089.jpg,train
709.jpg,train
7090.jpg,train
7091.jpg,train
7092.jpg,train
7093.jpg,val
7094.jpg,train
7095.jpg,train
7097.jpg,train
7098.jpg,train
71.jpg,train
710.jpg,train
7100.jpg,train
7103.jpg,train
7104.jpg,train
7105.jpg,train
7107.jpg,val
7108.jpg,train
7109.jpg,train
7110.jpg,train
7112.jpg,train
7113.jpg,train
7114.jpg,train
7115.jpg,train
7116.jpg,train
7118.jpg,val
712.jpg,train
7120.jpg,train
7121.jpg,train
7122.jpg,train
7123.jpg,train
7124.jpg,train
7126.jpg,train
7128.jpg,train
7129.jpg,train
713.jpg,train
7130.jpg,train
7131.jpg,train
7132.jpg,train
7133.jpg,train
7134.jpg,train
7135.jpg,train
7136.jpg,train
7137.jpg,train
7138.jpg,train
7139.jpg,train
714.jpg,train
7141.jpg,train
7142.jpg,train
7144.jpg,train
7145.jpg,train
7146.jpg,train
7147.jpg,train
7149.jpg,train
715.jpg,train
7150.jpg,train
7151.jpg,train
7153.jpg,train
7154.jpg,train
7156.jpg,train
7158.jpg,train
7159.jpg,train
716.jpg,train
7160.jpg,train
7161.jpg,train
7162.jpg,val
7163.jpg,train
7165.jpg,train
7166.jpg,train
7167.jpg,train
7168.jpg,train
7169.jpg,train
717.jpg,train
7171.jpg,train
7172.jpg,train
7173.jpg,train
7174.jpg,train
7175.jpg,train
7176.jpg,train
7177.jpg,train
7178.jpg,train
7179.jpg,train
718.jpg,train
7180.jpg,train
7181.jpg,train
7182.jpg,train
7183.jpg,val
7184.jpg,val
7186.jpg,val
7187.jpg,train
719.jpg,train
7190.jpg,train
7191.jpg,train
7193.jpg,train
7194.jpg,train
7195.jpg,train
7196.jpg,train
7197.jpg,val
7199.jpg,train
720.jpg,train
7200.jpg,val
7201.jpg,val
7202.jpg,train
7203.jpg,train
7204.jpg,train
7206.jpg,train
7207.jpg,train
7208.jpg,train
7209.jpg,train
721.jpg,train
7210.jpg,val
7211.jpg,train
7212.jpg,train
7213.jpg,train
7214.jpg,train
7215.jpg,train
7216.jpg,train
7217.jpg,train
7219.jpg,train
722.jpg,train
7220.jpg,train
7221.jpg,train
7222.jpg,train
7223.jpg,train
7224.jpg,train
7225.jpg,train
7226.jpg,train
7227.jpg,train
7229.jpg,train
723.jpg,train
7230.jpg,val
7231.jpg,train
7232.jpg,val
7233.jpg,train
7234.jpg,train
7235.jpg,train
7236.jpg,train
7237.jpg,train
7238.jpg,train
7239.jpg,train
724.jpg,train
7241.jpg,train
7242.jpg,train
7243.jpg,train
7245.jpg,train
7246.jpg,train
7248.jpg,train
7249.jpg,val
725.jpg,train
7250.jpg,train
7251.jpg,train
7252.jpg,val
7253.jpg,val
7254.jpg,train
7255.jpg,train
7256.jpg,train
7257.jpg,train
7258.jpg,train
7259.jpg,train
726.jpg,val
7261.jpg,train
7262.jpg,train
7263.jpg,train
7264.jpg,train
7265.jpg,train
7266.jpg,train
7267.jpg,val
7268.jpg,train
7269.jpg,train
727.jpg,train
7270.jpg,val
7271.jpg,train
7272.jpg,train
7274.jpg,train
7275.jpg,train
7276.jpg,train
7277.jpg,train
7278.jpg,train
7279.jpg,train
7280.jpg,train
7281.jpg,train
7282.jpg,train
7283.jpg,val
7286.jpg,train
7287.jpg,train
7288.jpg,train
7289.jpg,train
729.jpg,train
7290.jpg,train
7291.jpg,train
7293.jpg,train
7294.jpg,train
7295.jpg,train
7296.jpg,train
7297.jpg,train
7298.jpg,train
73.jpg,train
730.jpg,train
7300.jpg,train
7301.jpg,train
7302.jpg,train
7304.jpg,train
7305.jpg,train
7306.jpg,train
7307.jpg,train
7308.jpg,train
7309.jpg,train
731.jpg,train
7310.jpg,train
7314.jpg,train
7315.jpg,train
7316.jpg,train
7317.jpg,train
7318.jpg,train
7319.jpg,val
732.jpg,val
7321.jpg,train
7322.jpg,train
7323.jpg,train
7324.jpg,train
7325.jpg,train
7326.jpg,train
7327.jpg,train
7328.jpg,train
7329.jpg,train
733.jpg,train
7330.jpg,val
7331.jpg,train
7332.jpg,train
7333.jpg,train
7334.jpg,train
7335.jpg,train
7336.jpg,train
7337.jpg,train
7338.jpg,train
7339.jpg,train
7340.jpg,val
7341.jpg,val
7342.jpg,val
7343.jpg,train
7344.jpg,train
7345.jpg,train
7347.jpg,val
7348.jpg,train
7349.jpg,train
735.jpg,train
7353.jpg,train
7354.jpg,train
7355.jpg,train
7356.jpg,train
7357.jpg,train
7358.jpg,train
7359.jpg,train
736.jpg,train
7361.jpg,train
7362.jpg,train
7363.jpg,train
7364.jpg,train
7365.jpg,train
7367.jpg,train
737.jpg,val
7370.jpg,train
7371.jpg,val
7372.jpg,train
7373.jpg,train
7374.jpg,train
7375.jpg,train
7377.jpg,val
7378.jpg,val
7379.jpg,train
738.jpg,train
7380.jpg,train
7381.jpg,train
7383.jpg,train
7384.jpg,train
7385.jpg,train
7387.jpg,train
7389.jpg,train
739.jpg,train
7390.jpg,val
7391.jpg,val
7392.jpg,train
7393.jpg,train
7394.jpg,train
7395.jpg,train
7396.jpg,train
7397.jpg,train
7398.jpg,train
7399.jpg,train
74.jpg,train
740.jpg,val
7400.jpg,val
7402.jpg,train
7403.jpg,val
7404.jpg,train
7406.jpg,val
7407.jpg,train
7409.jpg,train
741.jpg,train
7411.jpg,train
7412.jpg,train
7413.jpg,train
7414.jpg,train
7416.jpg,train
7417.jpg,train
7418.jpg,train
7419.jpg,train
7421.jpg,train
7423.jpg,train
7424.jpg,train
7425.jpg,train
7426.jpg,train
7428.jpg,val
7429.jpg,train
743.jpg,train
7430.jpg,val
7431.jpg,train
7432.jpg,train
7433.jpg,train
7435.jpg,val
7436.jpg,val
7437.jpg,train
7438.jpg,train
7439.jpg,train
744.jpg,train
7440.jpg,train
7441.jpg,train
7442.jpg,train
7443.jpg,train
7444.jpg,train
7445.jpg,train
7446.jpg,train
745.jpg,train
7451.jpg,train
7452.jpg,train
7453.jpg,train
7454.jpg,train
7455.jpg,train
7456.jpg,train
7457.jpg,train
7458.jpg,train
7459.jpg,val
746.jpg,train
7462.jpg,train
7463.jpg,train
7464.jpg,train
7465.jpg,train
7466.jpg,train
7467.jpg,val
7469.jpg,train
747.jpg,train
7470.jpg,train
7471.jpg,train
7473.jpg,val
7474.jpg,train
7475.jpg,train
7476.jpg,val
7477.jpg,train
7478.jpg,train
7481.jpg,val
7482.jpg,train
7484.jpg,train
7485.jpg,train
7486.jpg,train
7487.jpg,val
7488.jpg,val
7489.jpg,train
749.jpg,train
7490.jpg,train
7491.jpg,val
7492.jpg,train
7493.jpg,train
7494.jpg,train
7495.jpg,train
7496.jpg,train
7497.jpg,train
7498.jpg,train
7499.jpg,train
75.jpg,train
750.jpg,train
7500.jpg,train
7501.jpg,train
7502.jpg,val
7503.jpg,train
7504.jpg,train
7505.jpg,train
7506.jpg,train
7507.jpg,train
7509.jpg,train
7510.jpg,val
7511.jpg,train
7512.jpg,train
7513.jpg,train
7514.jpg,train
7515.jpg,train
7516.jpg,train
7517.jpg,train
7518.jpg,train
7519.jpg,val
752.jpg,val
7520.jpg,train
7521.jpg,train
7524.jpg,train
7525.jpg,train
7526.jpg,val
7527.jpg,train
7529.jpg,train
753.jpg,train
7530.jpg,train
7531.jpg,train
7532.jpg,train
7533.jpg,train
7534.jpg,train
7535.jpg,train
7537.jpg,train
754.jpg,train
7540.jpg,train
7541.jpg,train
7542.jpg,train
7543.jpg,train
7544.jpg,train
7547.jpg,train
7548.jpg,train
7549.jpg,train
755.jpg,train
7551.jpg,train
7552.jpg,train
7553.jpg,train
7555.jpg,train
7556.jpg,train
7557.jpg,train
7558.jpg,train
7559.jpg,train
756.jpg,val
7560.jpg,train
7561.jpg,train
7562.jpg,train
7564.jpg,train
7565.jpg,train
7566.jpg,train
7567.jpg,train
7568.jpg,train
757.jpg,train
7570.jpg,train
7571.jpg,train
7572.jpg,val
7573.jpg,val
7574.jpg,train
7575.jpg,train
7576.jpg,train
7577.jpg,train
7578.jpg,train
7579.jpg,train
758.jpg,val
7580.jpg,train
7582.jpg,train
7583.jpg,train
7584.jpg,train
7585.jpg,train
7587.jpg,train
7588.jpg,train
7589.jpg,train
759.jpg,train
7590.jpg,train
7591.jpg,train
7592.jpg,train
7593.jpg,train
7594.jpg,train
7595.jpg,train
7597.jpg,train
7599.jpg,val
760.jpg,train
7600.jpg,train
7601.jpg,train
7602.jpg,val
7603.jpg,train
7604.jpg,train
7605.jpg,train
7606.jpg,train
7607.jpg,train
7608.jpg,train
761.jpg,train
7610.jpg,train
7611.jpg,train
7612.jpg,train
7614.jpg,train
7615.jpg,train
7616.jpg,train
7617.jpg,train
7618.jpg,train
7619.jpg,train
762.jpg,train
7620.jpg,train
7621.jpg,val
7622.jpg,train
7623.jpg,train
7624.jpg,train
7626.jpg,val
7627.jpg,train
7628.jpg,train
7629.jpg,train
763.jpg,train
7630.jpg,train
7631.jpg,train
7632.jpg,train
7633.jpg,val
7634.jpg,train
7635.jpg,val
7636.jpg,val
7637.jpg,train
7639.jpg,train
764.jpg,train
7640.jpg,train
7641.jpg,train
7642.jpg,train
7643.jpg,train
7644.jpg,train
7645.jpg,val
7646.jpg,train
7647.jpg,train
7648.jpg,train
7649.jpg,val
765.jpg,train
7650.jpg,train
7651.jpg,train
7652.jpg,val
7653.jpg,train
7654.jpg,train
7655.jpg,train
7656.jpg,val
7657.jpg,train
7658.jpg,train
7659.jpg,train
766.jpg,train
7660.jpg,train
7661.jpg,train
7663.jpg,train
7664.jpg,train
7665.jpg,train
7666.jpg,train
7667.jpg,train
7668.jpg,train
7669.jpg,train
767.jpg,train
7670.jpg,train
7671.jpg,train
7672.jpg,train
7673.jpg,train
7674.jpg,val
7675.jpg,train
7676.jpg,val
7677.jpg,train
7678.jpg,train
7679.jpg,train
768.jpg,train
7680.jpg,train
7682.jpg,train
7683.jpg,train
7684.jpg,train
7685.jpg,train
7686.jpg,train
7687.jpg,train
7688.jpg,train
769.jpg,val
7690.jpg,train
7691.jpg,train
7692.jpg,val
7693.jpg,train
7694.jpg,train
7695.jpg,train
7696.jpg,train
7697.jpg,train
7698.jpg,train
7699.jpg,train
770.jpg,train
7700.jpg,val
7701.jpg,train
7702.jpg,val
7703.jpg,train
7704.jpg,train
7705.jpg,train
7706.jpg,train
7707.jpg,train
7708.jpg,train
7709.jpg,val
771.jpg,train
7710.jpg,train
7711.jpg,train
7712.jpg,val
7713.jpg,val
7714.jpg,val
7716.jpg,train
7717.jpg,train
7718.jpg,train
7719.jpg,train
7720.jpg,train
7721.jpg,train
7723.jpg,train
7724.jpg,train
7727.jpg,train
7728.jpg,val
7729.jpg,train
7730.jpg,train
7731.jpg,train
7732.jpg,train
7733.jpg,train
7734.jpg,val
7735.jpg,train
7736.jpg,train
7737.jpg,train
7738.jpg,train
7739.jpg,train
774.jpg,train
7740.jpg,train
7742.jpg,val
7743.jpg,train
7744.jpg,val
7745.jpg,val
7746.jpg,train
7747.jpg,val
7748.jpg,train
7749.jpg,val
775.jpg,train
7751.jpg,train
7752.jpg,train
7753.jpg,train
7754.jpg,train
7755.jpg,train
7756.jpg,train
7757.jpg,train
7758.jpg,train
7759.jpg,train
776.jpg,train
7760.jpg,train
7762.jpg,train
7763.jpg,train
7765.jpg,train
7766.jpg,train
7767.jpg,val
7768.jpg,val
7769.jpg,train
7770.jpg,train
7771.jpg,train
7772.jpg,train
7773.jpg,train
7774.jpg,train
7775.jpg,val
7776.jpg,train
7777.jpg,train
7778.jpg,train
7779.jpg,train
778.jpg,train
7780.jpg,train
7781.jpg,train
7782.jpg,train
7783.jpg,train
7784.jpg,train
7785.jpg,train
7786.jpg,train
7787.jpg,train
7788.jpg,train
779.jpg,val
7790.jpg,train
7791.jpg,train
7792.jpg,val
7793.jpg,train
7794.jpg,val
7795.jpg,train
7796.jpg,val
7797.jpg,train
78.jpg,train
780.jpg,train
7800.jpg,train
7801.jpg,train
7804.jpg,train
7805.jpg,train
7806.jpg,train
7807.jpg,train
781.jpg,train
7810.jpg,train
7811.jpg,train
7812.jpg,train
7813.jpg,train
7814.jpg,val
7815.jpg,train
7816.jpg,train
7818.jpg,train
7819.jpg,train
782.jpg,train
7820.jpg,train
7822.jpg,train
7823.jpg,train
7824.jpg,val
7825.jpg,train
7827.jpg,train
7828.jpg,train
7829.jpg,train
783.jpg,train
7831.jpg,train
7832.jpg,train
7833.jpg,val
7834.jpg,train
7835.jpg,train
7836.jpg,train
7837.jpg,train
7838.jpg,train
7839.jpg,train
784.jpg,train
7840.jpg,train
7841.jpg,train
7842.jpg,train
7844.jpg,train
7846.jpg,train
7847.jpg,train
7848.jpg,val
7849.jpg,train
785.jpg,train
7850.jpg,train
7851.jpg,train
7852.jpg,train
7853.jpg,train
7855.jpg,train
7856.jpg,train
7857.jpg,train
7859.jpg,train
786.jpg,train
7861.jpg,train
7862.jpg,train
7863.jpg,train
7864.jpg,train
7865.jpg,val
7866.jpg,train
7867.jpg,val
7868.jpg,train
7869.jpg,train
787.jpg,val
7870.jpg,train
7871.jpg,train
7872.jpg,train
7873.jpg,val
7874.jpg,train
7875.jpg,train
7876.jpg,train
7878.jpg,train
788.jpg,train
7880.jpg,train
7881.jpg,val
7882.jpg,val
7883.jpg,train
7885.jpg,train
7886.jpg,train
7889.jpg,train
789.jpg,train
7890.jpg,val
7891.jpg,train
7892.jpg,train
7893.jpg,train
7894.jpg,train
7895.jpg,val
7896.jpg,train
7897.jpg,train
7898.jpg,val
7899.jpg,train
79.jpg,val
7900.jpg,train
7901.jpg,train
7902.jpg,train
7903.jpg,train
7905.jpg,train
7908.jpg,train
7909.jpg,val
7910.jpg,val
7911.jpg,train
7912.jpg,train
7913.jpg,train
7914.jpg,train
7915.jpg,train
7917.jpg,train
7918.jpg,val
7919.jpg,train
7920.jpg,train
7921.jpg,val
7922.jpg,train
7923.jpg,val
7924.jpg,train
7925.jpg,train
7926.jpg,train
7927.jpg,train
7928.jpg,val
7929.jpg,train
7930.jpg,val
7932.jpg,val
7933.jpg,train
7934.jpg,train
7935.jpg,train
7936.jpg,train
7937.jpg,train
7938.jpg,val
794.jpg,train
7941.jpg,train
7942.jpg,train
7943.jpg,train
7944.jpg,val
7945.jpg,train
7947.jpg,train
7948.jpg,train
7949.jpg,train
795.jpg,train
7951.jpg,train
7952.jpg,train
7954.jpg,val
7955.jpg,train
7956.jpg,train
7957.jpg,train
7958.jpg,train
7959.jpg,val
796.jpg,train
7960.jpg,train
7961.jpg,train
7962.jpg,train
7963.jpg,train
7966.jpg,val
7967.jpg,train
7968.jpg,train
7969.jpg,train
7971.jpg,train
7972.jpg,train
7973.jpg,train
7974.jpg,train
7975.jpg,train
7976.jpg,train
7977.jpg,train
7978.jpg,val
7979.jpg,train
798.jpg,train
7980.jpg,train
7981.jpg,train
7982.jpg,val
7983.jpg,train
7984.jpg,train
7985.jpg,train
7986.jpg,train
7987.jpg,train
7988.jpg,train
7989.jpg,train
799.jpg,train
7990.jpg,train
7991.jpg,train
7992.jpg,train
7993.jpg,train
7994.jpg,train
7995.jpg,train
7996.jpg,train
7997.jpg,train
7999.jpg,train
8.jpg,train
80.jpg,train
800.jpg,train
8000.jpg,train
8001.jpg,val
8002.jpg,train
8003.jpg,train
8004.jpg,train
8005.jpg,train
8006.jpg,train
8007.jpg,train
8008.jpg,train
8009.jpg,train
801.jpg,train
8010.jpg,train
8011.jpg,val
8012.jpg,train
8013.jpg,val
8014.jpg,train
8015.jpg,train
8016.jpg,train
8017.jpg,train
8018.jpg,train
8019.jpg,train
802.jpg,train
8020.jpg,train
8021.jpg,train
8022.jpg,train
8023.jpg,train
8024.jpg,train
8025.jpg,train
8026.jpg,train
8027.jpg,train
8028.jpg,val
803.jpg,train
8030.jpg,train
8031.jpg,val
8032.jpg,train
8034.jpg,train
8035.jpg,train
8036.jpg,train
8038.jpg,train
8039.jpg,val
804.jpg,train
8040.jpg,train
8041.jpg,train
8043.jpg,train
8044.jpg,train
8045.jpg,train
8046.jpg,val
8047.jpg,train
8049.jpg,train
805.jpg,train
8050.jpg,train
8052.jpg,train
8054.jpg,train
8055.jpg,train
8056.jpg,train
8057.jpg,val
8058.jpg,train
8059.jpg,train
806.jpg,train
8060.jpg,train
8061.jpg,val
8062.jpg,train
8063.jpg,train
8064.jpg,train
8065.jpg,train
8067.jpg,train
8068.jpg,val
8069.jpg,train
807.jpg,train
8070.jpg,train
8073.jpg,train
8074.jpg,train
8075.jpg,train
8076.jpg,train
8077.jpg,train
8078.jpg,val
8079.jpg,train
808.jpg,val
8080.jpg,train
8083.jpg,val
8084.jpg,train
8085.jpg,train
8086.jpg,train
8087.jpg,train
8088.jpg,train
8089.jpg,train
809.jpg,train
8090.jpg,train
8092.jpg,val
8093.jpg,train
8094.jpg,train
8095.jpg,train
8096.jpg,val
8097.jpg,train
8098.jpg,train
8099.jpg,train
81.jpg,train
8100.jpg,train
8101.jpg,train
8102.jpg,train
8104.jpg,train
8105.jpg,train
8106.jpg,train
8108.jpg,train
8109.jpg,train
811.jpg,train
8110.jpg,val
8111.jpg,train
8112.jpg,train
8113.jpg,train
8114.jpg,train
8116.jpg,train
8117.jpg,train
8118.jpg,train
8119.jpg,train
812.jpg,train
8120.jpg,train
8121.jpg,train
8123.jpg,train
8124.jpg,train
8125.jpg,val
8126.jpg,train
8128.jpg,train
8129.jpg,train
813.jpg,train
8130.jpg,train
8131.jpg,train
8132.jpg,train
8134.jpg,train
8135.jpg,val
8136.jpg,train
8137.jpg,train
8138.jpg,train
8139.jpg,train
814.jpg,train
8140.jpg,train
8141.jpg,train
8142.jpg,val
8143.jpg,train
8144.jpg,train
8145.jpg,train
8146.jpg,train
8147.jpg,val
8148.jpg,train
8149.jpg,train
815.jpg,train
8151.jpg,train
8152.jpg,train
8154.jpg,train
8155.jpg,train
8156.jpg,train
8157.jpg,val
8158.jpg,train
8159.jpg,val
8160.jpg,train
8161.jpg,train
8162.jpg,train
8163.jpg,val
8164.jpg,train
8165.jpg,train
8166.jpg,train
8167.jpg,train
8168.jpg,train
8169.jpg,train
817.jpg,train
8170.jpg,train
8171.jpg,val
8172.jpg,train
8173.jpg,train
8174.jpg,train
8175.jpg,train
8176.jpg,train
8177.jpg,train
8179.jpg,train
818.jpg,train
8180.jpg,val
8181.jpg,train
8182.jpg,train
8183.jpg,train
8185.jpg,val
8186.jpg,train
8187.jpg,val
8188.jpg,train
8189.jpg,train
819.jpg,val
8190.jpg,val
8193.jpg,train
8194.jpg,train
8195.jpg,train
8196.jpg,train
8197.jpg,train
8198.jpg,val
8199.jpg,train
82.jpg,train
820.jpg,train
8201.jpg,val
8202.jpg,train
8203.jpg,train
8204.jpg,train
8206.jpg,train
8207.jpg,val
8208.jpg,train
8209.jpg,val
8210.jpg,train
8211.jpg,train
8212.jpg,val
8213.jpg,train
8214.jpg,val
8215.jpg,train
8216.jpg,train
8217.jpg,train
8218.jpg,train
8219.jpg,train
822.jpg,train
8220.jpg,train
8221.jpg,train
8222.jpg,train
8223.jpg,train
8224.jpg,train
8226.jpg,train
8227.jpg,train
823.jpg,train
8231.jpg,train
8232.jpg,train
8233.jpg,train
8234.jpg,val
8235.jpg,train
8236.jpg,train
8237.jpg,train
8238.jpg,val
8239.jpg,train
824.jpg,train
8240.jpg,train
8241.jpg,train
8242.jpg,train
8243.jpg,val
8244.jpg,val
8245.jpg,val
8246.jpg,train
8247.jpg,train
8248.jpg,train
8249.jpg,train
8250.jpg,train
8252.jpg,train
8253.jpg,train
8254.jpg,train
8255.jpg,val
8256.jpg,train
8257.jpg,train
8258.jpg,train
8259.jpg,train
826.jpg,train
8260.jpg,train
8261.jpg,train
8262.jpg,train
8263.jpg,train
8264.jpg,train
8265.jpg,train
8266.jpg,train
8267.jpg,train
8270.jpg,val
8271.jpg,val
8272.jpg,train
8273.jpg,train
8275.jpg,train
8276.jpg,train
8277.jpg,val
8278.jpg,train
8279.jpg,train
828.jpg,val
8280.jpg,train
8281.jpg,train
8282.jpg,train
8283.jpg,train
8284.jpg,train
8285.jpg,train
8286.jpg,val
8287.jpg,train
8288.jpg,train
8289.jpg,train
829.jpg,train
8291.jpg,train
8292.jpg,train
8293.jpg,train
8294.jpg,train
8297.jpg,train
8298.jpg,val
8299.jpg,val
83.jpg,val
830.jpg,train
8300.jpg,train
8301.jpg,train
8302.jpg,train
8303.jpg,train
8305.jpg,train
8306.jpg,train
8308.jpg,val
8309.jpg,val
8310.jpg,val
8311.jpg,val
8312.jpg,train
8314.jpg,train
8315.jpg,train
8316.jpg,train
8317.jpg,train
8318.jpg,val
8319.jpg,val
832.jpg,train
8320.jpg,train
8322.jpg,val
8323.jpg,train
8324.jpg,train
8325.jpg,val
8326.jpg,val
8327.jpg,train
8328.jpg,train
8329.jpg,train
833.jpg,train
8330.jpg,train
8331.jpg,train
8332.jpg,val
8333.jpg,train
8334.jpg,train
8335.jpg,train
8337.jpg,val
8338.jpg,train
8339.jpg,train
834.jpg,train
8340.jpg,train
8341.jpg,train
8342.jpg,train
8344.jpg,val
8345.jpg,train
8347.jpg,train
8348.jpg,train
8349.jpg,train
835.jpg,train
8350.jpg,train
8351.jpg,train
8352.jpg,train
8353.jpg,train
8354.jpg,val
8355.jpg,train
8356.jpg,val
8357.jpg,val
8358.jpg,train
8359.jpg,train
836.jpg,train
8361.jpg,train
8362.jpg,train
8363.jpg,train
8364.jpg,train
8365.jpg,train
8367.jpg,train
8368.jpg,val
8369.jpg,train
837.jpg,train
8370.jpg,train
8371.jpg,train
8373.jpg,train
8374.jpg,train
8375.jpg,train
8376.jpg,train
8377.jpg,train
8378.jpg,train
8379.jpg,train
838.jpg,train
8380.jpg,val
8381.jpg,train
8382.jpg,train
8383.jpg,train
8384.jpg,train
8386.jpg,train
8389.jpg,train
839.jpg,train
8390.jpg,train
8391.jpg,train
8392.jpg,train
8393.jpg,train
8394.jpg,train
8395.jpg,train
8396.jpg,train
8397.jpg,train
8398.jpg,train
8399.jpg,train
840.jpg,train
8400.jpg,val
8401.jpg,train
8402.jpg,train
8403.jpg,train
8404.jpg,train
8406.jpg,train
8407.jpg,train
8408.jpg,train
8409.jpg,train
841.jpg,train
8410.jpg,train
8412.jpg,train
8414.jpg,train
8415.jpg,val
8416.jpg,train
8420.jpg,train
8421.jpg,train
8422.jpg,val
8423.jpg,train
8424.jpg,train
8426.jpg,train
8427.jpg,train
8428.jpg,train
8429.jpg,train
843.jpg,train
8430.jpg,val
8431.jpg,train
8432.jpg,val
8433.jpg,train
8434.jpg,train
8435.jpg,train
8436.jpg,train
8437.jpg,train
8438.jpg,train
8439.jpg,train
844.jpg,train
8440.jpg,train
8442.jpg,train
8443.jpg,val
8444.jpg,val
8445.jpg,train
8446.jpg,train
8447.jpg,train
8449.jpg,train
845.jpg,train
8450.jpg,train
8451.jpg,train
8452.jpg,train
8455.jpg,train
8456.jpg,train
8457.jpg,train
8459.jpg,train
8460.jpg,train
8461.jpg,train
8462.jpg,train
8463.jpg,train
8464.jpg,train
8466.jpg,train
8467.jpg,val
8468.jpg,train
847.jpg,train
8471.jpg,val
8472.jpg,train
8473.jpg,val
8474.jpg,train
8475.jpg,val
8476.jpg,train
8477.jpg,train
8478.jpg,train
8479.jpg,train
848.jpg,train
8480.jpg,train
8481.jpg,train
8483.jpg,train
8484.jpg,train
8486.jpg,train
8487.jpg,train
8488.jpg,train
8489.jpg,train
849.jpg,train
8491.jpg,train
8492.jpg,train
8493.jpg,train
8494.jpg,train
8495.jpg,train
8496.jpg,train
8498.jpg,train
8499.jpg,train
850.jpg,train
8500.jpg,val
8501.jpg,train
8502.jpg,train
8504.jpg,train
8505.jpg,train
8508.jpg,train
8509.jpg,train
851.jpg,train
8510.jpg,train
8511.jpg,train
8512.jpg,train
8513.jpg,train
8514.jpg,train
8516.jpg,train
8517.jpg,train
8519.jpg,train
852.jpg,train
8521.jpg,val
8522.jpg,train
8523.jpg,train
8524.jpg,val
8526.jpg,train
8527.jpg,train
8528.jpg,train
8529.jpg,val
853.jpg,train
8530.jpg,val
8531.jpg,train
8532.jpg,train
8533.jpg,train
8534.jpg,train
8535.jpg,train
8536.jpg,train
8537.jpg,train
8539.jpg,train
854.jpg,train
8540.jpg,train
8541.jpg,val
8542.jpg,train
8544.jpg,train
8545.jpg,train
8546.jpg,train
8547.jpg,train
8548.jpg,train
8549.jpg,train
855.jpg,train
8550.jpg,train
8551.jpg,val
8552.jpg,train
8553.jpg,train
8555.jpg,train
8556.jpg,train
8557.jpg,val
8558.jpg,train
8559.jpg,train
856.jpg,train
8560.jpg,train
8561.jpg,train
8562.jpg,train
8563.jpg,train
8564.jpg,val
8565.jpg,train
8566.jpg,train
8568.jpg,val
8569.jpg,train
857.jpg,train
8570.jpg,train
8571.jpg,train
8572.jpg,train
8575.jpg,train
8576.jpg,train
8577.jpg,train
8578.jpg,train
8579.jpg,train
858.jpg,train
8580.jpg,train
8581.jpg,train
8582.jpg,train
8583.jpg,train
8584.jpg,train
8585.jpg,train
8586.jpg,val
8587.jpg,train
8588.jpg,train
8590.jpg,train
8591.jpg,train
8593.jpg,train
8594.jpg,train
8595.jpg,train
8596.jpg,train
8597.jpg,train
8598.jpg,val
8599.jpg,val
860.jpg,train
8600.jpg,train
8601.jpg,train
8602.jpg,train
8603.jpg,train
8604.jpg,train
8605.jpg,val
8606.jpg,train
8607.jpg,train
8609.jpg,train
8610.jpg,train
8611.jpg,train
8612.jpg,train
8613.jpg,train
8614.jpg,train
8615.jpg,train
8616.jpg,train
8617.jpg,train
8618.jpg,train
8619.jpg,train
862.jpg,train
8620.jpg,train
8621.jpg,train
8622.jpg,train
8623.jpg,val
8624.jpg,train
8625.jpg,train
8626.jpg,train
8627.jpg,train
8628.jpg,train
8629.jpg,train
8630.jpg,train
8632.jpg,train
8633.jpg,train
8635.jpg,train
8636.jpg,train
8637.jpg,train
8638.jpg,train
864.jpg,train
8640.jpg,train
8641.jpg,train
8642.jpg,train
8643.jpg,train
8644.jpg,train
8645.jpg,train
8646.jpg,train
8647.jpg,train
8648.jpg,train
8649.jpg,train
865.jpg,val
8650.jpg,train
8651.jpg,train
8652.jpg,train
8653.jpg,train
8654.jpg,train
8656.jpg,train
8657.jpg,train
8658.jpg,train
8659.jpg,train
866.jpg,train
8660.jpg,train
8661.jpg,train
8664.jpg,val
8666.jpg,train
8668.jpg,train
8669.jpg,train
867.jpg,train
8671.jpg,train
8674.jpg,train
8675.jpg,train
8676.jpg,train
8677.jpg,val
8678.jpg,train
8679.jpg,train
8680.jpg,train
8681.jpg,train
8683.jpg,train
8684.jpg,train
8685.jpg,val
8686.jpg,train
8687.jpg,val
8688.jpg,val
8689.jpg,train
869.jpg,train
8690.jpg,train
8691.jpg,train
8692.jpg,train
8693.jpg,val
8694.jpg,val
8695.jpg,train
8697.jpg,train
8699.jpg,train
87.jpg,val
870.jpg,val
8700.jpg,train
8701.jpg,train
8702.jpg,val
8703.jpg,train
8704.jpg,train
8706.jpg,train
8707.jpg,train
8708.jpg,train
8709.jpg,train
871.jpg,train
8711.jpg,train
8712.jpg,train
8713.jpg,train
8714.jpg,val
8715.jpg,train
8716.jpg,train
8717.jpg,train
8718.jpg,train
8719.jpg,train
872.jpg,train
8723.jpg,train
8724.jpg,train
8727.jpg,train
8728.jpg,train
8729.jpg,train
873.jpg,train
8730.jpg,val
8732.jpg,train
8734.jpg,train
8735.jpg,train
8736.jpg,val
8737.jpg,val
8738.jpg,train
8739.jpg,train
874.jpg,train
8741.jpg,val
8742.jpg,train
8743.jpg,train
8744.jpg,train
8745.jpg,train
8746.jpg,train
8747.jpg,train
8748.jpg,train
8749.jpg,train
8751.jpg,train
8752.jpg,train
8753.jpg,train
8754.jpg,train
8755.jpg,train
8756.jpg,train
8757.jpg,train
8758.jpg,train
8759.jpg,train
876.jpg,val
8760.jpg,train
8761.jpg,train
8762.jpg,train
8763.jpg,train
8764.jpg,train
8765.jpg,val
8768.jpg,train
8769.jpg,train
877.jpg,train
8770.jpg,train
8771.jpg,train
8772.jpg,train
8774.jpg,train
8775.jpg,train
8776.jpg,train
8777.jpg,train
8778.jpg,train
8779.jpg,train
878.jpg,train
8780.jpg,val
8781.jpg,train
8782.jpg,val
8784.jpg,train
8785.jpg,train
8786.jpg,val
8787.jpg,train
8788.jpg,train
8789.jpg,train
8790.jpg,train
8791.jpg,train
8792.jpg,train
8793.jpg,train
8794.jpg,train
8795.jpg,train
8796.jpg,train
8797.jpg,train
8798.jpg,val
8799.jpg,train
880.jpg,train
8800.jpg,train
8801.jpg,train
8803.jpg,train
8805.jpg,train
8806.jpg,val
8807.jpg,train
8808.jpg,train
8809.jpg,val
881.jpg,train
8810.jpg,train
8811.jpg,train
8813.jpg,train
8814.jpg,train
8815.jpg,train
8816.jpg,train
8818.jpg,train
8819.jpg,train
882.jpg,train
8820.jpg,train
8822.jpg,train
8823.jpg,train
8824.jpg,train
8825.jpg,train
8826.jpg,train
8827.jpg,train
8829.jpg,train
883.jpg,train
8830.jpg,train
8831.jpg,val
8832.jpg,train
8833.jpg,train
8835.jpg,train
8836.jpg,train
8838.jpg,train
8839.jpg,train
8840.jpg,train
8843.jpg,train
8844.jpg,train
8846.jpg,train
8847.jpg,train
8848.jpg,train
8849.jpg,train
885.jpg,train
8850.jpg,train
8851.jpg,train
8852.jpg,val
8854.jpg,train
8855.jpg,train
8857.jpg,train
8859.jpg,train
886.jpg,train
8861.jpg,val
8863.jpg,val
8864.jpg,train
8866.jpg,train
8867.jpg,train
8868.jpg,train
8869.jpg,train
887.jpg,train
8870.jpg,val
8871.jpg,train
8872.jpg,train
8873.jpg,train
8874.jpg,train
8875.jpg,train
8876.jpg,train
8877.jpg,train
8878.jpg,train
8879.jpg,train
888.jpg,train
8880.jpg,train
8881.jpg,train
8882.jpg,train
8883.jpg,train
8884.jpg,val
8886.jpg,train
8887.jpg,train
8888.jpg,train
8889.jpg,train
889.jpg,train
8890.jpg,train
8891.jpg,train
8893.jpg,train
8894.jpg,train
8895.jpg,train
8896.jpg,train
8897.jpg,train
8899.jpg,val
89.jpg,train
890.jpg,train
8904.jpg,val
8905.jpg,train
8907.jpg,train
8908.jpg,train
8909.jpg,val
891.jpg,train
8910.jpg,train
8911.jpg,train
8913.jpg,train
8914.jpg,val
8915.jpg,train
8916.jpg,train
8917.jpg,val
8919.jpg,train
892.jpg,train
8920.jpg,train
8922.jpg,train
8923.jpg,train
8924.jpg,train
8927.jpg,val
8929.jpg,train
893.jpg,train
8931.jpg,train
8932.jpg,train
8933.jpg,train
8934.jpg,train
8935.jpg,val
8936.jpg,train
8937.jpg,train
8938.jpg,train
8939.jpg,train
8940.jpg,train
8941.jpg,val
8942.jpg,val
8943.jpg,train
8944.jpg,train
8945.jpg,train
8946.jpg,train
8947.jpg,train
8948.jpg,train
8949.jpg,val
895.jpg,train
8950.jpg,train
8951.jpg,train
8952.jpg,val
8955.jpg,val
8956.jpg,train
8957.jpg,train
8958.jpg,train
8959.jpg,train
896.jpg,train
8960.jpg,train
8961.jpg,val
8962.jpg,train
8963.jpg,train
8964.jpg,val
8965.jpg,train
8966.jpg,train
8967.jpg,train
897.jpg,train
8970.jpg,train
8971.jpg,train
8972.jpg,train
8973.jpg,train
8975.jpg,train
8976.jpg,val
8977.jpg,val
8978.jpg,train
8979.jpg,train
898.jpg,val
8982.jpg,val
8983.jpg,train
8984.jpg,train
8985.jpg,train
8986.jpg,val
8987.jpg,train
8988.jpg,train
8989.jpg,val
8990.jpg,train
8991.jpg,train
8992.jpg,val
8993.jpg,train
8994.jpg,train
8995.jpg,train
8999.jpg,val
9.jpg,train
90.jpg,train
900.jpg,train
9000.jpg,train
9001.jpg,val
9002.jpg,val
9003.jpg,val
9004.jpg,val
9005.jpg,train
9007.jpg,val
9008.jpg,train
901.jpg,train
9010.jpg,val
9011.jpg,val
9012.jpg,train
9013.jpg,train
9014.jpg,train
9015.jpg,val
9016.jpg,val
9017.jpg,train
9019.jpg,train
9020.jpg,train
9022.jpg,train
9023.jpg,train
9024.jpg,train
9025.jpg,train
9026.jpg,train
9028.jpg,train
9029.jpg,train
903.jpg,val
9033.jpg,train
9034.jpg,train
9035.jpg,train
9036.jpg,train
9037.jpg,train
9038.jpg,train
9039.jpg,train
9040.jpg,train
9041.jpg,val
9042.jpg,train
9043.jpg,train
9044.jpg,train
9045.jpg,val
9046.jpg,train
9047.jpg,train
9048.jpg,train
9049.jpg,train
905.jpg,train
9050.jpg,train
9052.jpg,train
9053.jpg,train
9054.jpg,val
9055.jpg,val
9056.jpg,val
9057.jpg,train
9058.jpg,val
9059.jpg,train
906.jpg,val
9061.jpg,train
9063.jpg,train
9066.jpg,train
9067.jpg,train
9068.jpg,train
907.jpg,train
9070.jpg,train
9071.jpg,val
9072.jpg,train
9073.jpg,train
9074.jpg,train
9075.jpg,train
9076.jpg,train
9077.jpg,train
9079.jpg,train
908.jpg,train
9080.jpg,train
9083.jpg,train
9084.jpg,train
9085.jpg,train
9087.jpg,train
9088.jpg,train
9089.jpg,train
9090.jpg,train
9091.jpg,train
9092.jpg,train
9093.jpg,train
9095.jpg,train
9097.jpg,train
9098.jpg,train
9099.jpg,train
91.jpg,train
910.jpg,train
9100.jpg,val
9101.jpg,val
9102.jpg,train
9103.jpg,train
9106.jpg,train
9107.jpg,train
9108.jpg,train
9109.jpg,train
911.jpg,train
9110.jpg,train
9111.jpg,train
9112.jpg,train
9113.jpg,train
9114.jpg,train
9115.jpg,train
9116.jpg,val
9117.jpg,train
912.jpg,train
9120.jpg,train
9121.jpg,train
9122.jpg,train
9123.jpg,train
9125.jpg,train
9126.jpg,val
9127.jpg,train
9128.jpg,train
9129.jpg,train
9130.jpg,val
9131.jpg,train
9132.jpg,train
9133.jpg,val
9134.jpg,train
9135.jpg,train
9136.jpg,train
9137.jpg,train
9138.jpg,val
9139.jpg,train
914.jpg,train
9140.jpg,val
9141.jpg,train
9142.jpg,train
9143.jpg,train
9146.jpg,val
9147.jpg,train
9149.jpg,train
915.jpg,train
9151.jpg,train
9152.jpg,train
9153.jpg,train
9154.jpg,train
9155.jpg,train
9156.jpg,train
9158.jpg,train
9160.jpg,train
9161.jpg,train
9162.jpg,val
9163.jpg,train
9164.jpg,train
9166.jpg,train
9168.jpg,train
9169.jpg,train
917.jpg,val
9170.jpg,train
9171.jpg,train
9173.jpg,train
9174.jpg,train
9175.jpg,train
9176.jpg,train
9177.jpg,train
9179.jpg,train
9182.jpg,train
9183.jpg,train
9184.jpg,train
9186.jpg,train
9187.jpg,train
9189.jpg,train
919.jpg,train
9190.jpg,train
9191.jpg,train
9192.jpg,val
9193.jpg,train
9194.jpg,train
9196.jpg,val
9198.jpg,train
9199.jpg,train
92.jpg,train
9200.jpg,val
9201.jpg,train
9203.jpg,train
9205.jpg,train
9206.jpg,train
9207.jpg,train
9208.jpg,train
9209.jpg,val
921.jpg,val
9210.jpg,train
9212.jpg,train
9213.jpg,train
9214.jpg,train
9215.jpg,val
9216.jpg,train
9218.jpg,train
922.jpg,train
9220.jpg,val
9221.jpg,train
9222.jpg,val
9223.jpg,train
9225.jpg,val
9226.jpg,val
9227.jpg,train
9229.jpg,train
923.jpg,train
9230.jpg,train
9231.jpg,train
9232.jpg,train
9233.jpg,train
9234.jpg,train
9235.jpg,train
9237.jpg,train
9238.jpg,train
9239.jpg,train
924.jpg,train
9240.jpg,train
9241.jpg,val
9242.jpg,train
9243.jpg,train
9244.jpg,train
9245.jpg,train
9246.jpg,train
9247.jpg,train
9248.jpg,val
9249.jpg,train
925.jpg,train
9250.jpg,train
9251.jpg,train
9252.jpg,train
9253.jpg,train
9254.jpg,train
9256.jpg,train
9257.jpg,val
9259.jpg,train
926.jpg,train
9260.jpg,train
9261.jpg,train
9262.jpg,train
9263.jpg,train
9264.jpg,train
9265.jpg,train
9266.jpg,train
9267.jpg,val
9268.jpg,train
9269.jpg,val
9270.jpg,train
9271.jpg,train
9272.jpg,train
9274.jpg,val
9275.jpg,train
9276.jpg,train
9277.jpg,train
9278.jpg,train
9279.jpg,train
928.jpg,train
9280.jpg,train
9281.jpg,train
9282.jpg,train
9284.jpg,val
9285.jpg,train
9287.jpg,train
9288.jpg,train
9289.jpg,val
929.jpg,train
9291.jpg,train
9292.jpg,val
9293.jpg,val
9294.jpg,train
9296.jpg,train
9297.jpg,train
9298.jpg,train
9299.jpg,train
93.jpg,train
930.jpg,train
9300.jpg,val
9302.jpg,train
9303.jpg,train
9304.jpg,train
9305.jpg,train
9306.jpg,train
9307.jpg,train
9308.jpg,train
9309.jpg,train
931.jpg,train
9310.jpg,train
9311.jpg,train
9312.jpg,train
9313.jpg,train
9314.jpg,train
9315.jpg,train
9316.jpg,train
9317.jpg,train
9318.jpg,train
9319.jpg,train
932.jpg,train
9320.jpg,train
9321.jpg,train
9322.jpg,train
9323.jpg,train
9324.jpg,train
9325.jpg,train
9327.jpg,train
9328.jpg,train
9329.jpg,train
9330.jpg,train
9331.jpg,val
9334.jpg,train
9336.jpg,train
9337.jpg,val
9339.jpg,train
934.jpg,train
9340.jpg,val
9341.jpg,train
9342.jpg,train
9343.jpg,train
9344.jpg,train
9345.jpg,val
9346.jpg,train
9347.jpg,val
9348.jpg,train
9349.jpg,train
9351.jpg,val
9353.jpg,train
9354.jpg,train
9355.jpg,train
9356.jpg,train
9357.jpg,train
9358.jpg,train
9359.jpg,train
9360.jpg,train
9361.jpg,train
9362.jpg,train
9363.jpg,train
9364.jpg,train
9365.jpg,train
9366.jpg,val
9367.jpg,train
9368.jpg,train
9369.jpg,train
937.jpg,train
9370.jpg,train
9371.jpg,train
9372.jpg,val
9374.jpg,train
9375.jpg,val
9376.jpg,train
9377.jpg,train
9379.jpg,val
9380.jpg,train
9381.jpg,train
9382.jpg,train
9384.jpg,train
9385.jpg,train
9386.jpg,train
9387.jpg,train
9388.jpg,train
9389.jpg,train
939.jpg,train
9392.jpg,train
9393.jpg,train
9394.jpg,train
9395.jpg,train
9396.jpg,val
9397.jpg,train
9398.jpg,train
9399.jpg,train
94.jpg,train
940.jpg,train
9400.jpg,train
9402.jpg,train
9403.jpg,train
9404.jpg,train
9405.jpg,train
9406.jpg,train
9407.jpg,train
9408.jpg,train
9409.jpg,train
941.jpg,train
9410.jpg,train
9411.jpg,train
9413.jpg,train
9415.jpg,train
9416.jpg,train
9417.jpg,train
9418.jpg,train
9419.jpg,train
942.jpg,train
9420.jpg,train
9421.jpg,train
9422.jpg,train
9423.jpg,train
9424.jpg,train
9425.jpg,train
9426.jpg,train
9427.jpg,train
9428.jpg,train
9429.jpg,train
943.jpg,train
9430.jpg,train
9431.jpg,train
9432.jpg,train
9433.jpg,train
9434.jpg,train
9435.jpg,train
9437.jpg,train
9438.jpg,train
9439.jpg,train
944.jpg,train
9440.jpg,train
9441.jpg,train
9442.jpg,train
9443.jpg,train
9444.jpg,val
9445.jpg,train
9447.jpg,train
9448.jpg,train
945.jpg,train
9450.jpg,train
9452.jpg,train
9453.jpg,train
9455.jpg,train
9456.jpg,val
9458.jpg,train
9459.jpg,val
946.jpg,train
9463.jpg,train
9466.jpg,train
9467.jpg,train
9468.jpg,val
9469.jpg,val
947.jpg,train
9470.jpg,train
9472.jpg,train
9473.jpg,val
9474.jpg,train
9476.jpg,val
9478.jpg,train
9479.jpg,train
9480.jpg,train
9481.jpg,train
9482.jpg,val
9483.jpg,train
9484.jpg,val
9485.jpg,train
9486.jpg,train
9487.jpg,train
9488.jpg,train
9489.jpg,train
949.jpg,val
9490.jpg,train
9491.jpg,val
9492.jpg,train
9493.jpg,train
9494.jpg,train
9495.jpg,val
9496.jpg,train
9497.jpg,train
9498.jpg,train
9499.jpg,train
950.jpg,train
9500.jpg,train
9501.jpg,train
9502.jpg,train
9503.jpg,train
9505.jpg,val
9506.jpg,train
9507.jpg,train
9508.jpg,train
9509.jpg,train
951.jpg,train
9510.jpg,val
9511.jpg,train
9512.jpg,train
9513.jpg,train
9514.jpg,val
9516.jpg,val
9517.jpg,val
9518.jpg,train
952.jpg,val
9520.jpg,train
9521.jpg,train
9522.jpg,train
9524.jpg,train
9526.jpg,train
9527.jpg,val
9529.jpg,train
953.jpg,train
9531.jpg,train
9532.jpg,val
9533.jpg,train
9534.jpg,train
9535.jpg,train
9536.jpg,train
9537.jpg,train
9538.jpg,train
9539.jpg,train
954.jpg,train
9540.jpg,val
9541.jpg,val
9542.jpg,train
9543.jpg,val
9544.jpg,train
9545.jpg,train
9546.jpg,train
9547.jpg,train
9548.jpg,train
9549.jpg,train
955.jpg,train
9550.jpg,train
9551.jpg,train
9553.jpg,train
9554.jpg,train
9555.jpg,train
9556.jpg,train
9557.jpg,train
9558.jpg,train
9559.jpg,val
956.jpg,train
9560.jpg,train
9561.jpg,train
9562.jpg,val
9563.jpg,train
9565.jpg,train
9566.jpg,train
9567.jpg,train
9568.jpg,train
9569.jpg,train
957.jpg,train
9570.jpg,train
9571.jpg,train
9572.jpg,train
9573.jpg,train
9578.jpg,train
958.jpg,train
9580.jpg,train
9581.jpg,train
9582.jpg,train
9583.jpg,train
9584.jpg,train
9585.jpg,train
9586.jpg,train
9587.jpg,train
9588.jpg,train
9589.jpg,train
959.jpg,train
9590.jpg,train
9593.jpg,val
9594.jpg,train
9595.jpg,train
9596.jpg,train
9597.jpg,train
9598.jpg,train
96.jpg,train
960.jpg,train
9600.jpg,train
9601.jpg,train
9602.jpg,train
9603.jpg,val
9604.jpg,train
9605.jpg,train
9606.jpg,train
9607.jpg,train
9608.jpg,val
9610.jpg,val
9611.jpg,train
9612.jpg,train
9615.jpg,train
9616.jpg,val
9617.jpg,val
9618.jpg,train
9619.jpg,val
962.jpg,train
9620.jpg,train
9621.jpg,train
9622.jpg,train
9623.jpg,train
9624.jpg,train
9625.jpg,train
9626.jpg,train
9627.jpg,train
9628.jpg,train
9629.jpg,train
963.jpg,train
9630.jpg,train
9631.jpg,train
9632.jpg,train
9634.jpg,train
9635.jpg,train
9636.jpg,train
9637.jpg,train
9638.jpg,val
9639.jpg,train
964.jpg,train
9640.jpg,train
9642.jpg,train
9643.jpg,train
9644.jpg,train
9645.jpg,train
9646.jpg,train
9647.jpg,train
9648.jpg,val
9649.jpg,val
9650.jpg,train
9651.jpg,train
9652.jpg,train
9653.jpg,train
9654.jpg,train
9655.jpg,train
9656.jpg,val
9657.jpg,train
9658.jpg,train
9659.jpg,train
966.jpg,train
9660.jpg,train
9662.jpg,train
9663.jpg,train
9664.jpg,train
9665.jpg,train
9666.jpg,train
9667.jpg,train
9668.jpg,train
9669.jpg,val
9670.jpg,train
9672.jpg,train
9674.jpg,train
9675.jpg,val
9676.jpg,train
9677.jpg,train
9678.jpg,val
9679.jpg,train
968.jpg,train
9680.jpg,train
9681.jpg,train
9682.jpg,val
9683.jpg,train
9684.jpg,train
9685.jpg,train
9687.jpg,train
9688.jpg,train
9689.jpg,train
969.jpg,train
9690.jpg,train
9691.jpg,train
9692.jpg,train
9693.jpg,train
9694.jpg,val
9696.jpg,train
9698.jpg,train
9699.jpg,train
97.jpg,train
9700.jpg,train
9701.jpg,train
9703.jpg,train
9704.jpg,train
9705.jpg,val
9706.jpg,train
9707.jpg,train
9708.jpg,train
9709.jpg,train
971.jpg,train
9710.jpg,train
9711.jpg,val
9712.jpg,train
9713.jpg,train
9714.jpg,train
9716.jpg,val
9717.jpg,train
9718.jpg,train
9719.jpg,train
972.jpg,train
9720.jpg,train
9721.jpg,train
9722.jpg,train
9723.jpg,train
9724.jpg,train
9725.jpg,train
9726.jpg,train
9727.jpg,val
9728.jpg,train
9729.jpg,train
973.jpg,val
9730.jpg,train
9732.jpg,train
9733.jpg,train
9734.jpg,train
9735.jpg,train
9737.jpg,train
9738.jpg,train
9739.jpg,train
974.jpg,train
9740.jpg,val
9741.jpg,val
9743.jpg,train
9744.jpg,train
9745.jpg,train
9746.jpg,train
9747.jpg,train
9748.jpg,train
9749.jpg,val
9750.jpg,train
9751.jpg,train
9752.jpg,train
9753.jpg,train
9754.jpg,train
9755.jpg,train
9756.jpg,train
9757.jpg,train
9759.jpg,train
976.jpg,val
9760.jpg,train
9761.jpg,train
9762.jpg,train
9763.jpg,train
9764.jpg,train
9765.jpg,train
9767.jpg,train
9769.jpg,train
977.jpg,val
9770.jpg,val
9771.jpg,val
9772.jpg,train
9773.jpg,train
9774.jpg,train
9775.jpg,train
9776.jpg,train
9777.jpg,train
9778.jpg,val
9779.jpg,train
978.jpg,train
9780.jpg,train
9781.jpg,train
9782.jpg,train
9783.jpg,train
9784.jpg,train
9785.jpg,train
9787.jpg,train
9788.jpg,train
9789.jpg,val
979.jpg,train
9790.jpg,train
9791.jpg,train
9792.jpg,train
9793.jpg,val
9794.jpg,train
9795.jpg,train
9796.jpg,train
9797.jpg,train
9798.jpg,val
9799.jpg,val
98.jpg,val
980.jpg,train
9800.jpg,train
9801.jpg,train
9802.jpg,train
9803.jpg,val
9804.jpg,train
9805.jpg,train
9806.jpg,train
9807.jpg,train
9808.jpg,val
9809.jpg,train
981.jpg,train
9810.jpg,val
9811.jpg,train
9812.jpg,train
9813.jpg,val
9814.jpg,train
9815.jpg,train
9818.jpg,train
9819.jpg,train
982.jpg,train
9820.jpg,train
9821.jpg,train
9822.jpg,train
9823.jpg,train
9824.jpg,train
9825.jpg,train
9826.jpg,train
9827.jpg,train
9828.jpg,train
9829.jpg,train
983.jpg,train
9830.jpg,train
9832.jpg,train
9833.jpg,train
9834.jpg,train
9835.jpg,val
9836.jpg,train
9837.jpg,train
9838.jpg,train
9839.jpg,train
9840.jpg,train
9841.jpg,val
9842.jpg,train
9843.jpg,train
9844.jpg,train
9846.jpg,train
9847.jpg,train
9848.jpg,train
9849.jpg,val
985.jpg,val
9850.jpg,train
9851.jpg,train
9852.jpg,train
9853.jpg,train
9854.jpg,train
9855.jpg,train
9856.jpg,train
9857.jpg,train
9858.jpg,train
9859.jpg,train
986.jpg,train
9862.jpg,train
9863.jpg,train
9864.jpg,train
9865.jpg,train
9866.jpg,train
9867.jpg,train
9868.jpg,train
987.jpg,train
9870.jpg,train
9872.jpg,train
9873.jpg,train
9874.jpg,train
9876.jpg,train
9877.jpg,train
9878.jpg,train
988.jpg,train
9880.jpg,val
9881.jpg,train
9882.jpg,train
9883.jpg,train
9884.jpg,train
9885.jpg,train
9886.jpg,train
9888.jpg,val
9889.jpg,train
989.jpg,train
9890.jpg,train
9891.jpg,train
9892.jpg,train
9893.jpg,val
9894.jpg,train
9895.jpg,train
9896.jpg,train
9897.jpg,train
9898.jpg,val
9899.jpg,train
99.jpg,train
990.jpg,train
9901.jpg,train
9903.jpg,train
9904.jpg,train
9905.jpg,train
9906.jpg,train
9907.jpg,train
9908.jpg,train
991.jpg,val
9910.jpg,train
9911.jpg,train
9912.jpg,val
9913.jpg,val
9914.jpg,train
9915.jpg,train
9917.jpg,val
9918.jpg,train
9919.jpg,train
992.jpg,train
9920.jpg,train
9921.jpg,train
9922.jpg,train
9923.jpg,val
9924.jpg,val
9925.jpg,train
9926.jpg,train
9927.jpg,train
9928.jpg,train
993.jpg,train
9930.jpg,train
9931.jpg,train
9932.jpg,train
9933.jpg,train
9935.jpg,train
9936.jpg,train
9937.jpg,train
9938.jpg,val
9939.jpg,train
994.jpg,train
9940.jpg,train
9941.jpg,train
9943.jpg,train
9944.jpg,train
9945.jpg,train
9946.jpg,train
9947.jpg,train
9948.jpg,train
9949.jpg,train
995.jpg,train
9952.jpg,train
9953.jpg,train
9954.jpg,train
9955.jpg,val
9956.jpg,train
9957.jpg,train
9958.jpg,train
9959.jpg,train
996.jpg,train
9960.jpg,train
9961.jpg,train
9962.jpg,train
9964.jpg,val
9965.jpg,train
9966.jpg,train
9967.jpg,train
9968.jpg,train
997.jpg,train
9971.jpg,train
9972.jpg,train
9973.jpg,train
9974.jpg,train
9977.jpg,train
9978.jpg,train
9979.jpg,train
998.jpg,train
9980.jpg,train
9981.jpg,val
9982.jpg,train
9984.jpg,train
9985.jpg,train
9987.jpg,train
9988.jpg,train
9989.jpg,val
999.jpg,train
9990.jpg,val
9991.jpg,train
9992.jpg,train
9993.jpg,train
9994.jpg,train
9995.jpg,train
9996.jpg,train
9997.jpg,val
9998.jpg,train
15000.jpg,train
15001.jpg,val
15002.jpg,train
15003.jpg,train
15004.jpg,train
15005.jpg,train
15006.jpg,train
15236.jpg,test
15805.jpg,test
16254.jpg,test
16191.jpg,test
15952.jpg,test
15662.jpg,test
15828.jpg,test
15905.jpg,test
15971.jpg,test
16197.jpg,test
15916.jpg,test
16130.jpg,test
15742.jpg,test
15502.jpg,test
15037.jpg,test
15592.jpg,test
15540.jpg,test
16323.jpg,test
15136.jpg,test
16298.jpg,test
15846.jpg,test
16203.jpg,test
15560.jpg,test
16056.jpg,test
15038.jpg,test
15676.jpg,test
15457.jpg,test
15692.jpg,test
16334.jpg,test
17077.jpg,test
15491.jpg,test
15795.jpg,test
16232.jpg,test
16242.jpg,test
16245.jpg,test
15301.jpg,test
15917.jpg,test
16327.jpg,test
15115.jpg,test
15277.jpg,test
16304.jpg,test
15034.jpg,test
15148.jpg,test
16165.jpg,test
15005.jpg,test
15758.jpg,test
15095.jpg,test
15521.jpg,test
15888.jpg,test
15731.jpg,test
15727.jpg,test
15337.jpg,test
15839.jpg,test
15027.jpg,test
15542.jpg,test
15400.jpg,test
15996.jpg,test
16143.jpg,test
15679.jpg,test
15947.jpg,test
16055.jpg,test
16110.jpg,test
15506.jpg,test
15332.jpg,test
15144.jpg,test
16187.jpg,test
15684.jpg,test
17018.jpg,test
15663.jpg,test
15496.jpg,test
17047.jpg,test
15512.jpg,test
15438.jpg,test
15460.jpg,test
16239.jpg,test
15232.jpg,test
15863.jpg,test
15781.jpg,test
15743.jpg,test
15765.jpg,test
15294.jpg,test
15504.jpg,test
15565.jpg,test
15094.jpg,test
15955.jpg,test
15929.jpg,test
15487.jpg,test
15659.jpg,test
16178.jpg,test
15358.jpg,test
17074.jpg,test
15732.jpg,test
15458.jpg,test
16115.jpg,test
15031.jpg,test
16155.jpg,test
16075.jpg,test
17076.jpg,test
16004.jpg,test
15899.jpg,test
15235.jpg,test
17054.jpg,test
15451.jpg,test
15214.jpg,test
15815.jpg,test
15647.jpg,test
16124.jpg,test
15051.jpg,test
16121.jpg,test
16127.jpg,test
15182.jpg,test
15281.jpg,test
16176.jpg,test
15851.jpg,test
16270.jpg,test
15100.jpg,test
16210.jpg,test
15999.jpg,test
16010.jpg,test
15977.jpg,test
16235.jpg,test
15354.jpg,test
15615.jpg,test
15509.jpg,test
16036.jpg,test
16218.jpg,test
15169.jpg,test
16067.jpg,test
15523.jpg,test
15193.jpg,test
15938.jpg,test
15022.jpg,test
15667.jpg,test
16310.jpg,test
15568.jpg,test
15609.jpg,test
15811.jpg,test
16285.jpg,test
15435.jpg,test
16014.jpg,test
15276.jpg,test
16269.jpg,test
15456.jpg,test
15668.jpg,test
16273.jpg,test
15964.jpg,test
15607.jpg,test
16306.jpg,test
15725.jpg,test
15122.jpg,test
16142.jpg,test
15475.jpg,test
15437.jpg,test
15976.jpg,test
15073.jpg,test
15865.jpg,test
15011.jpg,test
15590.jpg,test
15231.jpg,test
16177.jpg,test
15960.jpg,test
15466.jpg,test
15026.jpg,test
15556.jpg,test
16099.jpg,test
15223.jpg,test
15112.jpg,test
15909.jpg,test
15190.jpg,test
16146.jpg,test
15984.jpg,test
16079.jpg,test
15994.jpg,test
16144.jpg,test
17046.jpg,test
15877.jpg,test
15821.jpg,test
15353.jpg,test
15718.jpg,test
15771.jpg,test
17037.jpg,test
15686.jpg,test
15160.jpg,test
15530.jpg,test
17041.jpg,test
15705.jpg,test
17060.jpg,test
15503.jpg,test
15911.jpg,test
15618.jpg,test
15793.jpg,test
16085.jpg,test
15801.jpg,test
15388.jpg,test
15779.jpg,test
15341.jpg,test
17073.jpg,test
15574.jpg,test
15151.jpg,test
15785.jpg,test
16114.jpg,test
16167.jpg,test
16193.jpg,test
16164.jpg,test
15035.jpg,test
16092.jpg,test
15436.jpg,test
15754.jpg,test
15701.jpg,test
17033.jpg,test
16137.jpg,test
15991.jpg,test
15211.jpg,test
16013.jpg,test
15469.jpg,test
15225.jpg,test
15113.jpg,test
17004.jpg,test
15217.jpg,test
15735.jpg,test
16001.jpg,test
15593.jpg,test
15923.jpg,test
15857.jpg,test
15954.jpg,test
15098.jpg,test
15759.jpg,test
16060.jpg,test
15816.jpg,test
15422.jpg,test
16256.jpg,test
15918.jpg,test
15111.jpg,test
15158.jpg,test
16037.jpg,test
15510.jpg,test
15208.jpg,test
15420.jpg,test
15526.jpg,test
15175.jpg,test
15092.jpg,test
17082.jpg,test
15242.jpg,test
16005.jpg,test
16136.jpg,test
16336.jpg,test
15309.jpg,test
15907.jpg,test
16066.jpg,test
15982.jpg,test
15820.jpg,test
15932.jpg,test
15494.jpg,test
16150.jpg,test
16259.jpg,test
15638.jpg,test
15637.jpg,test
15350.jpg,test
16169.jpg,test
15101.jpg,test
17011.jpg,test
16093.jpg,test
15695.jpg,test
15269.jpg,test
15245.jpg,test
15468.jpg,test
16180.jpg,test
15200.jpg,test
15697.jpg,test
15953.jpg,test
15514.jpg,test
15786.jpg,test
15187.jpg,test
15489.jpg,test
15689.jpg,test
16052.jpg,test
15700.jpg,test
15135.jpg,test
15898.jpg,test
15836.jpg,test
15091.jpg,test
15497.jpg,test
16247.jpg,test
15831.jpg,test
17069.jpg,test
15477.jpg,test
15547.jpg,test
16214.jpg,test
15340.jpg,test
15118.jpg,test
15323.jpg,test
15861.jpg,test
15830.jpg,test
15532.jpg,test
15379.jpg,test
15253.jpg,test
16216.jpg,test
15178.jpg,test
16064.jpg,test
16021.jpg,test
15711.jpg,test
15070.jpg,test
15973.jpg,test
16199.jpg,test
16268.jpg,test
15927.jpg,test
15696.jpg,test
15721.jpg,test
15021.jpg,test
16083.jpg,test
15726.jpg,test
15319.jpg,test
15220.jpg,test
15472.jpg,test
15204.jpg,test
15570.jpg,test
15513.jpg,test
15703.jpg,test
15292.jpg,test
15102.jpg,test
15508.jpg,test
16288.jpg,test
15127.jpg,test
15524.jpg,test
15630.jpg,test
15980.jpg,test
15787.jpg,test
16258.jpg,test
15074.jpg,test
16278.jpg,test
15418.jpg,test
15884.jpg,test
16003.jpg,test
15251.jpg,test
16018.jpg,test
15147.jpg,test
15033.jpg,test
15855.jpg,test
15931.jpg,test
16207.jpg,test
15537.jpg,test
15057.jpg,test
15132.jpg,test
15632.jpg,test
15520.jpg,test
15688.jpg,test
15988.jpg,test
15567.jpg,test
15998.jpg,test
15682.jpg,test
15357.jpg,test
16138.jpg,test
16106.jpg,test
15455.jpg,test
16338.jpg,test
15581.jpg,test
16104.jpg,test
15425.jpg,test
15810.jpg,test
15391.jpg,test
15482.jpg,test
16119.jpg,test
16251.jpg,test
15587.jpg,test
15244.jpg,test
15720.jpg,test
17028.jpg,test
15850.jpg,test
17029.jpg,test
15766.jpg,test
15442.jpg,test
15125.jpg,test
15312.jpg,test
15527.jpg,test
15500.jpg,test
15760.jpg,test
15479.jpg,test
15019.jpg,test
15970.jpg,test
15910.jpg,test
15360.jpg,test
16166.jpg,test
15883.jpg,test
15492.jpg,test
16231.jpg,test
15728.jpg,test
15012.jpg,test
15949.jpg,test
16265.jpg,test
15205.jpg,test
15382.jpg,test
17072.jpg,test
15413.jpg,test
15613.jpg,test
15948.jpg,test
17062.jpg,test
17051.jpg,test
15641.jpg,test
16286.jpg,test
17059.jpg,test
15481.jpg,test
15339.jpg,test
17000.jpg,test
15347.jpg,test
15085.jpg,test
15629.jpg,test
17080.jpg,test
15446.jpg,test
16080.jpg,test
15334.jpg,test
16152.jpg,test
17075.jpg,test
15824.jpg,test
15402.jpg,test
15989.jpg,test
15791.jpg,test
15465.jpg,test
16297.jpg,test
15734.jpg,test
15459.jpg,test
15749.jpg,test
15343.jpg,test
15658.jpg,test
15675.jpg,test
15653.jpg,test
15951.jpg,test
15274.jpg,test
15837.jpg,test
15674.jpg,test
15773.jpg,test
15646.jpg,test
16039.jpg,test
15498.jpg,test
15729.jpg,test
15484.jpg,test
15511.jpg,test
15001.jpg,test
16002.jpg,test
16157.jpg,test
15467.jpg,test
15105.jpg,test
15919.jpg,test
16133.jpg,test
15661.jpg,test
16271.jpg,test
16044.jpg,test
15717.jpg,test
15050.jpg,test
16179.jpg,test
15633.jpg,test
15202.jpg,test
15121.jpg,test
16035.jpg,test
15247.jpg,test
16159.jpg,test
15698.jpg,test
15143.jpg,test
16132.jpg,test
17039.jpg,test
15714.jpg,test
15213.jpg,test
15171.jpg,test
15081.jpg,test
15423.jpg,test
15776.jpg,test
15017.jpg,test
15974.jpg,test
16084.jpg,test
15089.jpg,test
15792.jpg,test
16118.jpg,test
15699.jpg,test
15866.jpg,test
15582.jpg,test
16034.jpg,test
15025.jpg,test
15631.jpg,test
15887.jpg,test
17021.jpg,test
15317.jpg,test
15913.jpg,test
15390.jpg,test
15196.jpg,test
17048.jpg,test
16308.jpg,test
15432.jpg,test
15305.jpg,test
15324.jpg,test
15180.jpg,test
16061.jpg,test
15956.jpg,test
16329.jpg,test
15803.jpg,test
15257.jpg,test
15880.jpg,test
15133.jpg,test
15536.jpg,test
15671.jpg,test
15380.jpg,test
15088.jpg,test
15106.jpg,test
15636.jpg,test
17063.jpg,test
15972.jpg,test
15944.jpg,test
17008.jpg,test
15750.jpg,test
15189.jpg,test
15062.jpg,test
15485.jpg,test
15137.jpg,test
15723.jpg,test
15262.jpg,test
15990.jpg,test
16091.jpg,test
16284.jpg,test
16204.jpg,test
15164.jpg,test
15882.jpg,test
15780.jpg,test
15288.jpg,test
16043.jpg,test
15024.jpg,test
15774.jpg,test
15616.jpg,test
16148.jpg,test
15109.jpg,test
15995.jpg,test
16062.jpg,test
15704.jpg,test
15595.jpg,test
16045.jpg,test
15626.jpg,test
16196.jpg,test
15901.jpg,test
17044.jpg,test
15985.jpg,test
15207.jpg,test
15849.jpg,test
17052.jpg,test
15450.jpg,test
15177.jpg,test
16087.jpg,test
15808.jpg,test
15580.jpg,test
16096.jpg,test
15184.jpg,test
15804.jpg,test
17005.jpg,test
15403.jpg,test
15746.jpg,test
16040.jpg,test
16320.jpg,test
15841.jpg,test
15620.jpg,test
15254.jpg,test
15488.jpg,test
15414.jpg,test
15552.jpg,test
16241.jpg,test
15622.jpg,test
17067.jpg,test
15209.jpg,test
15016.jpg,test
16184.jpg,test
15722.jpg,test
15541.jpg,test
16081.jpg,test
16089.jpg,test
15858.jpg,test
15908.jpg,test
16226.jpg,test
15470.jpg,test
16328.jpg,test
16049.jpg,test
15421.jpg,test
17017.jpg,test
17012.jpg,test
15809.jpg,test
16224.jpg,test
16243.jpg,test
17071.jpg,test
15428.jpg,test
15291.jpg,test
17020.jpg,test
15802.jpg,test
16238.jpg,test
15356.jpg,test
16078.jpg,test
15096.jpg,test
16016.jpg,test
16223.jpg,test
15874.jpg,test
15712.jpg,test
15937.jpg,test
15170.jpg,test
15153.jpg,test
15832.jpg,test
16307.jpg,test
16020.jpg,test
15738.jpg,test
15599.jpg,test
16088.jpg,test
15921.jpg,test
15825.jpg,test
15201.jpg,test
17003.jpg,test
15215.jpg,test
15473.jpg,test
16074.jpg,test
15308.jpg,test
16325.jpg,test
15538.jpg,test
16228.jpg,test
15120.jpg,test
15862.jpg,test
15891.jpg,test
16332.jpg,test
15318.jpg,test
16211.jpg,test
15078.jpg,test
16219.jpg,test
16111.jpg,test
15014.jpg,test
15408.jpg,test
17027.jpg,test
15240.jpg,test
15056.jpg,test
16309.jpg,test
15958.jpg,test
15867.jpg,test
15950.jpg,test
15906.jpg,test
17042.jpg,test
15330.jpg,test
15349.jpg,test
16248.jpg,test
15602.jpg,test
17022.jpg,test
17025.jpg,test
15097.jpg,test
16023.jpg,test
15823.jpg,test
16161.jpg,test
17043.jpg,test
15966.jpg,test
15412.jpg,test
15969.jpg,test
16117.jpg,test
15578.jpg,test
15300.jpg,test
15557.jpg,test
15161.jpg,test
17023.jpg,test
15222.jpg,test
15090.jpg,test
15854.jpg,test
15483.jpg,test
16131.jpg,test
15333.jpg,test
15159.jpg,test
15770.jpg,test
16076.jpg,test
16290.jpg,test
15651.jpg,test
15237.jpg,test
16113.jpg,test
15845.jpg,test
15228.jpg,test
15915.jpg,test
15008.jpg,test
16071.jpg,test
16189.jpg,test
17066.jpg,test
16299.jpg,test
15221.jpg,test
15351.jpg,test
15967.jpg,test
15103.jpg,test
17016.jpg,test
16094.jpg,test
15579.jpg,test
15873.jpg,test
17079.jpg,test
15558.jpg,test
15745.jpg,test
15020.jpg,test
16339.jpg,test
15890.jpg,test
16303.jpg,test
16240.jpg,test
15539.jpg,test
17007.jpg,test
17030.jpg,test
15642.jpg,test
15685.jpg,test
16181.jpg,test
16324.jpg,test
16109.jpg,test
15768.jpg,test
15614.jpg,test
15897.jpg,test
15157.jpg,test
16058.jpg,test
15713.jpg,test
15606.jpg,test
15652.jpg,test
16261.jpg,test
15241.jpg,test
15195.jpg,test
16038.jpg,test
15419.jpg,test
16237.jpg,test
15612.jpg,test
15840.jpg,test
16046.jpg,test
15525.jpg,test
15627.jpg,test
16053.jpg,test
16222.jpg,test
15230.jpg,test
16108.jpg,test
15946.jpg,test
16017.jpg,test
15566.jpg,test
15104.jpg,test
15664.jpg,test
15216.jpg,test
15142.jpg,test
15755.jpg,test
15598.jpg,test
15670.jpg,test
15941.jpg,test
17081.jpg,test
15987.jpg,test
16233.jpg,test
15678.jpg,test
15737.jpg,test
16170.jpg,test
17070.jpg,test
16145.jpg,test
15569.jpg,test
15649.jpg,test
15004.jpg,test
17055.jpg,test
15756.jpg,test
15126.jpg,test
15212.jpg,test
15800.jpg,test
15055.jpg,test
16129.jpg,test
16026.jpg,test
15058.jpg,test
15548.jpg,test
15361.jpg,test
16069.jpg,test
15452.jpg,test
15783.jpg,test
15047.jpg,test
15833.jpg,test
15130.jpg,test
15763.jpg,test
15879.jpg,test
15752.jpg,test
15476.jpg,test
15409.jpg,test
15965.jpg,test
15772.jpg,test
15655.jpg,test
15847.jpg,test
15499.jpg,test
15303.jpg,test
16212.jpg,test
15619.jpg,test
15444.jpg,test
15784.jpg,test
15748.jpg,test
15588.jpg,test
16220.jpg,test
15962.jpg,test
16029.jpg,test
15328.jpg,test
17068.jpg,test
15355.jpg,test
15280.jpg,test
15448.jpg,test
16335.jpg,test
15561.jpg,test
15065.jpg,test
15838.jpg,test
15304.jpg,test
15150.jpg,test
15818.jpg,test
15210.jpg,test
17024.jpg,test
16250.jpg,test
15041.jpg,test
16128.jpg,test
15255.jpg,test
16314.jpg,test
16317.jpg,test
16283.jpg,test
15206.jpg,test
15669.jpg,test
15348.jpg,test
15656.jpg,test
15454.jpg,test
15789.jpg,test
15493.jpg,test
15892.jpg,test
15167.jpg,test
15289.jpg,test
15835.jpg,test
15009.jpg,test
15829.jpg,test
16090.jpg,test
17032.jpg,test
16275.jpg,test
17013.jpg,test
15036.jpg,test
15155.jpg,test
15045.jpg,test
15522.jpg,test
16289.jpg,test
15648.jpg,test
15067.jpg,test
15860.jpg,test
15747.jpg,test
15924.jpg,test
17026.jpg,test
16073.jpg,test
15138.jpg,test
15925.jpg,test
15621.jpg,test
15293.jpg,test
15813.jpg,test
15433.jpg,test
16255.jpg,test
15048.jpg,test
15233.jpg,test
16188.jpg,test
15515.jpg,test
15198.jpg,test
15145.jpg,test
15852.jpg,test
15311.jpg,test
15930.jpg,test
15677.jpg,test
15650.jpg,test
15683.jpg,test
15875.jpg,test
15904.jpg,test
15926.jpg,test
15691.jpg,test
15002.jpg,test
15219.jpg,test
16305.jpg,test
16198.jpg,test
15981.jpg,test
15645.jpg,test
15869.jpg,test
16156.jpg,test
15546.jpg,test
15528.jpg,test
15018.jpg,test
15843.jpg,test
16098.jpg,test
15777.jpg,test
15093.jpg,test
15068.jpg,test
15424.jpg,test
17078.jpg,test
16050.jpg,test
15006.jpg,test
15449.jpg,test
15959.jpg,test
16033.jpg,test
16105.jpg,test
15551.jpg,test
15707.jpg,test
15928.jpg,test
16175.jpg,test
15110.jpg,test
15986.jpg,test
15129.jpg,test
15259.jpg,test
16063.jpg,test
16208.jpg,test
15335.jpg,test
15790.jpg,test
15044.jpg,test
17031.jpg,test
15719.jpg,test
15162.jpg,test
15490.jpg,test
15346.jpg,test
16095.jpg,test
15285.jpg,test
16103.jpg,test
17050.jpg,test
15782.jpg,test
16134.jpg,test
15864.jpg,test
17058.jpg,test
16153.jpg,test
15544.jpg,test
16101.jpg,test
16012.jpg,test
15146.jpg,test
15767.jpg,test
16162.jpg,test
15624.jpg,test
15753.jpg,test
16120.jpg,test
15902.jpg,test
16282.jpg,test
15693.jpg,test
16183.jpg,test
17006.jpg,test
15321.jpg,test
16173.jpg,test
15266.jpg,test
15429.jpg,test
15083.jpg,test
15680.jpg,test
15963.jpg,test
16015.jpg,test
15545.jpg,test
15043.jpg,test
15920.jpg,test
17064.jpg,test
15559.jpg,test
17049.jpg,test
15922.jpg,test
16186.jpg,test
16054.jpg,test
15461.jpg,test
15584.jpg,test
15589.jpg,test
15694.jpg,test
15072.jpg,test
15238.jpg,test
15573.jpg,test
15844.jpg,test
16300.jpg,test
16277.jpg,test
17034.jpg,test
15010.jpg,test
15635.jpg,test
15900.jpg,test
15933.jpg,test
15576.jpg,test
15878.jpg,test
16209.jpg,test
16276.jpg,test
15889.jpg,test
15397.jpg,test
16192.jpg,test
17036.jpg,test
15644.jpg,test
15431.jpg,test
16315.jpg,test
16185.jpg,test
16112.jpg,test
15896.jpg,test
17056.jpg,test
16147.jpg,test
15601.jpg,test
15903.jpg,test
15352.jpg,test
15628.jpg,test
15600.jpg,test
16294.jpg,test
15585.jpg,test
15123.jpg,test
15893.jpg,test
15342.jpg,test
15203.jpg,test
17015.jpg,test
15553.jpg,test
15227.jpg,test
15660.jpg,test
16337.jpg,test
17002.jpg,test
15881.jpg,test
17038.jpg,test
15975.jpg,test
15575.jpg,test
15716.jpg,test
15270.jpg,test
16195.jpg,test
16312.jpg,test
15174.jpg,test
15603.jpg,test
16126.jpg,test
15591.jpg,test
15049.jpg,test
15363.jpg,test
15199.jpg,test
15853.jpg,test
